master_record_number,agency,agency_tracking_number,county,city,collision_date,vehicles_involved,number_injured,number_dead,latitude,longitude,roadway_name,roadway_suffix,roadway_number,roadway_local_id,distance_from_reference,miles-feet_indicator,direction_from_reference,intersection_road_name,intersection_road_name_suffix,intersection_road_number,intersection_local_id,mile_marker,intersection_indicator,intersect_type,interchange_related_indicator,relation_to_junction,work_zone_type,construction_maintenance_zone,construction_maintenance_zone_location,fatal_case_number,officer_first_name,officer_last_name,weather_condition(s),manner_of_crash,pedestrian,bicycle,scooter,parking,hitrun,mou
102799307,METROPOLITAN NASHVILLE POLICE DEPT,20200628069,Davidson,Nashville,10/2/2020 5:50:00 PM,3,1,0,36.035200,-86.675990,W OAK HIGHLAND DR,,,,0.00,,,BLUE HOLE RD,,,,0.00,Y,Four-Way,Y,Intersection,None,,,         ,Garrett,Latham,Clear,Angle,no,no,no,no,no,False
102799319,METROPOLITAN NASHVILLE POLICE DEPT,20200628238,Davidson,Nashville,10/2/2020 7:34:00 PM,2,0,0,36.255070,-86.715340,MADISON SQ,,,,37.00,Feet,West,MADISON BLVD,,,,0.00,N,Not at Intersection, ,,None,,,         ,Jarret,Sonnenberg,,,no,no,no,no,no,False
102799320,METROPOLITAN NASHVILLE POLICE DEPT,20200628133,Davidson,Nashville,10/2/2020 6:15:00 PM,2,0,0,36.039870,-86.741510,OLD HICKORY BLVD,,,,583.00,Feet,East,EDMONDSON PKE,,,,0.00,N,Not at Intersection, ,OtherLocation,None,,,         ,Darci,Stechman,,Angle,no,no,no,no,no,False
102799322,METROPOLITAN NASHVILLE POLICE DEPT,20200628144,Davidson,Nashville,10/2/2020 6:35:00 PM,2,0,0,36.143500,-86.794410,EDGEHILL AV,,,,0.00,,,17TH AVS,,,,0.00,Y,Four-Way,N,Intersection,None,,,         ,Jacob,Robbins,,Angle,no,no,no,no,no,Campus
102799324,THP District 3 - Nashville,320056084,Davidson,Nashville,10/1/2020 5:58:00 PM,2,0,0,36.141650,-86.713740,I 40,,,,0.00,,,,,,,214.00,N,Not at Intersection,N,Non-Junction,None,,,         ,Alexander,Campbell,Clear,Front to Rear,no,no,no,no,yes,False
102799345,METROPOLITAN NASHVILLE POLICE DEPT,20200627785,Davidson,Nashville,10/2/2020 11:30:00 AM,1,0,0,36.070860,-86.723030,NOLENSVILLE PKE,,,,256.00,Feet,South,BASS AV,,,,0.00,N,Not at Intersection,N,Non-Junction,None,,,         ,Savannah,Starbuck,,Not Collision with Motor Vehicle in Transport,no,no,no,yes,yes,False
102799351,METROPOLITAN NASHVILLE POLICE DEPT,20200628192,Davidson,Antioch,10/2/2020 7:20:00 PM,3,1,0,36.058560,-86.597730,HAMILTON CHURCH RD,,,,0.00,,,STATE HWY 171,,,,0.00,Y,Four-Way,Y,Intersection-Related,None,,,         ,Garrett,Latham,Clear,Front to Rear,no,no,no,no,yes,False
102799361,METROPOLITAN NASHVILLE POLICE DEPT,20200628224,Davidson,Nashville,10/2/2020 7:44:00 PM,2,1,0,36.200320,-86.618600,LEBANON PKE,,,,0.00,,,HERMITAGE RD,,,,0.00,Y,Four-Way,N,Intersection-Related,None,,,         ,Destiny,Zunic,,Front to Rear,no,no,no,no,no,False
102799380,METROPOLITAN NASHVILLE POLICE DEPT,20200628195,Davidson,Nashville,10/2/2020 7:23:00 PM,1,1,0,36.162570,-86.820180,I 40,,,,0.00,,,,,,,206.30,N,Not at Intersection,N,Non-Junction,None,,,         ,Brandon,Chapman,,Not Collision with Motor Vehicle in Transport,no,no,no,no,no,False
102799405,METROPOLITAN NASHVILLE POLICE DEPT,20200628199,Davidson,Nashville,10/2/2020 7:26:00 PM,1,0,0,36.185010,-86.747840,GALLATIN AV,,,,119.00,Feet,North,CHICAMAUGA AV,,,,0.00,N,Not at Intersection, ,Non-Junction,None,,,         ,Tyler,Heckaman,,Not Collision with Motor Vehicle in Transport,no,no,no,no,no,False
102799419,METROPOLITAN NASHVILLE POLICE DEPT,20200628246,Davidson,Nashville,10/2/2020 8:02:00 PM,2,0,0,36.077690,-86.758800,TROUSDALE DR,,,,55.00,Feet,South,BRIARWOOD DR,,,,0.00,N,Not at Intersection,N,Non-Junction,None,,,         ,Zachary,Smith,,Angle,no,no,no,no,no,False
102799420,METROPOLITAN NASHVILLE POLICE DEPT,20200628242,Davidson,Nashville,10/2/2020 7:43:00 PM,1,0,0,36.149920,-86.873960,WESTBORO DR,,,,82.00,Feet,North,PATTON AV,,,,0.00,N,Not at Intersection,N,Non-Junction,None,,,         ,Lawrence,Whited,Clear,Not Collision with Motor Vehicle in Transport,no,no,no,yes,yes,False
102799421,METROPOLITAN NASHVILLE POLICE DEPT,20200628345,Davidson,Nashville,10/2/2020 8:29:00 PM,2,0,0,36.145240,-86.666750,DONELSON PKE,,,,4.00,Feet,North,SHACKLETT DR,,,,0.00,N,Not at Intersection, ,Non-Junction,None,,,         ,Peter,Kinsey,Clear,Angle,no,no,no,no,yes,False
102799435,METROPOLITAN NASHVILLE POLICE DEPT,20200628330,Davidson,Nashville,10/2/2020 6:17:00 PM,2,0,0,36.239810,-86.631350,OLD HICKORY BLVD,,,,0.00,,,ANTHONY ST,,,,0.00,Y,T-Intersection,N,Non-Junction,None,,,         ,Cameron,Schmid,,Angle,no,no,no,no,no,False
102799445,METROPOLITAN NASHVILLE POLICE DEPT,20200628099,Davidson,Nashville,10/2/2020 12:00:00 AM,2,1,0,36.238120,-86.629180,OLD HICKORY BLVD,,,,343.00,Feet,East,LAKESHORE DR,,,,0.00,N,Not at Intersection,N,Non-Junction,None,,,         ,McKenzie,Harper,,HeadOn,no,no,no,no,no,False
102799530,METROPOLITAN NASHVILLE POLICE DEPT,20200628515,Davidson,Nashville,10/2/2020 11:32:00 PM,1,0,0,36.150910,-86.863570,I 40,,,,0.00,,,,,,,203.60,N,Not at Intersection,N,Non-Junction,None,,,         ,Nathan,Glass,Clear,Not Collision with Motor Vehicle in Transport,no,no,no,no,yes,False
102799548,METROPOLITAN NASHVILLE POLICE DEPT,20200628612,Davidson,Nashville,10/2/2020 11:40:00 PM,2,0,0,36.053700,-86.678980,BENZING RD,,,,503.00,Feet,South,TUSCULUM RD,,,,0.00,N,Not at Intersection,N,Non-Junction,None,,,         ,Jose,Oliveros,Clear,Unknown,no,no,no,no,yes,False
102799550,METROPOLITAN NASHVILLE POLICE DEPT,20200628523,Davidson,Nashville,10/2/2020 11:36:00 PM,2,1,0,36.169470,-86.806620,DR D B TODD JR BLVD,,,,0.00,,,JEFFERSON ST,,,,0.00,Y,Four-Way,N,Intersection-Related,None,,,         ,Cameron,VanLierop,Clear,Front to Rear,no,no,no,no,yes,False
102799565,METROPOLITAN NASHVILLE POLICE DEPT,20200628532,Davidson,Nashville,10/2/2020 11:48:00 PM,2,1,0,36.180570,-86.762430,ELLINGTON PKWYN,,,,597.00,Feet,East,ELLINGTON PKWYS,,,,0.00,N,Not at Intersection,N,Non-Junction,None,,,         ,Joshua,Whitworth,,"Sideswipe, Same Direction",no,no,no,no,yes,False
102799569,METROPOLITAN NASHVILLE POLICE DEPT,20200628699,Davidson,Nashville,10/3/2020 12:00:00 AM,1,0,0,36.193870,-86.776490,I 65,,,,0.00,,,,,,,86.55,N,Not at Intersection,Y,Entrance/Exit Ramp Related,None,,,         ,Joseph,Gawlowski,Clear,Not Collision with Motor Vehicle in Transport,no,no,no,no,yes,False
102799596,METROPOLITAN NASHVILLE POLICE DEPT,20200628855,Davidson,Nashville,10/3/2020 1:53:00 AM,2,0,0,36.042610,-86.624730,ASHEFORD TRC,,,,4.00,Feet,East,ASHEFORD CT,,,,0.00,N,Not at Intersection,N,Non-Junction,None,,,         ,Kevin,Breeding,,Front to Rear,no,no,no,no,no,False
102799597,METROPOLITAN NASHVILLE POLICE DEPT,20200628727,Davidson,Nashville,10/3/2020 2:10:00 AM,1,1,0,36.234290,-86.776090,MOOREWOOD DR,,,,237.00,Feet,South,RICHMOND HILL DR,,,,0.00,N,Not at Intersection,N,Non-Junction,None,,,         ,Coleman,McKellar,,Not Collision with Motor Vehicle in Transport,no,no,no,no,no,False
102799598,METROPOLITAN NASHVILLE POLICE DEPT,20200628919,Davidson,Nashville,10/3/2020 5:03:00 AM,2,0,0,36.089070,-86.649990,RANSOM PL,,,,0.00,,,MURFREESBORO PKE,,,,0.00,Y,T-Intersection, ,Intersection,None,,,         ,Kaleigh,Pearce,,Angle,no,no,no,no,yes,False
102799599,METROPOLITAN NASHVILLE POLICE DEPT,20200628854,Davidson,Nashville,10/3/2020 2:01:00 AM,2,0,0,36.069310,-86.624280,OWENDALE DR,,,,308.00,Feet,North,KINWOOD DR,,,,0.00,N,Not at Intersection,N,Non-Junction,None,,,         ,Steven,Luckey,,Front to Rear,no,no,no,no,yes,False
102799600,METROPOLITAN NASHVILLE POLICE DEPT,20200628824,Davidson,Nashville,10/3/2020 3:10:00 AM,2,0,0,36.156870,-86.780840,8TH AVS,,,,0.00,Feet,,DEMONBREUN ST,,,,0.00,Y,Four-Way,Y,Intersection,None,,,         ,Amanda,Topping,Clear,Angle,no,no,no,no,no,False
102799603,METROPOLITAN NASHVILLE POLICE DEPT,20200628876,Davidson,Nashville,10/3/2020 4:24:00 AM,1,0,0,36.210600,-86.765600,DICKERSON PKE,,,,336.00,Feet,South,DONALD ST,,,,0.00,N,Not at Intersection,N,Non-Junction,None,,,         ,Theodore,Meskers,,Not Collision with Motor Vehicle in Transport,no,no,no,no,yes,False
102799628,METROPOLITAN NASHVILLE POLICE DEPT,20200628948,Davidson,Nashville,10/3/2020 5:32:00 AM,2,0,0,36.157460,-86.627830,I40 W EXT RAMP,,,,0.00,,,I 40,,,,0.00,Y,OTHER,Y,Entrance/Exit Ramp Related,None,,,         ,Bridget,Griepentrog,,Front to Rear,no,no,no,no,no,False
102799642,METROPOLITAN NASHVILLE POLICE DEPT,20200629006,Davidson,Not in City Limit,10/3/2020 6:57:00 AM,1,1,0,36.191970,-86.960610,RIVER ROAD PKE,,,,602.00,Feet,East,CUB CREEK RD,,,,0.00,N,Not at Intersection,N,Non-Junction,None,,,         ,Alexis,Pond,Fog,Not Collision with Motor Vehicle in Transport,no,no,no,yes,no,False
102799657,METROPOLITAN NASHVILLE POLICE DEPT,20200629045,Davidson,Nashville,10/3/2020 7:54:00 AM,1,0,0,36.164190,-86.591370,PORT ANADARKO TRL,,,,0.00,,,HELENA BAY CT,,,,0.00,Y,T-Intersection, ,,Construction Zone,,,         ,Shawn,Kaelin,,,no,no,no,no,no,False
102799672,METROPOLITAN NASHVILLE POLICE DEPT,20200629027,Davidson,Nashville,10/3/2020 7:20:00 AM,1,1,0,36.115500,-86.826640,WOODMONT BLVD,,,,0.00,Feet,,BOWLING AV,,,,0.00,Y,T-Intersection,N,Intersection,None,,,         ,Gerry,Hutcheson,Clear,Not Collision with Motor Vehicle in Transport,no,no,no,no,no,False
102799719,METROPOLITAN NASHVILLE POLICE DEPT,20200629212,Davidson,Nashville,10/3/2020 10:08:00 AM,2,0,0,36.040270,-86.816410,OLD HICKORY BLVD,,,,3.00,Feet,West,GRANNY WHITE PKE,,,,0.00,N,Not at Intersection, ,Non-Junction,None,,,         ,Gregory,Scott,,Front to Rear,no,no,no,no,no,False
102799727,METROPOLITAN NASHVILLE POLICE DEPT,20200629225,Davidson,Nashville,10/3/2020 10:05:00 AM,2,0,0,36.171250,-86.803170,I 40,,,,0.00,,,,,,,207.70,N,Not at Intersection, ,Non-Junction,None,,,         ,Keith,Parlato,Clear,"Sideswipe, Same Direction",no,no,no,no,no,False
102799732,METROPOLITAN NASHVILLE POLICE DEPT,20200629252,Davidson,Nashville,10/3/2020 10:51:00 AM,2,0,0,36.070870,-86.635080,MURFREESBORO PKE,,,,487.00,Feet,South,BELL RD,,,,0.00,N,Not at Intersection,N,Non-Junction,None,,,         ,Lee,Davis,,Angle,no,no,no,no,no,False
102799738,METROPOLITAN NASHVILLE POLICE DEPT,20200629280,Davidson,Nashville,10/3/2020 10:38:00 AM,2,0,0,36.159940,-86.776470,4TH AVE S,,,,0.00,,,SYMPHONY PL,,,,0.00,Y,OTHER, ,Non-Junction,None,,,         ,Marvin,Williams,,Angle,no,no,no,no,no,False
102799753,METROPOLITAN NASHVILLE POLICE DEPT,20200629260,Davidson,Nashville,10/3/2020 11:05:00 AM,2,0,0,36.110280,-86.738090,THOMPSON LN,,,,66.00,Feet,East,ST EDWARDS DR,,,,0.00,N,Not at Intersection,N,Non-Junction,None,,,         ,James,Thomas,,Front to Rear,no,no,no,no,no,False
102799771,METROPOLITAN NASHVILLE POLICE DEPT,20200629371,Davidson,Nashville,10/3/2020 11:56:00 AM,2,0,0,36.247290,-86.773960,VILLAGE TRL,,,,107.00,Feet,West,STANDING STONE DR,,,,0.00,N,Not at Intersection, ,Non-Junction,None,,,         ,Michael,McCord,Clear,Front to Rear,no,no,no,no,no,False
102799780,METROPOLITAN NASHVILLE POLICE DEPT,20200629363,Davidson,Nashville,10/3/2020 11:55:00 AM,2,0,0,36.198440,-86.620270,LEBANON PKE,,,,0.00,,,OLD HICKORY BLVD,,,,0.00,Y,Four-Way, ,Intersection,None,,,         ,Rex,Engelbert,Clear,Front to Rear,no,no,no,no,no,False
102799786,METROPOLITAN NASHVILLE POLICE DEPT,20200629322,Davidson,Nashville,10/3/2020 11:47:00 AM,1,1,0,36.180220,-86.774110,DICKERSON PKE ENT RAMP,,,,0.00,Feet,East,I 24,,,,0.00,N,Not at Intersection,N,Non-Junction,None,,,         ,Austin,Bowles,,Not Collision with Motor Vehicle in Transport,no,no,no,no,no,False
102799787,METROPOLITAN NASHVILLE POLICE DEPT,20200629288,Davidson,Nashville,10/3/2020 11:14:00 AM,2,0,0,36.191870,-86.780390,I 65,,,,0.00,,,,,,,86.30,N,Not at Intersection, ,,None,,,         ,Shedie,Herbert III,,,no,no,no,no,no,False
102799799,METROPOLITAN NASHVILLE POLICE DEPT,20200629403,Davidson,Nashville,10/3/2020 12:55:00 PM,2,1,0,36.095120,-86.654130,MURFREESBORO PKE,,,,0.00,Feet,,MURFREESBORO PKE RAMP,,,,0.00,Y,T-Intersection,Y,Intersection-Related,None,,,         ,Cory,Stratton,,Angle,no,no,no,no,no,False
102799805,VANDERBILT UNIVERSITY POLICE,20200627298,Davidson,Nashville,10/2/2020 9:45:00 AM,2,0,0,36.140850,-86.801490,21 ST AV S,AVE,US431,US HWY 431,0.00,,,21ST AV S,AVE,USHWY432,US HWY 432,0.00,Y,T-Intersection, ,Non-Junction,None,,,         ,Yasemine,Lomax,,"Sideswipe, Same Direction",no,no,no,no,no,Campus
102799806,METROPOLITAN NASHVILLE POLICE DEPT,20200629367,Davidson,Nashville,10/3/2020 12:19:00 PM,2,0,0,36.191850,-86.779900,I 65,,,,0.00,,,,,,,86.30,N,Not at Intersection, ,,None,,,         ,Miles,Posey,,,no,no,no,no,no,False
102799810,METROPOLITAN NASHVILLE POLICE DEPT,20200629425,Davidson,Nashville,10/3/2020 1:20:00 PM,2,0,0,36.128990,-86.795230,BELMONT BLVD,,,,0.00,,,BLAIR BLVD,,,,0.00,Y,T-Intersection, ,,Construction Zone,,,         ,Jackson,Smythe,,,no,no,no,no,no,False
102799818,GOODLETTSVILLE POLICE DEPT,20-29364,Davidson,Goodlettsville,10/3/2020 1:00:00 PM,2,0,0,36.323160,-86.701210,CONFERENCE DR,,,,135.00,Feet,South,NORTHGATE CIR,,,,0.00,N,Not at Intersection, ,Non-Junction,None,,,         ,William,Hunter,Clear,"Sideswipe, Same Direction",no,no,no,no,no,False
102799820,METROPOLITAN NASHVILLE POLICE DEPT,20200629406,Davidson,Nashville,10/3/2020 1:01:00 PM,2,1,0,36.183830,-86.693130,BRILEY PKWYN,,,,575.00,Feet,North,BRILEY PKWYS,,,,0.00,N,Not at Intersection,N,Non-Junction,None,,,         ,Mark,Sydenstricker,Clear,Rear to Side,no,no,no,no,no,False
102799842,METROPOLITAN NASHVILLE POLICE DEPT,20200629479,Davidson,Nashville,10/3/2020 2:26:00 PM,1,1,0,36.083960,-86.705810,LINBAR DR,,,,77.00,Feet,South,HARDING PL,,,,0.00,N,Not at Intersection,N,Non-Junction,None,,,         ,Michael,Moss,,Not Collision with Motor Vehicle in Transport,yes,no,no,no,yes,False
102799856,METROPOLITAN NASHVILLE POLICE DEPT,20200629432,Davidson,Not in City Limit,10/3/2020 1:31:00 PM,1,1,0,36.305740,-86.816120,I 24,,,,0.00,,,,,,,38.35,N,Not at Intersection,N,Non-Junction,None,,,         ,Royce,McLester,,Not Collision with Motor Vehicle in Transport,no,no,no,no,no,False
102799864,METROPOLITAN NASHVILLE POLICE DEPT,20200629453,Davidson,Nashville,10/3/2020 1:49:00 PM,2,0,0,36.228600,-86.759410,DICKERSON PKE,,,,286.00,Feet,South,BROADMOOR DR,,,,0.00,N,Not at Intersection, ,Non-Junction,None,,,         ,Brandon,Evans,,Angle,no,no,no,no,no,False
102799866,METROPOLITAN NASHVILLE POLICE DEPT,20200629394,Davidson,Nashville,10/3/2020 12:50:00 PM,1,4,0,36.242670,-86.821290,WHITES CREEK PKE,,,,107.00,Feet,South,PARMLEY LN,,,,0.00,N,Not at Intersection,N,Non-Junction,None,,,         ,Justen,Ogle,Clear,Not Collision with Motor Vehicle in Transport,no,no,no,no,no,False
102799872,METROPOLITAN NASHVILLE POLICE DEPT,20200629445,Davidson,Nashville,10/3/2020 1:45:00 PM,2,2,0,36.159770,-86.643230,STEWARTS FERRY PKE,,,,47.00,Feet,East,HICKORY HILL CT,,,,0.00,N,Not at Intersection,N,Non-Junction,None,,,         ,Daniel,Fuentes,,HeadOn,no,no,no,no,no,False
102799874,METROPOLITAN NASHVILLE POLICE DEPT,20200629540,Davidson,Nashville,10/3/2020 3:16:00 PM,2,0,0,36.103180,-86.714580,I 24,,,,0.00,,,,,,,54.30,N,Not at Intersection, ,,None,,,         ,Thomas,Parsons,,,no,no,no,no,no,False
102799876,METROPOLITAN NASHVILLE POLICE DEPT,20200629517,Davidson,Nashville,10/3/2020 2:59:00 PM,2,0,0,36.068560,-86.714640,HAYWOOD LN,,,,491.00,Feet,East,HOPEDALE DR,,,,0.00,N,Not at Intersection,N,Non-Junction,None,,,         ,Tyler,Geiger,,Unknown,no,no,no,no,yes,False
102799882,METROPOLITAN NASHVILLE POLICE DEPT,20200629471,Davidson,Not in City Limit,10/3/2020 2:15:00 PM,3,1,0,36.312400,-86.830090,I 24,,,,0.00,,,,,,,37.45,N,Not at Intersection,N,Non-Junction,None,,,         ,Jordan,Shaffer,Clear,Front to Rear,no,no,no,no,no,False
102799894,METROPOLITAN NASHVILLE POLICE DEPT,20200629536,Davidson,Nashville,10/3/2020 2:56:00 PM,2,0,0,36.152240,-86.625070,BLACKWOOD DR,,,,0.00,,,STEWARTS FERRY PKE,,,,0.00,Y,Four-Way,N,Intersection,None,,,         ,Steven,Powers,,Front to Rear,no,no,no,no,yes,False
102799895,GOODLETTSVILLE POLICE DEPT,20-29379,Davidson,Goodlettsville,10/3/2020 3:15:00 PM,2,1,0,36.323520,-86.701080,NORTHGATE CIR,,,,0.00,,,CONFERENCE DR,,,,0.00,Y,Four-Way,Y,Intersection,None,,,         ,Jeffery,Hunter,Clear,Angle,no,no,no,no,no,False
102799896,METROPOLITAN NASHVILLE POLICE DEPT,20200629561,Davidson,Nashville,10/3/2020 3:24:00 PM,2,0,0,36.045630,-86.658510,STATE HWY 254,,,,0.00,Feet,,I 24,,,,0.00,Y,Four-Way,N,Intersection-Related,None,,,         ,Garrett,Latham,Clear,Front to Rear,no,no,no,no,no,False
102799932,METROPOLITAN NASHVILLE POLICE DEPT,20200629643,Davidson,Nashville,10/3/2020 4:00:00 PM,2,0,0,36.068060,-86.669050,RICHARDS RD,,,,0.00,,,DOWDY DR,,,,0.00,Y,T-Intersection,N,Intersection,None,,,         ,Tyler,Geiger,,HeadOn,no,no,no,no,yes,False
102799936,METROPOLITAN NASHVILLE POLICE DEPT,20200629655,Davidson,Nashville,10/3/2020 3:35:00 PM,2,0,0,36.205320,-86.776600,I 65,,,,0.00,,,,,,,87.25,N,Not at Intersection,N,Non-Junction,None,,,         ,Mary,Hall,,"Sideswipe, Same Direction",no,no,no,no,yes,False
102799945,METROPOLITAN NASHVILLE POLICE DEPT,20200629588,Davidson,Nashville,10/3/2020 2:18:00 PM,2,0,0,36.037470,-86.790980,OLD HICKORY BLVD,,,,0.00,,,S HILLVIEW DR,,,,0.00,Y,Four-Way, ,,None,,,         ,Nicholas,Carroll,,,no,no,no,no,no,False
102799959,METROPOLITAN NASHVILLE POLICE DEPT,20200629500,Davidson,Nashville,10/3/2020 12:00:00 AM,2,0,0,36.065560,-86.680110,ANTIOCH PKE,,,,0.00,,,REEVES RD,,,,0.00,Y,T-Intersection,N,Intersection,None,,,         ,Megan,Arnett,,Front to Rear,no,no,no,no,no,False
102799960,METROPOLITAN NASHVILLE POLICE DEPT,20200629642,Davidson,Nashville,10/3/2020 12:00:00 AM,1,0,0,36.072270,-86.693400,EZELL RD,,,,237.00,Feet,North,SYFERT LN,,,,0.00,N,Not at Intersection,N,Non-Junction,None,,,         ,Megan,Arnett,,Not Collision with Motor Vehicle in Transport,no,no,no,no,yes,False
102799961,METROPOLITAN NASHVILLE POLICE DEPT,20200629677,Davidson,Nashville,10/3/2020 4:43:00 PM,2,0,0,36.087420,-86.692190,STATE HWY 255,,,,0.00,,,ANTIOCH PIKE,,,,0.00,Y,Four-Way, ,Intersection-Related,None,,,         ,Garrett,Latham,Clear,Angle,no,no,no,no,no,False
102799982,METROPOLITAN NASHVILLE POLICE DEPT,2020-0628332,Davidson,Nashville,10/2/2020 8:45:00 PM,2,0,0,36.076320,-86.725320,NOLENSVILLE PKE,,,,290.00,Feet,South,WALLACE RD,,,,0.00,N,Not at Intersection,N,Non-Junction,None,,,         ,Savannah,Starbuck,Clear,Angle,no,no,no,no,no,False
102799983,METROPOLITAN NASHVILLE POLICE DEPT,20200629721,Davidson,Nashville,10/3/2020 5:40:00 PM,2,1,0,36.263240,-86.662260,CLAUDIA DR,,,,77.00,Feet,West,INDUSTRIAL DR,,,,0.00,N,Not at Intersection,N,Non-Junction,None,,,         ,Heather,Fox,,Angle,no,no,no,no,no,False
102799985,METROPOLITAN NASHVILLE POLICE DEPT,20200629708,Davidson,Not in City Limit,10/3/2020 5:25:00 PM,1,2,0,36.152170,-86.950330,RIVER ROAD PKE,,,,637.00,Feet,South,RIVER ROAD PKE PVTDR,,,,0.00,N,Not at Intersection,N,Non-Junction,None,,,         ,Jared,Dick,,Not Collision with Motor Vehicle in Transport,no,no,no,no,no,False
102800007,METROPOLITAN NASHVILLE POLICE DEPT,20200629776,Davidson,Nashville,10/3/2020 6:17:00 PM,2,0,0,36.153840,-86.756080,HERMITAGE AV,,,,0.00,Feet,,FAIRFIELD AV,,,,0.00,Y,Four-Way,Y,Intersection-Related,None,,,         ,Douglas,Mann,Clear,Angle,no,no,no,no,yes,False
102800008,METROPOLITAN NASHVILLE POLICE DEPT,20200629823,Davidson,Not in City Limit,10/3/2020 6:45:00 PM,2,0,0,36.261000,-86.712620,GALLATIN PKES,,,,89.00,Feet,South,MAPLE ST,,,,0.00,N,Not at Intersection, ,Non-Junction,None,,,         ,Dylan,Bradley,,"Sideswipe, Same Direction",no,no,no,no,yes,False
102800025,METROPOLITAN NASHVILLE POLICE DEPT,20200629801,Davidson,Nashville,10/3/2020 6:46:00 PM,2,1,0,36.114860,-86.719630,E THOMPSON LN,,,,0.00,,,GLENROSE AVE,,,,0.00,Y,Four-Way,Y,Intersection,None,,,         ,Garrett,Latham,Clear,Angle,no,no,no,no,no,False
102800026,METROPOLITAN NASHVILLE POLICE DEPT,20200629845,Davidson,Nashville,10/3/2020 4:50:00 PM,2,0,0,36.273400,-86.670330,SCENIC VIEW RD,,,,370.00,Feet,South,SHELBY ST,,,,0.00,N,Not at Intersection, ,,None,,,         ,Heather,Fox,,,no,no,no,no,no,False
102800042,METROPOLITAN NASHVILLE POLICE DEPT,20200629554,Davidson,Nashville,10/3/2020 3:10:00 PM,2,0,0,36.064390,-86.628910,HAMILTON CHURCH RD,,,,190.00,Feet,West,US HWY 41,,,,0.00,N,Not at Intersection,N,Non-Junction,None,,,         ,Luis,Pena,,"Sideswipe, Same Direction",no,no,no,no,no,False
102800048,METROPOLITAN NASHVILLE POLICE DEPT,20200629911,Davidson,Nashville,10/3/2020 7:24:00 PM,2,0,0,36.138060,-86.881830,CHARLOTTE PKE,,,,524.00,Feet,West,HILLWOOD BLVD,,,,0.00,N,Not at Intersection, ,Non-Junction,None,,,         ,Jared,Dick,,Front to Rear,no,no,no,no,yes,False
102800049,METROPOLITAN NASHVILLE POLICE DEPT,20200629879,Davidson,Nashville,10/3/2020 7:45:00 PM,2,0,0,36.109540,-86.815360,CRESTMOOR RD,,,,0.00,,,GREEN HILLS VILLAGE DR,,,,0.00,Y,T-Intersection,N,Intersection-Related,None,,,         ,Hillary,Sherman,,Angle,no,no,no,no,yes,False
102800051,METROPOLITAN NASHVILLE POLICE DEPT,20200629740,Davidson,Nashville,10/3/2020 6:00:00 PM,2,1,0,36.051430,-86.885470,OLD HICKORY BLVD,,,,0.00,,,EDINBURGH DR,,,,0.00,Y,Four-Way,N,Intersection,None,,,         ,Matthew,Turppa,,Front to Rear,no,no,no,no,no,False
102800053,METROPOLITAN NASHVILLE POLICE DEPT,20200629811,Davidson,Nashville,10/3/2020 12:00:00 AM,4,0,0,36.250280,-86.704570,IDLEWILD DR,,,,293.00,Feet,West,IDLEWILD CT,,,,0.00,N,Not at Intersection,N,Non-Junction,None,,,         ,McKenzie,Harper,,HeadOn,no,no,no,yes,yes,False
102800054,METROPOLITAN NASHVILLE POLICE DEPT,20200629838,Davidson,Nashville,10/3/2020 7:21:00 PM,2,2,0,36.154120,-86.777880,7TH AVS,,,,0.00,,,LAFAYETTE ST,,,,0.00,Y,Four-Way,N,Intersection,None,,,         ,Nicholas,Berry,Clear,Angle,no,no,no,no,no,False
102800055,METROPOLITAN NASHVILLE POLICE DEPT,20200629891,Davidson,Nashville,10/3/2020 7:37:00 PM,2,0,0,36.089130,-86.614850,SMITH SPRINGS RD,,,,0.00,,,CASTLEGATE DR,,,,0.00,Y,T-Intersection,N,Intersection,None,,,         ,Steven,Powers,,Front to Rear,no,no,no,no,yes,False
102800070,METROPOLITAN NASHVILLE POLICE DEPT,20200629819,Davidson,Nashville,10/3/2020 7:04:00 PM,2,0,0,36.157970,-86.638070,STEWARTS FERRY PIKE,,,,607.00,Feet,West,CLOVERWOOD DR,,,,0.00,N,Not at Intersection, ,Non-Junction,None,,,         ,Melina,Tamborella,Clear,Other,no,no,no,no,no,False
102800085,METROPOLITAN NASHVILLE POLICE DEPT,20200629926,Davidson,Nashville,10/3/2020 6:25:00 PM,2,0,0,36.150300,-86.796010,DIVISION ST,,,,15.00,Feet,West,19TH AVE S,,,,0.00,N,Not at Intersection, ,Non-Junction,None,,,         ,Zachary,Plese,Clear,"Sideswipe, Same Direction",no,no,no,no,no,False
102800095,METROPOLITAN NASHVILLE POLICE DEPT,20200629936,Davidson,Nashville,10/3/2020 8:30:00 PM,2,0,0,36.158270,-86.775350,MOLLOY ST,,,,14.00,Feet,East,4TH AVS,,,,0.00,N,Not at Intersection, ,,None,,,         ,Alexander,Hartle,,,no,no,no,no,no,False
102800137,METROPOLITAN NASHVILLE POLICE DEPT,20200629834,Davidson,Nashville,10/3/2020 7:18:00 PM,1,2,0,36.193100,-86.726550,PORTER RD,,,,98.00,Feet,South,MCKENNELL DR,,,,0.00,N,Not at Intersection,N,"Driveway, Alley Access, etc",None,,,         ,Zachary,Aldrich,,Not Collision with Motor Vehicle in Transport,yes,no,no,yes,yes,False