master_record_number,agency,agency_tracking_number,county,city,collision_date,vehicles_involved,number_injured,number_dead,latitude,longitude,roadway_name,roadway_suffix,roadway_number,roadway_local_id,distance_from_reference,miles-feet_indicator,direction_from_reference,intersection_road_name,intersection_road_name_suffix,intersection_road_number,intersection_local_id,mile_marker,intersection_indicator,intersect_type,interchange_related_indicator,relation_to_junction,work_zone_type,construction_maintenance_zone,construction_maintenance_zone_location,fatal_case_number,officer_first_name,officer_last_name,weather_condition(s),manner_of_crash,pedestrian,bicycle,scooter,parking,hitrun,mou
102801114,METROPOLITAN NASHVILLE POLICE DEPT,20200632231,Davidson,Nashville,10/5/2020 6:30:00 AM,1,1,0,36.178280,-86.749220,FORREST AV,,,,0.00,,,,,,,0.00,,,N,OtherLocation,None,,,         ,Russell,Freeman,Clear,Not Collision with Motor Vehicle in Transport,no,no,no,no,no,False
102801129,METROPOLITAN NASHVILLE POLICE DEPT,2020-0632760,Davidson,Not in City Limit,10/5/2020 11:45:00 AM,2,0,0,36.323900,-86.867400,I 24,,,,0.00,,,,,,,35.00,N,Not at Intersection,N,Non-Junction,None,,,         ,Brian,Quigley,Clear,Front to Rear,no,no,no,no,no,False
102801134,METROPOLITAN NASHVILLE POLICE DEPT,20200632314,Davidson,Nashville,10/5/2020 7:45:00 AM,2,0,0,36.187080,-86.793660,COFFEE ST,,,,0.00,,,3RD AVN,,,,0.00,Y,T-Intersection,N,Intersection,None,,,         ,Jessica,Johnson,Clear,Not Collision with Motor Vehicle in Transport,no,no,no,no,yes,False
102801163,METROPOLITAN NASHVILLE POLICE DEPT,20200632750,Davidson,Nashville,10/5/2020 11:57:00 AM,2,0,0,36.134260,-86.771530,STEWART PL,,,,175.00,Feet,North,WEDGEWOOD AV,,,,0.00,N,Not at Intersection, ,Non-Junction,None,,,         ,Earl,Davis,,Front to Rear,no,no,no,no,no,False
102801165,METROPOLITAN NASHVILLE POLICE DEPT,20200632724,Davidson,Nashville,10/5/2020 11:55:00 AM,3,0,0,36.157340,-86.760410,I40 E ENT RAMP,,,,0.00,,,I 24,,,,0.00,Y,OTHER, ,Entrance/Exit Ramp Related,None,,,         ,Frank,Campbell,,"Sideswipe, Same Direction",no,no,no,no,yes,False
102801166,METROPOLITAN NASHVILLE POLICE DEPT,2020-0632668,Davidson,Not in City Limit,10/5/2020 11:10:00 AM,1,1,0,36.308450,-86.822710,I 24,,,,0.00,,,,,,,37.95,N,Not at Intersection,N,Non-Junction,None,,,         ,Brian,Quigley,Clear,Not Collision with Motor Vehicle in Transport,no,no,no,no,no,False
102801167,METROPOLITAN NASHVILLE POLICE DEPT,20200632611,Davidson,Nashville,10/5/2020 10:35:00 AM,2,2,0,36.238210,-86.739670,BRILEY PKWYE,,,,387.00,Feet,East,BRILEY PKWYW,,,,0.00,N,Not at Intersection,N,Non-Junction,None,,,         ,Russell,Freeman,Clear,HeadOn,no,no,no,no,no,False
102801168,METROPOLITAN NASHVILLE POLICE DEPT,20200631001,Davidson,Nashville,10/4/2020 12:35:00 PM,2,0,0,36.104800,-86.814600,RICHARD JONES RD,,,,0.00,Feet,East,HILLSBORO PKE,,,,0.00,N,Not at Intersection,N,OtherLocation,None,,,         ,Cynthia,Quirouette,,HeadOn,no,no,no,no,no,False
102801169,METROPOLITAN NASHVILLE POLICE DEPT,20200632888,Davidson,Nashville,10/5/2020 12:56:00 PM,2,2,0,36.154750,-86.806040,22ND AVN,,,,0.00,Feet,East,MURPHY AV,,,,0.00,N,Not at Intersection,N,OtherLocation,None,,,         ,Cynthia,Quirouette,,Angle,no,no,no,no,no,False
102801171,METROPOLITAN NASHVILLE POLICE DEPT,20200632559,Davidson,Not in City Limit,10/5/2020 10:00:00 AM,2,2,0,36.264100,-86.724180,OLD HICKORY BLVDW,,,,0.00,,,HERITAGE DR,,,,0.00,Y,T-Intersection,N,Intersection-Related,None,,,         ,Ruben,Mariano,Clear,Front to Rear,no,no,no,no,no,False
102801172,METROPOLITAN NASHVILLE POLICE DEPT,20200632818,Davidson,Not in City Limit,10/5/2020 12:45:00 PM,2,0,0,36.273080,-86.702740,ANDERSON LN,,,,0.00,Feet,,DELAWARE AV,,,,0.00,Y,OTHER,Y,Intersection,None,,,         ,Austin,Roemeling,,Angle,no,no,no,no,no,False
102801183,METROPOLITAN NASHVILLE POLICE DEPT,20200632766,Davidson,Nashville,10/5/2020 12:05:00 PM,2,0,0,36.194110,-86.830800,BUENA VISTA PKE,,,,205.00,Feet,North,CLARKSVILLE PKE,,,,0.00,N,Not at Intersection, ,Non-Junction,None,,,         ,Jeanine,Sarno,,Angle,no,no,no,no,no,False
102801206,THP District 9 - Administrative,320056858,Davidson,Nashville,10/5/2020 11:13:00 AM,2,0,0,36.167130,-86.782730,5TH AVN,,,,307.00,Feet,South,6TH AVN,,,,0.00,N,Not at Intersection, ,Non-Junction,None,,,         ,Jeffrey,Buchanan,Clear,"Sideswipe, Same Direction",no,no,no,no,no,False
102801208,METROPOLITAN NASHVILLE POLICE DEPT,20200632966,Davidson,Antioch,10/5/2020 2:06:00 PM,2,0,0,36.016070,-86.620070,OLD HICKORY BLVD,,,,189.00,Feet,North,I24 W ENT RAMP,,,,0.00,N,Not at Intersection, ,,None,,,         ,Patrick,Martin,,,no,no,no,no,no,False
102801218,METROPOLITAN NASHVILLE POLICE DEPT,20200632775,Davidson,Nashville,10/5/2020 12:21:00 PM,2,2,0,36.217620,-86.623800,OLD HICKORY BLVD,,,,321.00,Feet,North,2ND ST,,,,0.00,N,Not at Intersection,N,Non-Junction,None,,,         ,Michael,Brooks,,"Sideswipe, Same Direction",no,no,no,no,no,False
102801227,METROPOLITAN NASHVILLE POLICE DEPT,20200632754,Davidson,Nashville,10/5/2020 12:09:00 PM,2,1,0,36.196440,-86.771860,DICKERSON PKE,,,,3.00,Feet,North,LUCILE ST,,,,0.00,N,Not at Intersection,N,Non-Junction,None,,,         ,Jamel,Griffin,,"Sideswipe, Same Direction",no,no,no,no,no,False
102801232,METROPOLITAN NASHVILLE POLICE DEPT,20200633033,Davidson,Nashville,10/5/2020 2:47:00 PM,2,0,0,36.071820,-86.774070,FRANKLIN PKE,,,,0.00,,,FARRELL RD,,,,0.00,Y,T-Intersection,N,Non-Junction,None,,,         ,Brady,Reynolds,,Angle,no,no,no,no,no,False
102801233,METROPOLITAN NASHVILLE POLICE DEPT,20200633044,Davidson,Nashville,10/5/2020 3:00:00 PM,2,1,0,36.126860,-86.902670,I 40,,,,0.00,,,,,,,200.70,N,Not at Intersection,N,Non-Junction,None,,,         ,Brian,DeMarce,Clear,Front to Rear,no,no,no,no,yes,False
102801236,METROPOLITAN NASHVILLE POLICE DEPT,20200632790,Davidson,Nashville,10/5/2020 12:28:00 PM,2,2,0,36.178270,-86.772200,DICKERSON PKE,,,,0.00,,,MERIDIAN ST,,,,0.00,Y,T-Intersection,N,Intersection,None,,,         ,David,Collins,Clear,Angle,no,no,no,no,no,False
102801253,METROPOLITAN NASHVILLE POLICE DEPT,20200633001,Davidson,Nashville,10/5/2020 2:31:00 PM,2,0,0,36.256110,-86.714420,GALLATIN PKES,,,,31.00,Feet,South,NEELYS BEND RD,,,,0.00,N,Not at Intersection,N,Non-Junction,None,,,         ,David,Harms,,Front to Rear,no,no,no,no,no,False
102801254,METROPOLITAN NASHVILLE POLICE DEPT,20200632892,Davidson,Nashville,10/5/2020 12:59:00 PM,2,2,0,36.183250,-86.797850,I65 N ENT RAMP,,,,0.00,Feet,East,I 65,,,,0.00,N,Not at Intersection,N,Non-Junction,None,,,         ,Devyn,Hollinsworth,,"Sideswipe, Same Direction",no,no,no,no,no,False
102801256,METROPOLITAN NASHVILLE POLICE DEPT,20200633152,Davidson,Not in City Limit,10/5/2020 1:01:00 PM,1,0,0,36.291070,-86.902420,GRAYS POINT RD,,,,1461.00,Feet,West,CRAFT RD,,,,0.00,N,Not at Intersection, ,Non-Junction,None,,,         ,Melvin,Taylor,,Not Collision with Motor Vehicle in Transport,no,no,no,yes,yes,False
102801259,METROPOLITAN NASHVILLE POLICE DEPT,20200633146,Davidson,Nashville,10/5/2020 3:49:00 PM,2,0,0,36.127120,-86.711640,MURFREESBORO PKE,,,,222.00,Feet,West,THOMPSON PL,,,,0.00,N,Not at Intersection,N,Non-Junction,None,,,         ,Edward,Starke,,"Sideswipe, Same Direction",no,no,no,yes,yes,False
102801264,METROPOLITAN NASHVILLE POLICE DEPT,20200632945,Davidson,Nashville,10/5/2020 2:06:00 PM,2,1,0,36.167380,-86.765440,I 24,,,,0.00,,,,,,,48.90,N,Not at Intersection,N,Non-Junction,None,,,         ,Harold,Wells,,Front to Rear,no,no,no,no,no,False
102801273,METROPOLITAN NASHVILLE POLICE DEPT,20200633168,Davidson,Nashville,10/5/2020 3:50:00 PM,2,1,0,36.169840,-86.675840,LEBANON PKE,,,,36.00,Feet,East,PARK DR,,,,0.00,N,Not at Intersection,N,Non-Junction,None,,,         ,Evan,Grace,,Angle,no,no,no,no,no,False
102801274,METROPOLITAN NASHVILLE POLICE DEPT,20200633181,Davidson,Nashville,10/5/2020 4:00:00 PM,1,1,0,36.153700,-86.748160,US HWY 70,,,,5.00,Feet,West,CAULEY ST,,,,0.00,N,Not at Intersection,N,Non-Junction,None,,,         ,Reagan,Heath,Clear,Not Collision with Motor Vehicle in Transport,no,no,no,no,no,False
102801275,METROPOLITAN NASHVILLE POLICE DEPT,20200633113,Davidson,Nashville,10/5/2020 3:28:00 PM,3,0,0,36.173030,-86.764840,MAIN ST,,,,162.00,Feet,East,SPRING ST,,,,0.00,N,Not at Intersection, ,Non-Junction,None,,,         ,Wayne,Helm,,Angle,no,no,no,no,no,False
102801277,METROPOLITAN NASHVILLE POLICE DEPT,20200633118,Davidson,Nashville,10/5/2020 3:30:00 PM,2,0,0,36.153520,-86.857470,I40 W EXT RAMP,,,,0.00,Feet,East,BRILEY PKWY S EXT RAMP,,,,0.00,N,Not at Intersection, ,,None,,,         ,Lawrence,Whited,,,no,no,no,no,no,False
102801278,METROPOLITAN NASHVILLE POLICE DEPT,20200633238,Davidson,Nashville,10/5/2020 4:28:00 PM,2,0,0,36.197360,-86.608570,ANDREW JACKSON PKWY,,,,0.00,Feet,,TYLER DR,,,,0.00,Y,T-Intersection,Y,Intersection,None,,,         ,Melina,Tamborella,,Front to Rear,no,no,no,no,yes,False
102801280,METROPOLITAN NASHVILLE POLICE DEPT,20200633185,Davidson,Nashville,10/5/2020 4:04:00 PM,2,0,0,36.083500,-86.763550,I 65,,,,0.00,,,,,,,77.90,N,Not at Intersection,N,Non-Junction,None,,,         ,Ryan,Sherry,,Front to Rear,no,no,no,no,no,False
102801281,METROPOLITAN NASHVILLE POLICE DEPT,20200633116,Davidson,Nashville,10/5/2020 2:00:00 PM,2,1,0,36.186080,-86.798330,I65 S EXT RAMP,,,,0.00,,,I 65,,,,0.00,Y,OTHER,N,Entrance/Exit Ramp Related,None,,,         ,Robert,Goodwin,Clear,Front to Rear,no,no,no,no,no,False
102801285,METROPOLITAN NASHVILLE POLICE DEPT,20200633261,Davidson,Nashville,10/5/2020 3:58:00 PM,2,0,0,36.154520,-86.757680,HERMITAGE AV,,,,147.00,Feet,West,NESTOR ST,,,,0.00,N,Not at Intersection, ,Non-Junction,None,,,         ,Jason,Milyaro Lucas,,"Sideswipe, Same Direction",no,no,no,no,yes,False
102801287,METROPOLITAN NASHVILLE POLICE DEPT,20200633169,Davidson,Nashville,10/5/2020 4:00:00 PM,2,0,0,36.154980,-86.857310,BRILEY PKWY N ENT RAMP,,,,0.00,,,I40 E EXT RAMP,,,,0.00,Y,Four-Way,N,Intersection,None,,,         ,Ryan,Malone,Clear,Front to Rear,no,no,no,no,yes,False
102801291,METROPOLITAN NASHVILLE POLICE DEPT,20200633013,Davidson,Nashville,10/5/2020 12:00:00 AM,2,0,0,36.085220,-86.647830,MURFREESBORO PKE,,,,557.00,Feet,East,UNA ANTIOCH PKE,,,,0.00,N,Not at Intersection,N,Non-Junction,None,,,         ,Adam,Gartner,,Front to Rear,no,no,no,no,no,False
102801297,METROPOLITAN NASHVILLE POLICE DEPT,20200633260,Davidson,Nashville,10/5/2020 4:16:00 PM,2,0,0,36.122730,-86.630500,WOODLAND POINTE DR,,,,0.00,Feet,North,BELL RD,,,,0.00,N,Not at Intersection,N,Non-Junction,None,,,         ,Deandera,Payne,,Front to Rear,no,no,no,no,no,False
102801301,METROPOLITAN NASHVILLE POLICE DEPT,20200633007,Davidson,Nashville,10/5/2020 2:42:00 PM,1,0,0,36.193990,-86.760880,DOUGLAS AV,,,,116.00,Feet,West,N 6TH ST,,,,0.00,N,Not at Intersection, ,,Unknown,,,         ,Ty,Cummings,,,no,no,no,no,no,False
102801307,BERRY HILL POLICE DEPT,20-3679,Davidson,Berry Hill,10/5/2020 12:00:00 AM,2,0,0,36.119370,-86.772280,BERRY RD,,,,170.00,Feet,East,I65 N ENT RAMP,,,,0.00,N,Not at Intersection,N,Non-Junction,None,,,         ,John,Gleixner,Clear,Angle,no,no,no,no,no,False
102801311,METROPOLITAN NASHVILLE POLICE DEPT,20200633274,Davidson,Not in City Limit,10/5/2020 4:06:00 PM,2,0,0,36.280440,-86.708320,GALLATIN PKEN,,,,80.00,Feet,South,ODETTE ST,,,,0.00,N,Not at Intersection, ,Non-Junction,None,,,         ,Dylan,Bradley,,Rear to Side,no,no,no,yes,yes,False
102801312,METROPOLITAN NASHVILLE POLICE DEPT,20200633214,Davidson,Nashville,10/5/2020 4:10:00 PM,2,0,0,36.155960,-86.863450,ROBERTSON AV,,,,0.00,,,STERLING ST,,,,0.00,Y,Four-Way, ,Intersection-Related,None,,,         ,Ryan,Malone,Clear,Front to Rear,no,no,no,no,no,False
102801318,METROPOLITAN NASHVILLE POLICE DEPT,2020063251,Davidson,Nashville,10/5/2020 4:30:00 PM,3,0,0,36.191570,-86.785840,I 65,,,,0.00,,,,,,,86.00,N,Not at Intersection,N,Non-Junction,None,,,         ,Gabriel,Vasquez,Clear,Front to Rear,no,no,no,no,no,False
102801325,METROPOLITAN NASHVILLE POLICE DEPT,20200633329,Davidson,Not in City Limit,10/5/2020 4:05:00 PM,2,0,0,36.269410,-86.756690,OLD HICKORY BLVD,,,,286.00,Feet,West,DICKERSON PKE,,,,0.00,N,Not at Intersection, ,Non-Junction,None,,,         ,Emily,Masessa,,Angle,no,no,no,no,no,False
102801326,METROPOLITAN NASHVILLE POLICE DEPT,20200630252,Davidson,Nashville,10/4/2020 12:23:00 AM,1,0,1,36.117660,-86.718990,EAST THOMPSON LN,,,,91.00,Feet,North,OLD GLENROSE AV,,,,0.00,N,Not at Intersection,N,Non-Junction,None,,,20-0834  ,Ryan,Allen,Clear,Not Collision with Motor Vehicle in Transport,no,no,no,no,no,False
102801328,METROPOLITAN NASHVILLE POLICE DEPT,20200633355,Davidson,Nashville,10/5/2020 5:26:00 PM,2,0,0,36.156380,-86.787350,12TH AVS,,,,85.00,Feet,South,BROADWAY,,,,0.00,N,Not at Intersection, ,Non-Junction,None,,,         ,Matthew,Mrowiec,,"Sideswipe, Same Direction",no,no,no,no,no,False
102801329,METROPOLITAN NASHVILLE POLICE DEPT,20200633360,Davidson,Nashville,10/5/2020 5:28:00 PM,2,0,0,36.152870,-86.632130,PERCY PRIEST DR,,,,271.00,Feet,East,ORTEGA RD,,,,0.00,N,Not at Intersection, ,Non-Junction,None,,,         ,Deandera,Payne,,Angle,no,no,no,no,no,False
102801349,METROPOLITAN NASHVILLE POLICE DEPT,20200633352,Davidson,Nashville,10/5/2020 5:23:00 PM,2,0,0,36.080370,-86.750050,HARDING PL,,,,507.00,Feet,East,WAUFORD DR,,,,0.00,N,Not at Intersection,N,Non-Junction,None,,,         ,Savannah,Starbuck,Clear,Front to Rear,no,no,no,no,no,False
102801350,METROPOLITAN NASHVILLE POLICE DEPT,20200633341,Davidson,Nashville,10/5/2020 5:17:00 PM,2,0,0,36.068200,-86.719110,NOLENSVILLE PKE,,,,0.00,,,HAYWOOD LN,,,,0.00,Y,Four-Way,N,Non-Junction,None,,,         ,Brady,Reynolds,,Front to Rear,no,no,no,no,yes,False
102801352,METROPOLITAN NASHVILLE POLICE DEPT,20200633427,Davidson,Nashville,10/5/2020 5:49:00 PM,1,0,0,36.152110,-86.690650,ELM HILL PKE,,,,1.00,Feet,North,BRILEY PKWYN,,,,0.00,N,Not at Intersection,N,Non-Junction,None,,,         ,Evan,Grace,,Not Collision with Motor Vehicle in Transport,no,no,no,no,no,False
102801355,METROPOLITAN NASHVILLE POLICE DEPT,20200633100,Davidson,Not in City Limit,10/5/2020 3:48:00 PM,1,1,0,36.282230,-86.713880,CONNARE DR,,,,18.00,Feet,South,APPLE VALLEY RD,,,,0.00,N,Not at Intersection,N,Non-Junction,None,,,         ,Joshua,Zambrano-Vera,Clear,Not Collision with Motor Vehicle in Transport,yes,no,no,no,yes,False
102801356,METROPOLITAN NASHVILLE POLICE DEPT,20200633207,Davidson,Goodlettsville,10/5/2020 2:32:00 PM,2,1,0,36.301640,-86.693430,THE GALLERY AT RIVERGATE PVTDR,,,,2.00,Feet,South,GALLATIN PKEN,,,,0.00,N,Not at Intersection,N,Non-Junction,None,,,         ,Joshua,Zambrano-Vera,Clear,Angle,no,no,no,no,no,False
102801359,METROPOLITAN NASHVILLE POLICE DEPT,20200631601,Davidson,Nashville,10/4/2020 9:54:00 PM,3,3,1,36.062750,-86.637660,BELL RD,,,,220.00,Feet,South,RICE RD,,,,0.00,N,Not at Intersection,N,Non-Junction,None,,,20-0839  ,Cressie,Prill,Clear,HeadOn,no,no,no,no,no,False
102801369,METROPOLITAN NASHVILLE POLICE DEPT,20200633232,Davidson,Goodlettsville,10/5/2020 2:41:00 PM,2,0,0,36.301640,-86.693430,THE GALLERY AT RIVERGATE PVTDR,,,,2.00,Feet,South,GALLATIN PKEN,,,,0.00,N,Not at Intersection, ,Non-Junction,None,,,         ,Joshua,Zambrano-Vera,Clear,Front to Rear,no,no,no,no,no,False
102801371,METROPOLITAN NASHVILLE POLICE DEPT,20200633468,Davidson,Nashville,10/5/2020 5:41:00 PM,2,1,0,36.050130,-86.649000,BELL RD,,,,157.00,Feet,East,MT VIEW RD,,,,0.00,N,Not at Intersection,N,Non-Junction,None,,,         ,Edward,Starke,,Front to Rear,no,no,no,no,yes,False
102801385,METROPOLITAN NASHVILLE POLICE DEPT,20200633299,Davidson,Not in City Limit,10/5/2020 4:52:00 PM,2,0,0,36.262790,-86.704400,E OLD HICKORY BLVD,,,,7.00,Feet,East,DELAWARE AV,,,,0.00,N,Not at Intersection, ,Non-Junction,None,,,         ,David,Harms,,Angle,no,no,no,no,no,False
102801397,METROPOLITAN NASHVILLE POLICE DEPT,20200633382,Davidson,Nashville,10/5/2020 5:46:00 PM,1,0,0,36.168420,-86.600590,MILLS RD,,,,85.00,Feet,West,OLD HICKORY BLVD,,,,0.00,N,Not at Intersection,N,Non-Junction,None,,,         ,Cameron,Schmid,Clear,Not Collision with Motor Vehicle in Transport,no,no,no,yes,no,False
102801411,METROPOLITAN NASHVILLE POLICE DEPT,20200633434,Davidson,Nashville,10/5/2020 5:40:00 PM,2,0,0,36.234380,-86.720100,BRILEY PKWYW,,,,84.00,Feet,North,BRILEY PKWYE,,,,0.00,N,Not at Intersection, ,Non-Junction,None,,,         ,David,Harms,Clear,"Sideswipe, Same Direction",no,no,no,no,no,False
102801412,METROPOLITAN NASHVILLE POLICE DEPT,20200633428,Davidson,Nashville,10/5/2020 2:43:00 PM,2,0,0,36.106210,-86.673060,MURFREESBORO PKE,,,,0.00,,,DONELSON PKE,,,,0.00,Y,Four-Way, ,,None,,,         ,Phillip,Burke,,,no,no,no,no,no,False
102801417,METROPOLITAN NASHVILLE POLICE DEPT,20200633590,Davidson,Antioch,10/5/2020 7:44:00 PM,2,0,0,36.052780,-86.599300,LAKEWALK DR,,,,0.00,Feet,East,HOBSON PKE,,,,0.00,N,Not at Intersection, ,Non-Junction,None,,,         ,Nadine,Klemenz,,Front to Rear,no,no,no,no,no,False
102801428,METROPOLITAN NASHVILLE POLICE DEPT,20200633639,Davidson,Not in City Limit,10/5/2020 8:29:00 PM,2,0,0,36.073900,-86.927080,HIGHWAY 70S,,,,239.00,Feet,West,HICKS RD,,,,0.00,N,Not at Intersection,N,Non-Junction,None,,,         ,Eric,Westbrook,Clear,Angle,no,no,no,no,no,False
102801432,THP District 3 - Nashville,320056129,Davidson,Nashville,10/1/2020 10:58:00 PM,4,0,0,36.170080,-86.603830,I40 W ENT RAMP,,,,0.00,,,I 40,,,,0.00,Y,OTHER,N,Entrance/Exit Ramp Related,None,,,         ,William,Phillips,Clear,"Sideswipe, Same Direction",no,no,no,no,no,False
102801469,METROPOLITAN NASHVILLE POLICE DEPT,20200633104,Davidson,Nashville,10/5/2020 3:26:00 PM,3,0,0,36.137210,-86.699680,BRILEY PKWY,,,,4.00,Feet,North,GLASTONBURY RD,,,,0.00,N,Not at Intersection,N,Non-Junction,None,,,         ,Dontaveous,Eubanks,,Front to Rear,no,no,no,no,no,False
102801471,METROPOLITAN NASHVILLE POLICE DEPT,20200633461,Davidson,Nashville,10/5/2020 5:41:00 PM,2,1,0,36.041830,-86.715130,SWISS AV,,,,124.00,Feet,West,KNOLLS PL,,,,0.00,N,Not at Intersection,N,Non-Junction,None,,,         ,Brandon,Hughes,,Angle,no,no,no,no,no,False
102801489,METROPOLITAN NASHVILLE POLICE DEPT,20200633584,Davidson,Nashville,10/5/2020 7:50:00 PM,1,1,0,36.050570,-86.701640,ASHLAWN CIR,,,,276.00,Feet,North,ASHLAWN DR,,,,0.00,N,Not at Intersection,N,Non-Junction,None,,,         ,Edward,Starke,,Not Collision with Motor Vehicle in Transport,no,no,no,no,no,False
102801502,METROPOLITAN NASHVILLE POLICE DEPT,20200633729,Davidson,Nashville,10/5/2020 9:15:00 PM,2,0,0,36.158380,-86.790690,CHURCH ST,,,,26.00,Feet,West,US HWY 70,,,,0.00,N,Not at Intersection,N,Non-Junction,None,,,         ,Brent,Morris,Clear,Angle,no,no,no,no,yes,False
102801522,METROPOLITAN NASHVILLE POLICE DEPT,20200633564,Davidson,Nashville,10/5/2020 7:33:00 PM,2,0,0,36.045400,-86.658190,I24 W EXT RAMP,,,,0.00,,,I 24,,,,0.00,Y,OTHER,N,Non-Junction,None,,,         ,Brandon,Hughes,,"Sideswipe, Same Direction",no,no,no,no,yes,False
102801532,METROPOLITAN NASHVILLE POLICE DEPT,20200633250,Davidson,Nashville,10/5/2020 4:32:00 PM,2,2,0,36.157720,-86.797350,17TH AVN,,,,0.00,,,PATTERSON ST,,,,0.00,Y,Four-Way,N,Intersection,None,,,         ,Lynsey,Fish,Clear,Angle,no,no,no,no,yes,False
102801563,METROPOLITAN NASHVILLE POLICE DEPT,20200633801,Davidson,Nashville,10/5/2020 10:53:00 PM,1,0,0,36.064640,-86.749080,HOGAN RD,,,,11.00,Feet,North,ELLINGTON AG CENTER PVTDR,,,,0.00,N,Not at Intersection,N,Non-Junction,None,,,         ,Corey,Eldridge,Clear,Not Collision with Motor Vehicle in Transport,no,no,no,yes,no,False
102801593,METROPOLITAN NASHVILLE POLICE DEPT,20200634210,Davidson,Nashville,10/6/2020 4:05:00 AM,1,0,0,36.083120,-86.723980,WELCH RD,,,,117.00,Feet,East,SEVEN MILE CREEK HARDING MALL,,,,0.00,N,Not at Intersection,N,Non-Junction,None,,,         ,Jose,Oliveros,,Not Collision with Motor Vehicle in Transport,no,no,no,no,yes,False
102801632,METROPOLITAN NASHVILLE POLICE DEPT,20200634219,Davidson,Nashville,10/6/2020 12:00:00 AM,2,0,0,36.186830,-86.754160,MCFERRIN AV,,,,172.00,Feet,South,PETWAY AV,,,,0.00,N,Not at Intersection,N,Non-Junction,None,,,         ,Carlos,Urrutia,Clear,HeadOn,no,no,no,no,yes,False
102801637,METROPOLITAN NASHVILLE POLICE DEPT,20200634344,Davidson,Nashville,10/6/2020 6:04:00 AM,1,1,0,36.205740,-86.766750,E TRINITY LN,,,,132.00,Feet,East,LUTON ST,,,,0.00,N,Not at Intersection,N,Non-Junction,None,,,         ,Eric,Cunningham,,Not Collision with Motor Vehicle in Transport,no,no,no,no,no,False
102801642,VANDERBILT UNIVERSITY POLICE,20200632921,Davidson,Nashville,10/5/2020 12:00:00 AM,2,0,0,36.138980,-86.802140,CHILDRENS WAY,,,,0.00,,,,,,,0.00,,Not at Intersection, ,Non-Junction,None,,,         ,Karl,Haury,Clear,Unknown,no,no,no,yes,yes,Campus
102801657,METROPOLITAN NASHVILLE POLICE DEPT,20200632898,Davidson,Nashville,10/5/2020 1:35:00 PM,2,1,0,36.243630,-86.722850,GALLATIN PKES,,,,344.00,Feet,South,LAKEWOOD DR,,,,0.00,N,Not at Intersection,N,Non-Junction,None,,,         ,Michelle,Steidl,,Angle,no,no,no,no,no,False
102801658,METROPOLITAN NASHVILLE POLICE DEPT,20200634326,Davidson,Nashville,10/6/2020 5:55:00 AM,2,1,0,36.091670,-86.704370,I 24,,,,0.00,,,,,,,55.25,N,Not at Intersection,N,Non-Junction,None,,,         ,Jeremy,Spears,Clear,Front to Rear,no,no,no,no,no,False
102801661,METROPOLITAN NASHVILLE POLICE DEPT,20200634364,Davidson,Nashville,10/5/2020 10:30:00 PM,2,0,0,36.162490,-86.809230,HERMAN ST,,,,292.00,Feet,East,22ND AVN,,,,0.00,N,Not at Intersection, ,Non-Junction,None,,,         ,Devyn,Hollinsworth,Clear,"Sideswipe, Opposite Direction",no,no,no,no,yes,False
102801667,METROPOLITAN NASHVILLE POLICE DEPT,20200634441,Davidson,Nashville,10/6/2020 7:41:00 AM,2,0,0,36.055010,-86.642410,ZELIDA AV,,,,0.00,,,BELL RD,,,,0.00,Y,Four-Way,N,Intersection,None,,,         ,Patrick,Martin,,Angle,no,no,no,no,yes,False
102801668,METROPOLITAN NASHVILLE POLICE DEPT,20200634371,Davidson,Nashville,10/6/2020 5:55:00 AM,2,0,0,36.242310,-86.750210,I65 S EXT RAMP,,,,0.00,,,I 65,,,,0.00,Y,OTHER,Y,Entrance/Exit Ramp Related,None,,,         ,Dillon,Hunt,Clear,"Sideswipe, Same Direction",no,no,no,no,yes,False
102801669,METROPOLITAN NASHVILLE POLICE DEPT,20200634403,Davidson,Nashville,10/6/2020 6:56:00 AM,2,0,0,36.069560,-86.693630,HAYWOOD LN,,,,84.00,Feet,East,EZELL RD,,,,0.00,N,Not at Intersection,N,Non-Junction,None,,,         ,Stanley,Collins,,"Sideswipe, Same Direction",no,no,no,no,yes,False
102801697,METROPOLITAN NASHVILLE POLICE DEPT,20200634369,Davidson,Antioch,10/6/2020 6:40:00 AM,2,1,0,36.047840,-86.612050,MURFREESBORO PKE,,,,1284.00,Feet,North,MOUNTAIN SPRINGS RD,,,,0.00,N,Not at Intersection,N,Non-Junction,None,,,         ,Nicholas,Carter,,"Sideswipe, Opposite Direction",no,no,no,no,no,False
102801698,METROPOLITAN NASHVILLE POLICE DEPT,20200634484,Davidson,Nashville,10/6/2020 7:58:00 AM,2,0,0,36.071410,-86.635670,MURFREESBORO PKE,,,,231.00,Feet,South,BELL RD,,,,0.00,N,Not at Intersection, ,Non-Junction,None,,,         ,Michael,Brooks,,"Sideswipe, Same Direction",no,no,no,no,no,False
102801725,METROPOLITAN NASHVILLE POLICE DEPT,20200634533,Davidson,Nashville,10/6/2020 8:24:00 AM,3,1,0,36.152200,-86.842220,CHARLOTTE AV,,,,0.00,,,46TH AVN,,,,0.00,Y,Four-Way,N,Intersection,None,,,         ,Andrew,McCarron,Clear,Angle,no,no,no,no,no,False