master_record_number,agency,agency_tracking_number,county,city,collision_date,vehicles_involved,number_injured,number_dead,latitude,longitude,roadway_name,roadway_suffix,roadway_number,roadway_local_id,distance_from_reference,miles-feet_indicator,direction_from_reference,intersection_road_name,intersection_road_name_suffix,intersection_road_number,intersection_local_id,mile_marker,intersection_indicator,intersect_type,interchange_related_indicator,relation_to_junction,work_zone_type,construction_maintenance_zone,construction_maintenance_zone_location,fatal_case_number,officer_first_name,officer_last_name,weather_condition(s),manner_of_crash,pedestrian,bicycle,scooter,parking,hitrun,mou
102805407,METROPOLITAN NASHVILLE POLICE DEPT,20200643774,Davidson,Nashville,10/11/2020 6:41:00 AM,2,0,0,36.137200,-86.699670,BRILEY PKWY,,,,0.00,Feet,,GLASTONBURY RD,,,,0.00,Y,T-Intersection, ,Intersection-Related,None,,,         ,Michael,Intrieri,Rain,Angle,no,no,no,no,yes,False
102805418,METROPOLITAN NASHVILLE POLICE DEPT,20200643910,Davidson,Nashville,10/11/2020 8:57:00 AM,1,0,0,36.150270,-86.771350,I 40,,,,0.00,,,,,,,210.35,N,Not at Intersection,N,Non-Junction,None,,,         ,Brent,Bauer,Rain,Not Collision with Motor Vehicle in Transport,no,no,no,no,no,False
102805424,METROPOLITAN NASHVILLE POLICE DEPT,20200643871,Davidson,Nashville,10/11/2020 8:30:00 AM,2,0,0,36.041310,-86.652370,I 24,,,,0.00,,,,,,,59.85,N,Not at Intersection,N,Non-Junction,None,,,         ,Nicholas,Carter,,Front to Rear,no,no,no,no,no,False
102805441,METROPOLITAN NASHVILLE POLICE DEPT,20200643830,Davidson,Nashville,10/11/2020 7:39:00 AM,1,0,0,36.152380,-86.753810,I 40,,,,0.00,,,,,,,211.35,N,Not at Intersection,N,Non-Junction,None,,,         ,Roger,Luther,Rain,Not Collision with Motor Vehicle in Transport,no,no,no,no,no,False
102805443,METROPOLITAN NASHVILLE POLICE DEPT,20200643881,Davidson,Nashville,10/11/2020 7:41:00 AM,1,0,0,36.058370,-86.644900,RURAL HILL RD,,,,0.00,,,,,,,0.00,,,N,Non-Junction,None,,,         ,Jason,Hees,,Not Collision with Motor Vehicle in Transport,no,no,no,no,yes,False
102805449,METROPOLITAN NASHVILLE POLICE DEPT,20200643822,Davidson,Nashville,10/11/2020 7:33:00 AM,1,1,0,36.173310,-86.583450,CENTRAL PKE,,,,459.00,Feet,East,S NEW HOPE RD,,,,0.00,N,Not at Intersection,N,Non-Junction,None,,,         ,Cassandra,Del Bosco,Rain,Not Collision with Motor Vehicle in Transport,yes,no,no,no,no,False
102805458,METROPOLITAN NASHVILLE POLICE DEPT,20200643930,Davidson,Nashville,10/11/2020 9:15:00 AM,2,0,0,36.225190,-86.774440,I 65,,,,0.00,,,,,,,88.60,N,Not at Intersection,N,Non-Junction,None,,,         ,Jedidayah,Merriweather,"Cloudy, Rain",Front to Rear,no,no,no,no,no,False
102805461,METROPOLITAN NASHVILLE POLICE DEPT,20200643989,Davidson,Nashville,10/11/2020 10:22:00 AM,1,0,0,36.169140,-86.606620,I40 E EXT RAMP,,,,0.00,Feet,East,I 40,,,,0.00,N,Not at Intersection,Y,Entrance/Exit Ramp Related,None,,,         ,Ian,Hammond,Rain,Not Collision with Motor Vehicle in Transport,no,no,no,no,no,False
102805462,METROPOLITAN NASHVILLE POLICE DEPT,20200643986,Davidson,Nashville,10/11/2020 10:30:00 AM,2,0,0,36.169140,-86.606620,I40 E EXT RAMP,,,,0.00,Feet,East,I 40,,,,0.00,N,Not at Intersection, ,Entrance/Exit Ramp Related,None,,,         ,Ian,Hammond,Rain,Front to Rear,no,no,no,no,no,False
102805479,METROPOLITAN NASHVILLE POLICE DEPT,20200643999,Davidson,Not in City Limit,10/11/2020 10:18:00 AM,2,0,0,36.264100,-86.724180,OLD HICKORY BLVDW,,,,0.00,,,HERITAGE DR,,,,0.00,Y,Four-Way,N,Intersection-Related,None,,,         ,William,Coy,Cloudy,Front to Rear,no,no,no,no,yes,False
102805481,METROPOLITAN NASHVILLE POLICE DEPT,20200644014,Davidson,Nashville,10/11/2020 10:53:00 AM,1,0,0,36.138400,-86.727370,I24E,,,,312.00,Feet,West,I24 W ENT RAMP,,,,0.00,N,Not at Intersection, ,Non-Junction,None,,,         ,Roger,Luther,Cloudy,Not Collision with Motor Vehicle in Transport,no,no,no,no,no,False
102805482,METROPOLITAN NASHVILLE POLICE DEPT,20200643956,Davidson,Nashville,10/11/2020 9:45:00 AM,3,1,0,36.140700,-86.732190,I 40,,,,0.00,,,,,,,213.00,N,Not at Intersection,N,Non-Junction,None,,,         ,Daniel,Fuentes,"Cloudy, Rain","Sideswipe, Same Direction",no,no,no,no,no,False
102805483,METROPOLITAN NASHVILLE POLICE DEPT,20200644031,Davidson,Nashville,10/11/2020 11:00:00 AM,1,0,0,36.015660,-86.740620,EDMONDSON PKE,,,,26.00,Feet,North,HOLT RD,,,,0.00,N,Not at Intersection, ,Non-Junction,None,,,         ,Tony,Folad,,Not Collision with Motor Vehicle in Transport,no,no,no,no,no,False
102805487,METROPOLITAN NASHVILLE POLICE DEPT,20200643841,Davidson,Nashville,10/11/2020 7:49:00 AM,2,0,0,36.064380,-86.628030,MURFREESBORO PKE,,,,199.00,Feet,South,HAMILTON CHURCH RD,,,,0.00,N,Not at Intersection, ,Non-Junction,None,,,         ,Gregory,Dixon,,Angle,no,no,no,no,no,False
102805490,METROPOLITAN NASHVILLE POLICE DEPT,20200643943,Davidson,Nashville,10/11/2020 9:29:00 AM,2,1,0,36.125360,-86.696190,BRILEY PKWY,,,,0.00,,,KERMIT DR,,,,0.00,Y,T-Intersection,Y,Intersection-Related,None,,,         ,MIchael,Mihajlov,Cloudy,Angle,no,no,no,no,no,False
102805491,METROPOLITAN NASHVILLE POLICE DEPT,20200644032,Davidson,Nashville,10/11/2020 11:08:00 AM,2,0,0,36.153110,-86.769470,2ND AVS,,,,64.00,Feet,South,ASH ST,,,,0.00,N,Not at Intersection, ,,None,,,         ,Henry,Perez,,,no,no,no,no,no,False
102805495,METROPOLITAN NASHVILLE POLICE DEPT,20200643962,Davidson,Nashville,10/11/2020 9:40:00 AM,2,3,0,36.077920,-86.948710,HIGHWAY 70S,,,,111.00,Feet,East,BELLEVUE CTR PVTDR,,,,0.00,N,Not at Intersection,N,Non-Junction,None,,,         ,Michael,Pyle,Rain,Front to Rear,no,no,no,no,no,False
102805496,METROPOLITAN NASHVILLE POLICE DEPT,2020062526,Davidson,Nashville,10/11/2020 11:42:00 AM,2,0,0,36.205370,-86.761180,E TRINITY LN,,,,0.00,Feet,East,LISCHEY AV,,,,0.00,N,Not at Intersection,N,Non-Junction,None,,,         ,Jamel,Griffin,Cloudy,Front to Rear,no,no,no,no,no,False
102805497,METROPOLITAN NASHVILLE POLICE DEPT,20200644020,Davidson,Nashville,10/11/2020 11:07:00 AM,2,0,0,36.086910,-86.648680,UNA ANTIOCH PKE,,,,0.00,,,NASHBORO BLVD,,,,0.00,Y,Four-Way, ,Intersection,None,,,         ,Lee,Davis,,Angle,no,no,no,no,no,False
102805509,METROPOLITAN NASHVILLE POLICE DEPT,20200644002,Davidson,Nashville,10/11/2020 10:42:00 AM,2,2,0,36.159200,-86.760470,I 24,,,,0.00,,,,,,,49.50,N,Not at Intersection,N,Non-Junction,None,,,         ,Miles,Posey,Rain,Front to Rear,no,no,no,no,no,False
102805514,METROPOLITAN NASHVILLE POLICE DEPT,2020-0643929,Davidson,Nashville,10/11/2020 9:16:00 AM,2,0,0,36.101930,-86.745870,DRAKE AV,,,,143.00,Feet,West,MEADE AV,,,,0.00,N,Not at Intersection,N,Non-Junction,None,,,         ,Sean,Williams,,HeadOn,no,no,no,no,no,False
102805531,METROPOLITAN NASHVILLE POLICE DEPT,20200644089,Davidson,Nashville,10/11/2020 12:00:00 AM,2,0,0,36.234340,-86.702910,STATE HWY 155,,,,971.00,Feet,West,MUSIC VALLEY DR,,,,0.00,N,Not at Intersection, ,Non-Junction,None,,,         ,Rex,Engelbert,Cloudy,Front to Rear,no,no,no,no,no,False
102805547,METROPOLITAN NASHVILLE POLICE DEPT,20200643712,Davidson,Nashville,10/11/2020 5:30:00 AM,2,0,0,36.160660,-86.857190,TENNESSEE AV,,,,106.00,Feet,West,57TH AVN,,,,0.00,N,Not at Intersection, ,Non-Junction,None,,,         ,Chase,Carter,Rain,"Sideswipe, Same Direction",no,no,no,no,yes,False
102805551,METROPOLITAN NASHVILLE POLICE DEPT,20200644088,Davidson,Nashville,10/11/2020 12:20:00 PM,2,0,0,36.215120,-86.597670,LEBANON PKE,,,,0.00,,,ANDREW JACKSON PKWY,,,,0.00,Y,Four-Way,N,Intersection,None,,,         ,Ian,Hammond,Rain,Angle,no,no,no,no,no,False
102805562,METROPOLITAN NASHVILLE POLICE DEPT,20200640899,Davidson,Nashville,10/9/2020 1:00:00 PM,3,1,0,36.177770,-86.772720,I24 W EXT RAMP,,,,0.00,Feet,East,I 24,,,,0.00,N,Not at Intersection,N,Non-Junction,None,,,         ,Jamel,Griffin,Rain,Front to Rear,no,no,no,no,no,False
102805565,GOODLETTSVILLE POLICE DEPT,20-30106,Davidson,Goodlettsville,10/11/2020 12:10:00 PM,1,0,0,36.303090,-86.709580,VIETNAM VETERANS BLVDS,,,,831.00,Feet,North,I 65,,,,0.00,N,Not at Intersection,N,Non-Junction,None,,,         ,Daniel,Knalls,Cloudy,Not Collision with Motor Vehicle in Transport,no,no,no,no,no,False
102805567,METROPOLITAN NASHVILLE POLICE DEPT,20200644156,Davidson,Nashville,10/11/2020 1:30:00 PM,2,0,0,36.183240,-86.760970,ELLINGTON PKWYN,,,,0.00,,,ELLINGTON PKWY N EXT RAMP,,,,0.00,Y,Y-Intersection, ,,None,,,         ,Brandon,Evans,,,no,no,no,no,no,False
102805569,METROPOLITAN NASHVILLE POLICE DEPT,20200644076,Davidson,Nashville,10/11/2020 12:16:00 PM,1,1,0,36.092560,-86.705100,I 24,,,,0.00,,,,,,,55.20,N,Not at Intersection,N,Non-Junction,None,,,         ,Tavin,Emlund,,Not Collision with Motor Vehicle in Transport,no,no,no,no,no,False
102805575,METROPOLITAN NASHVILLE POLICE DEPT,20200643927,Davidson,Nashville,10/11/2020 9:00:00 AM,2,0,0,36.145350,-86.646190,I 40,,,,0.00,,,,,,,217.15,N,Not at Intersection, ,Non-Junction,None,,,         ,Shawn,Kaelin,Rain,Angle,no,no,no,no,no,False
102805595,METROPOLITAN NASHVILLE POLICE DEPT,2020-0642420,Davidson,Nashville,10/10/2020 8:30:00 AM,2,0,0,36.170400,-86.772500,MAIN ST,,,,115.00,Feet,East,JAMES ROBERTSON PKWY,,,,0.00,N,Not at Intersection, ,Entrance/Exit Ramp Related,None,,,         ,Jamel,Griffin,Rain,"Sideswipe, Same Direction",no,no,no,no,yes,False
102805596,METROPOLITAN NASHVILLE POLICE DEPT,20200644163,Davidson,Nashville,10/11/2020 1:44:00 PM,2,1,0,36.099310,-86.660470,MURFREESBORO PKE,,,,411.00,Feet,West,HARDING PL,,,,0.00,N,Not at Intersection,N,Non-Junction,None,,,         ,Jason,Hees,,Front to Rear,no,no,no,no,yes,False
102805600,METROPOLITAN NASHVILLE POLICE DEPT,20200644058,Davidson,Nashville,10/11/2020 11:59:00 AM,1,0,0,36.235310,-86.704310,BRILEY PKWYE,,,,686.00,Feet,South,PENNINGTON BEND RD,,,,0.00,N,Not at Intersection,N,Non-Junction,None,,,         ,Roger,Luther,,Not Collision with Motor Vehicle in Transport,no,no,no,no,yes,False
102805610,METROPOLITAN NASHVILLE POLICE DEPT,20200644121,Davidson,Nashville,10/11/2020 1:00:00 PM,1,0,0,36.089680,-86.702760,I 24,,,,0.00,,,,,,,55.40,N,Not at Intersection,N,Non-Junction,None,,,         ,Theodore,Flick,,Not Collision with Motor Vehicle in Transport,no,no,no,no,no,False
102805617,METROPOLITAN NASHVILLE POLICE DEPT,20200644123,Davidson,Not in City Limit,10/11/2020 12:12:00 PM,2,0,0,36.023960,-86.646010,CANE RIDGE RD,,,,698.00,Feet,West,BLAIRFIELD DR,,,,0.00,N,Not at Intersection,N,Non-Junction,None,,,         ,Gregory,Dixon,Clear,HeadOn,no,no,no,no,no,False
102805649,METROPOLITAN NASHVILLE POLICE DEPT,20200642956,Davidson,Nashville,10/10/2020 6:14:00 PM,2,0,0,36.136030,-86.788730,12TH AVS,,,,51.00,Feet,South,WEDGEWOOD AV,,,,0.00,N,Not at Intersection, ,Non-Junction,None,,,         ,Katelin,Ehrhardt,,Front to Rear,no,no,no,no,no,False
102805655,METROPOLITAN NASHVILLE POLICE DEPT,20200644267,Davidson,Nashville,10/11/2020 3:23:00 PM,2,2,0,36.104030,-86.741610,SUNRISE AV,,,,20.00,Feet,East,NOLENSVILLE PKE,,,,0.00,N,Not at Intersection,N,Non-Junction,None,,,         ,John,Walden,,Angle,no,no,no,no,no,False
102805657,METROPOLITAN NASHVILLE POLICE DEPT,20200644195,Davidson,Nashville,10/11/2020 2:16:00 PM,3,2,0,36.064770,-86.621840,HAMILTON CHURCH RD,,,,79.00,Feet,East,OWENDALE DR,,,,0.00,N,Not at Intersection,N,Non-Junction,None,,,         ,Gregory,Dixon,Clear,Front to Rear,no,no,no,no,no,False
102805666,METROPOLITAN NASHVILLE POLICE DEPT,20200644236,Davidson,Nashville,10/11/2020 2:27:00 PM,2,0,0,36.088320,-86.791000,LEALAND LN,,,,0.00,Feet,,BATTERY LN,,,,0.00,Y,Four-Way,N,Intersection,None,,,         ,Ryan,Sherry,,Angle,no,no,no,no,no,False
102805675,METROPOLITAN NASHVILLE POLICE DEPT,20200644252,Davidson,Not in City Limit,10/11/2020 3:09:00 PM,1,1,0,36.072020,-86.932020,MYHR GREEN,,,,72.00,Feet,South,REASONOVER GREEN,,,,0.00,N,Not at Intersection,N,Non-Junction,None,,,         ,Jeremy,Huffine,"Cloudy, Rain",Not Collision with Motor Vehicle in Transport,no,no,no,yes,no,False
102805676,METROPOLITAN NASHVILLE POLICE DEPT,20200644271,Davidson,Nashville,10/11/2020 3:24:00 PM,1,0,0,36.164240,-86.747770,S 13TH CT,,,,398.00,Feet,South,DAVIDSON ST,,,,0.00,N,Not at Intersection, ,Non-Junction,None,,,         ,Ryan,Coll,,Not Collision with Motor Vehicle in Transport,no,no,no,no,no,False
102805699,METROPOLITAN NASHVILLE POLICE DEPT,20200644317,Davidson,Nashville,10/11/2020 3:43:00 PM,2,0,0,36.200320,-86.618600,LEBANON PKE,,,,0.00,,,HERMITAGE RD,,,,0.00,Y,T-Intersection,N,Non-Junction,None,,,         ,Zaire,Murray,,Angle,no,no,no,no,no,False
102805731,METROPOLITAN NASHVILLE POLICE DEPT,20200644289,Davidson,Nashville,10/11/2020 3:29:00 PM,2,0,0,36.078800,-86.639460,LYNDON PARKE DR,,,,160.00,Feet,South,GRIGGS PL,,,,0.00,N,Not at Intersection, ,,None,,,         ,Jarrett,Ipox,,,no,no,no,no,no,False
102805755,METROPOLITAN NASHVILLE POLICE DEPT,20200644469,Davidson,Nashville,10/11/2020 2:16:00 PM,2,0,0,36.232010,-86.590950,WOODSIDE DR,,,,42.00,Feet,North,WOODSIDE CIR,,,,0.00,N,Not at Intersection,N,Non-Junction,None,,,         ,Jeffrey,Mullins,,Angle,no,no,no,yes,yes,False
102805767,METROPOLITAN NASHVILLE POLICE DEPT,20200644373,Davidson,Nashville,10/11/2020 4:25:00 PM,3,1,0,36.096300,-86.708410,I 24,,,,0.00,,,,,,,54.85,N,Not at Intersection,N,Non-Junction,None,,,         ,Timothy,Ward,,Front to Rear,no,no,no,no,yes,False
102805773,METROPOLITAN NASHVILLE POLICE DEPT,20200644530,Davidson,Nashville,10/11/2020 6:18:00 PM,2,0,0,36.198450,-86.620250,STATE HWY 45,,,,3.00,Feet,North,US HWY 70,,,,0.00,N,Not at Intersection, ,,None,,,         ,Tyler,Hall,,,no,no,no,no,no,False
102805781,METROPOLITAN NASHVILLE POLICE DEPT,20200644553,Davidson,Nashville,10/11/2020 6:00:00 PM,2,0,0,36.206500,-86.776400,W TRINITY LN,,,,25.00,Feet,East,I65 S ENT RAMP,,,,0.00,N,Not at Intersection,N,Non-Junction,None,,,         ,Timothy,Ward,,"Sideswipe, Same Direction",no,no,no,no,yes,False
102805782,METROPOLITAN NASHVILLE POLICE DEPT,20200644549,Davidson,Hermitage,10/11/2020 6:42:00 PM,2,0,0,36.174350,-86.571810,MELVIN RD,,,,289.00,Feet,North,CENTRAL PKE,,,,0.00,N,Not at Intersection, ,,None,,,         ,Zaire,Murray,,,no,no,no,no,no,False
102805793,METROPOLITAN NASHVILLE POLICE DEPT,20200644480,Davidson,Nashville,10/11/2020 5:45:00 PM,2,4,0,36.086760,-86.697660,HARDING PL,,,,60.00,Feet,East,I24 W EXT RAMP,,,,0.00,N,Not at Intersection,N,OtherLocation,None,,,         ,Beri,Scott,,Front to Rear,no,no,no,no,no,False
102805807,METROPOLITAN NASHVILLE POLICE DEPT,20200644640,Davidson,Nashville,10/11/2020 8:08:00 PM,1,1,0,36.152820,-86.683410,ELM HILL PKE,,,,0.00,Feet,,MCGAVOCK PKE,,,,0.00,Y,Four-Way,N,Intersection-Related,None,,,         ,Jason,Milyaro Lucas,,Not Collision with Motor Vehicle in Transport,yes,no,no,no,no,False
102805833,METROPOLITAN NASHVILLE POLICE DEPT,20200644518,Davidson,Nashville,10/11/2020 6:12:00 PM,2,0,0,36.205560,-86.771140,LUCAS LN,,,,191.00,Feet,South,W TRINITY LN,,,,0.00,N,Not at Intersection,N,Non-Junction,None,,,         ,Zachary,Aldrich,,Angle,no,no,no,no,no,False
102805834,BERRY HILL POLICE DEPT,20-3756,Davidson,Berry Hill,10/11/2020 2:36:00 PM,2,0,0,36.116560,-86.765240,E IRIS DR,,,,0.00,,,COLUMBINE PL,,,,0.00,Y,T-Intersection, ,Non-Junction,None,,,         ,Yamil,Jimenez,Cloudy,Front to Rear,no,no,no,no,no,False
102805842,METROPOLITAN NASHVILLE POLICE DEPT,20200644676,Davidson,Nashville,10/11/2020 8:32:00 PM,1,1,0,36.081170,-86.698360,LINBAR DR,,,,867.00,Feet,West,LUNA DR,,,,0.00,N,Not at Intersection,N,Non-Junction,None,,,         ,Gary,Anderson,,Not Collision with Motor Vehicle in Transport,no,no,no,no,no,False
102805859,METROPOLITAN NASHVILLE POLICE DEPT,20200644682,Davidson,Nashville,10/11/2020 8:35:00 PM,2,0,0,36.045700,-86.674190,BELL RD,,,,48.00,Feet,East,BLUE HOLE RD,,,,0.00,N,Not at Intersection,N,Non-Junction,None,,,         ,John,Walden,Cloudy,Front to Rear,no,no,no,no,yes,False
102805892,METROPOLITAN NASHVILLE POLICE DEPT,20200644733,Davidson,Nashville,10/11/2020 9:25:00 PM,2,0,0,36.147300,-86.744050,I 40,,,,0.00,,,,,,,212.00,N,Not at Intersection,N,Non-Junction,None,,,         ,Reagan,Heath,,Front to Rear,no,no,no,no,no,False
102805906,THP District 3 - Nashville,320057870,Davidson,Nashville,10/10/2020 5:54:00 AM,3,5,0,36.045740,-86.674350,BELL RD,,,,0.00,,,BLUE HOLE RD,,,,0.00,Y,Four-Way,N,Intersection,None,,,         ,Jennifer,Hicks,Cloudy,Angle,no,no,no,no,no,False
102805912,METROPOLITAN NASHVILLE POLICE DEPT,20200644662,Davidson,Nashville,10/11/2020 7:00:00 PM,1,0,0,36.242050,-86.750120,I 65,,,,0.00,,,,,,,90.50,N,Not at Intersection, ,,None,,,         ,William,Badger,,,no,no,no,no,no,False
102805914,METROPOLITAN NASHVILLE POLICE DEPT,20200644769,Davidson,Nashville,10/11/2020 10:05:00 PM,3,1,0,36.147700,-86.744650,I 40,,,,0.00,,,,,,,212.00,N,Not at Intersection,N,Non-Junction,None,,,         ,Douglas,Mann,Clear,Front to Rear,no,no,no,no,no,False
102805920,METROPOLITAN NASHVILLE POLICE DEPT,20200644816,Davidson,Nashville,10/11/2020 11:15:00 PM,2,1,0,36.072130,-86.732890,WHISPERING HILLS DR,,,,0.00,,,EDMONDSON PKE,,,,0.00,Y,Four-Way,Y,Intersection,None,,,         ,Angeline,Comilla,,Front to Rear,no,no,no,no,no,False
102805926,METROPOLITAN NASHVILLE POLICE DEPT,20200644918,Davidson,Nashville,10/11/2020 11:09:00 PM,3,0,0,36.191390,-86.811730,18TH AVN,,,,35.00,Feet,West,18TH AV N CT,,,,0.00,N,Not at Intersection,N,Non-Junction,None,,,         ,Dakota,Vermillion,,"Sideswipe, Opposite Direction",no,no,no,no,yes,False
102805927,METROPOLITAN NASHVILLE POLICE DEPT,20200644783,Davidson,Nashville,10/11/2020 10:12:00 PM,2,0,0,36.237620,-86.786370,I24 E EXT RAMP,,,,0.00,,,,,,,0.00,,, ,Entrance/Exit Ramp Related,None,,,         ,Patrick,McGinnis,,"Sideswipe, Same Direction",no,no,no,no,no,False
102805946,METROPOLITAN NASHVILLE POLICE DEPT,20200644810,Davidson,Nashville,10/11/2020 10:12:00 PM,2,0,0,36.094690,-86.736910,NOLENSVILLE PKE,,,,442.00,Feet,South,WHEELER AV,,,,0.00,N,Not at Intersection,N,Non-Junction,None,,,         ,Tony,Mingsing,,Unknown,no,no,no,yes,yes,False
102805953,METROPOLITAN NASHVILLE POLICE DEPT,20200644796,Davidson,Nashville,10/12/2020 12:41:00 AM,1,0,0,36.168860,-86.666850,J B ESTILLE DR,,,,69.00,Feet,North,LEBANON PKE,,,,0.00,N,Not at Intersection,N,Non-Junction,Construction Zone,Work On Shoulder Or Median,Transition Area,         ,Amy,Hirschmann,,Not Collision with Motor Vehicle in Transport,no,no,no,no,no,False
102805956,METROPOLITAN NASHVILLE POLICE DEPT,20200645004,Davidson,Nashville,10/12/2020 1:15:00 AM,2,0,0,36.064590,-86.675290,GOODWIN RD,,,,276.00,Feet,South,REEVES RD,,,,0.00,N,Not at Intersection,N,Non-Junction,None,,,         ,Jose,Oliveros,,Angle,no,no,no,no,yes,False
102805966,METROPOLITAN NASHVILLE POLICE DEPT,20200644953,Davidson,Nashville,10/11/2020 12:00:00 AM,2,0,0,36.170680,-86.764560,RUSSELL ST,,,,132.00,Feet,West,S 5TH ST,,,,0.00,N,Not at Intersection,N,Non-Junction,None,,,         ,Colin,Bleem,,Angle,no,no,no,no,yes,False
102805989,METROPOLITAN NASHVILLE POLICE DEPT,20200645090,Davidson,Nashville,10/12/2020 12:00:00 AM,1,1,0,36.069120,-86.683840,ANTIOCH PKE,,,,0.00,Feet,,RICHARDS RD,,,,0.00,Y,T-Intersection,N,Intersection-Related,None,,,         ,Jeremy,Spears,Rain,Not Collision with Motor Vehicle in Transport,no,no,no,no,yes,False
102806067,METROPOLITAN NASHVILLE POLICE DEPT,20200645314,Davidson,Nashville,10/12/2020 6:40:00 AM,2,0,0,36.039440,-86.813970,OLD HICKORY BLVD,,,,729.00,Feet,East,ARCARO PL,,,,0.00,N,Not at Intersection, ,,None,,,         ,Gregory,Scott,,,no,no,no,no,no,False
102806077,METROPOLITAN NASHVILLE POLICE DEPT,20200643828,Davidson,Nashville,10/11/2020 7:30:00 AM,2,0,0,36.233140,-86.821730,BRILEY PKWYW,,,,149.00,Feet,West,BRILEY PKWY E EXT RAMP,,,,0.00,N,Not at Intersection,N,Non-Junction,None,,,         ,Pamela,Caulder,,"Sideswipe, Same Direction",no,no,no,no,yes,False
102806078,METROPOLITAN NASHVILLE POLICE DEPT,20200645315,Davidson,Nashville,10/12/2020 6:38:00 AM,2,0,0,36.135990,-86.698810,ARBOR CREEK BLVD,,,,0.00,,,BRILEY PKWY,,,,0.00,Y,Four-Way,N,Intersection,None,,,         ,Michael,Brooks,"Cloudy, Fog",Front to Rear,no,no,no,no,no,False
102806086,METROPOLITAN NASHVILLE POLICE DEPT,20200645386,Davidson,Nashville,10/12/2020 7:36:00 AM,2,0,0,36.064790,-86.628480,HAMILTON CHURCH RD,,,,0.00,Feet,,MURFREESBORO PKE,,,,0.00,Y,Four-Way, ,Intersection-Related,None,,,         ,Michael,Moss,,Front to Rear,no,no,no,no,no,False
102806089,METROPOLITAN NASHVILLE POLICE DEPT,20200627284,Davidson,Nashville,10/2/2020 8:46:00 AM,2,0,0,36.193330,-86.753290,ELLINGTON PKWY S ENT RAMP,,,,0.00,,,ELLINGTON PKWY S EXT RAMP,,,,0.00,Y,Four-Way,N,Intersection,None,,,         ,Megan,Lamon,Clear,Angle,no,no,no,no,no,False
102806121,METROPOLITAN NASHVILLE POLICE DEPT,20200645457,Davidson,Antioch,10/12/2020 8:10:00 AM,2,0,0,36.012860,-86.610930,FIRESTONE PKWY,,,,0.00,,,HEIL QUAKER BLVD,,,,0.00,Y,Four-Way,Y,Intersection,None,,,         ,Thomas,White,,Angle,no,no,no,no,no,False
102806141,METROPOLITAN NASHVILLE POLICE DEPT,20200645350,Davidson,Nashville,10/12/2020 7:05:00 AM,2,0,0,36.169040,-86.813040,I 40,,,,0.00,,,,,,,206.95,N,Not at Intersection,N,Non-Junction,None,,,         ,Justen,Ogle,,Angle,no,no,no,no,no,False
102806157,METROPOLITAN NASHVILLE POLICE DEPT,20200645500,Davidson,Nashville,10/12/2020 8:41:00 AM,2,0,0,36.245620,-86.756480,DICKERSON PKE,,,,0.00,,,,,,,0.00,,, ,Intersection-Related,None,,,         ,Ruben,Mariano,Cloudy,Front to Rear,no,no,no,no,no,False
102806164,METROPOLITAN NASHVILLE POLICE DEPT,20200645605,Davidson,Nashville,10/12/2020 9:25:00 AM,2,0,0,36.157110,-86.774670,4TH AVS,,,,0.00,,,KOREAN VETERANS BLVD,,,,0.00,Y,Four-Way, ,Non-Junction,None,,,         ,Rachel,Susee,,Front to Rear,no,no,no,no,no,False
102806168,METROPOLITAN NASHVILLE POLICE DEPT,20200645638,Davidson,Nashville,10/12/2020 10:05:00 AM,2,0,0,36.169260,-86.807980,JEFFERSON ST,,,,411.00,Feet,West,DR DB TODD JR BLVD,,,,0.00,N,Not at Intersection, ,Non-Junction,None,,,         ,Keith,Parlato,Clear,Front to Rear,no,no,no,no,no,False
102806181,METROPOLITAN NASHVILLE POLICE DEPT,20200645652,Davidson,Nashville,10/12/2020 9:48:00 AM,2,0,0,36.169060,-86.682400,FAIRWAY DR,,,,0.00,,,LEBANON PKE,,,,0.00,Y,Four-Way, ,Intersection-Related,None,,,         ,Michael,Brooks,Cloudy,"Sideswipe, Same Direction",no,no,no,no,no,False
102806190,METROPOLITAN NASHVILLE POLICE DEPT,20200645692,Davidson,Nashville,10/12/2020 10:57:00 AM,2,0,0,36.037470,-86.786070,OLD HICKORY BLVD,,,,68.00,Feet,West,WILSON PIKE CIR,,,,0.00,N,Not at Intersection, ,Non-Junction,None,,,         ,Gary,Sneed,,Front to Rear,no,no,no,no,no,False
102806191,METROPOLITAN NASHVILLE POLICE DEPT,20200645506,Davidson,Nashville,10/12/2020 8:30:00 AM,2,0,0,36.125320,-86.751970,US HWY 31 ALT,,,,0.00,,,,,,,0.00,,,N,Non-Junction,None,,,         ,Brian,Sherman,Cloudy,"Sideswipe, Opposite Direction",no,no,no,yes,yes,False
102806196,METROPOLITAN NASHVILLE POLICE DEPT,20200645681,Davidson,Nashville,10/12/2020 10:54:00 AM,2,0,0,36.188620,-86.775380,I 24,,,,0.00,,,,,,,47.00,N,Not at Intersection,N,Entrance/Exit Ramp Related,None,,,         ,Brandon,Evans,Clear,"Sideswipe, Same Direction",no,no,no,no,yes,False
102806200,METROPOLITAN NASHVILLE POLICE DEPT,20200645720,Davidson,Nashville,10/12/2020 11:22:00 AM,2,1,0,36.120700,-86.807970,LOMBARDY AV,,,,0.00,,,SHARONDALE DR,,,,0.00,Y,Four-Way,N,Intersection,None,,,         ,Curtis,Rich,Clear,Angle,no,no,no,no,no,False