master_record_number,agency,agency_tracking_number,county,city,collision_date,vehicles_involved,number_injured,number_dead,latitude,longitude,roadway_name,roadway_suffix,roadway_number,roadway_local_id,distance_from_reference,miles-feet_indicator,direction_from_reference,intersection_road_name,intersection_road_name_suffix,intersection_road_number,intersection_local_id,mile_marker,intersection_indicator,intersect_type,interchange_related_indicator,relation_to_junction,work_zone_type,construction_maintenance_zone,construction_maintenance_zone_location,fatal_case_number,officer_first_name,officer_last_name,weather_condition(s),manner_of_crash,pedestrian,bicycle,scooter,parking,hitrun,mou
102806204,METROPOLITAN NASHVILLE POLICE DEPT,20200645680,Davidson,Nashville,10/12/2020 10:51:00 AM,2,0,0,36.182140,-86.608120,FRIST BLVD,,,,0.00,,,OLD HICKORY BLVD,,,,0.00,Y,Four-Way, ,Intersection-Related,None,,,         ,Michael,Brooks,,Front to Rear,no,no,no,no,no,False
102806205,METROPOLITAN NASHVILLE POLICE DEPT,20200645749,Davidson,Not in City Limit,10/12/2020 11:40:00 AM,2,0,0,36.270920,-86.710390,GALLATIN PKEN,,,,61.00,Feet,South,ROOSEVELT AV,,,,0.00,N,Not at Intersection, ,Non-Junction,None,,,         ,Ian,Wilson,,"Sideswipe, Same Direction",no,no,no,no,no,False
102806210,METROPOLITAN NASHVILLE POLICE DEPT,20200645713,Davidson,Nashville,10/12/2020 10:35:00 AM,2,0,0,36.218450,-86.775020,I 65,,,,0.00,,,,,,,88.20,N,Not at Intersection, ,Non-Junction,None,,,         ,Brian,Quigley,Clear,"Sideswipe, Same Direction",no,no,no,no,no,False
102806218,METROPOLITAN NASHVILLE POLICE DEPT,20200645745,Davidson,Nashville,10/12/2020 11:37:00 AM,2,0,0,36.198120,-86.608570,ANDREW JACKSON PKWY,,,,278.00,Feet,North,TYLER DR,,,,0.00,N,Not at Intersection, ,Non-Junction,Construction Zone,,,         ,Michael,Brooks,,Front to Rear,no,no,no,no,no,False
102806227,METROPOLITAN NASHVILLE POLICE DEPT,20200645629,Davidson,Nashville,10/12/2020 10:11:00 AM,1,0,0,36.194590,-86.776170,I 24,,,,0.00,,,,,,,46.60,N,Not at Intersection,N,Non-Junction,None,,,         ,Jedidayah,Merriweather,Cloudy,Not Collision with Motor Vehicle in Transport,no,no,no,no,no,False
102806229,METROPOLITAN NASHVILLE POLICE DEPT,20200645794,Davidson,Nashville,10/12/2020 12:00:00 PM,3,0,0,36.123170,-86.806750,HILLSBORO PKE,,,,44.00,Feet,East,I 440,,,,0.00,N,Not at Intersection, ,,None,,,         ,Curtis,Rich,,,no,no,no,no,no,False
102806235,METROPOLITAN NASHVILLE POLICE DEPT,20200645817,Davidson,Nashville,10/12/2020 12:32:00 PM,2,0,0,36.064790,-86.628480,HAMILTON CHURCH RD,,,,0.00,,,MURFREESBORO PKE,,,,0.00,Y,Four-Way, ,Intersection-Related,None,,,         ,Michael,Moss,,Front to Rear,no,no,no,no,no,False
102806236,METROPOLITAN NASHVILLE POLICE DEPT,20200645352,Davidson,Nashville,10/12/2020 12:00:00 AM,3,0,0,36.278780,-86.734230,I 65,,,,0.00,,,,,,,93.25,N,Not at Intersection,N,Non-Junction,None,,,         ,Keenan,McCann,,Not Collision with Motor Vehicle in Transport,no,no,no,no,no,False
102806244,METROPOLITAN NASHVILLE POLICE DEPT,20200645781,Davidson,Nashville,10/12/2020 12:01:00 PM,3,1,0,36.216590,-86.763500,DICKERSON PKE,,,,292.00,Feet,South,LORRAINE AV,,,,0.00,N,Not at Intersection,N,Non-Junction,None,,,         ,Brandon,Evans,Clear,Angle,no,no,no,no,no,False
102806249,METROPOLITAN NASHVILLE POLICE DEPT,20200645884,Davidson,Nashville,10/12/2020 1:05:00 PM,2,0,0,36.081100,-86.758360,HARDING PL,,,,2.00,Feet,West,TROUSDALE DR,,,,0.00,N,Not at Intersection, ,,None,,,         ,Gregory,Scott,,,no,no,no,no,no,False
102806262,THP District 3 - Nashville,320056111,Davidson,Nashville,10/1/2020 8:50:00 PM,1,0,0,36.217370,-86.742860,HART LN,,,,175.00,Feet,East,BEN ALLEN RD,,,,0.00,N,Not at Intersection,N,Non-Junction,None,,,         ,Matthew,Priest,Clear,Not Collision with Motor Vehicle in Transport,no,no,no,no,no,False
102806269,METROPOLITAN NASHVILLE POLICE DEPT,2020645842,Davidson,Nashville,10/12/2020 1:00:00 PM,2,0,0,36.154020,-86.779410,LEA AV,,,,0.00,,,8TH AVS,,,,0.00,Y,T-Intersection, ,Non-Junction,None,,,         ,Tyler,Shanks,Clear,Front to Rear,no,no,no,no,no,False
102806279,METROPOLITAN NASHVILLE POLICE DEPT,20200645874,Davidson,Nashville,10/12/2020 12:46:00 PM,2,0,0,36.173110,-86.602030,OLD HICKORY BLVD,,,,177.00,Feet,South,CENTRAL PKE,,,,0.00,N,Not at Intersection, ,Non-Junction,None,,,         ,Michael,Brooks,,Angle,no,no,no,no,no,False
102806288,METROPOLITAN NASHVILLE POLICE DEPT,20200645954,Davidson,Nashville,10/12/2020 1:33:00 PM,2,0,0,36.232980,-86.757500,MAPLEWOOD TRC,,,,345.00,Feet,East,W MAPLEWOOD LN,,,,0.00,N,Not at Intersection, ,Non-Junction,None,,,         ,Megan,Lamon,Clear,Angle,no,no,no,no,no,False
102806289,METROPOLITAN NASHVILLE POLICE DEPT,20200645843,Davidson,Nashville,10/12/2020 12:44:00 PM,2,1,0,36.136410,-86.726690,I40 E ENT RAMP,,,,0.00,Feet,East,I 24,,,,0.00,N,Not at Intersection,N,Non-Junction,None,,,         ,Douglas,Atwood,Cloudy,"Sideswipe, Same Direction",no,no,no,no,no,False
102806294,METROPOLITAN NASHVILLE POLICE DEPT,20200645664,Davidson,Nashville,10/12/2020 10:45:00 AM,2,3,0,36.179650,-86.773920,I 24,,,,0.00,,,,,,,47.70,N,Not at Intersection,N,Non-Junction,None,,,         ,Jamel,Griffin,Clear,Front to Rear,no,no,no,no,no,False
102806309,METROPOLITAN NASHVILLE POLICE DEPT,20200645851,Davidson,Nashville,10/12/2020 12:47:00 PM,3,0,0,36.069910,-86.690020,I 24,,,,0.00,,,,,,,57.00,N,Not at Intersection,N,Non-Junction,None,,,         ,Jason,Hees,,"Sideswipe, Same Direction",no,no,no,no,yes,False
102806316,METROPOLITAN NASHVILLE POLICE DEPT,20200645933,Davidson,Nashville,10/12/2020 1:37:00 PM,2,1,0,36.046790,-86.713430,NOLENSVILLE PKE,,,,520.00,Feet,North,OLD HICKORY BLVD,,,,0.00,N,Not at Intersection,N,"Driveway, Alley Access, etc",None,,,         ,Michael,Moss,,Angle,no,no,no,no,no,False
102806351,METROPOLITAN NASHVILLE POLICE DEPT,20200646030,Davidson,Nashville,10/12/2020 2:49:00 PM,2,0,0,36.147330,-86.799350,US HWY 431,,,,33.00,Feet,South,GRAND AVE,,,,0.00,N,Not at Intersection, ,Non-Junction,None,,,         ,Zachary,Plese,Clear,Front to Rear,no,no,no,no,yes,Campus
102806356,METROPOLITAN NASHVILLE POLICE DEPT,20200645875,Davidson,Nashville,10/12/2020 12:00:00 AM,2,0,0,36.163060,-86.780730,CHURCH ST,,,,0.00,,,,,,,0.00,,,N,Non-Junction,None,,,         ,Frank,Campbell,,Unknown,no,no,no,yes,yes,False
102806368,METROPOLITAN NASHVILLE POLICE DEPT,20200645975,Davidson,Nashville,10/12/2020 1:45:00 PM,2,2,0,36.206260,-86.773520,I65 N EXT RAMP,,,,0.00,,,W TRINITY LN,,,,0.00,Y,T-Intersection,Y,Intersection-Related,None,,,         ,Jeremy,Smith,,Angle,no,no,no,no,yes,False
102806386,METROPOLITAN NASHVILLE POLICE DEPT,20200646048,Davidson,Nashville,10/12/2020 3:00:00 PM,2,0,0,36.047160,-86.662420,I 24,,,,0.00,,,,,,,59.20,N,Not at Intersection,N,Non-Junction,None,,,         ,Steven,Begley,,Front to Rear,no,no,no,no,no,False
102806398,METROPOLITAN NASHVILLE POLICE DEPT,20200645979,Davidson,Nashville,10/12/2020 2:12:00 PM,3,2,0,36.169530,-86.604620,I40 E EXT RAMP,,,,0.00,Feet,East,I 40,,,,0.00,N,Not at Intersection,N,Non-Junction,None,,,         ,Tyler,Hall,Clear,Front to Rear,no,no,no,no,no,False
102806401,METROPOLITAN NASHVILLE POLICE DEPT,20200646023,Davidson,Nashville,10/12/2020 1:40:00 PM,2,0,0,36.127290,-86.756500,UTOPIA AV,,,,211.00,Feet,North,EDISON ST,,,,0.00,N,Not at Intersection, ,Non-Junction,None,,,         ,Savannah,Starbuck,,Rear to Rear,no,no,no,no,no,False
102806408,METROPOLITAN NASHVILLE POLICE DEPT,20200646161,Davidson,Nashville,10/12/2020 2:43:00 PM,2,0,0,36.173820,-86.770190,I 24,,,,0.00,,,,,,,48.20,N,Not at Intersection, ,Non-Junction,None,,,         ,Jeremy,Smith,,"Sideswipe, Same Direction",no,no,no,no,no,False
102806416,METROPOLITAN NASHVILLE POLICE DEPT,20200646018,Davidson,Nashville,10/12/2020 2:00:00 PM,2,0,0,36.134450,-86.726760,I 24,,,,0.00,,,,,,,52.10,N,Not at Intersection,N,Non-Junction,None,,,         ,Matthew,Hogan,,"Sideswipe, Same Direction",no,no,no,no,yes,False
102806417,METROPOLITAN NASHVILLE POLICE DEPT,20200646109,Davidson,Nashville,10/12/2020 2:40:00 PM,2,0,0,36.217720,-86.604500,SHUTE LN,,,,1134.00,Feet,North,LEBANON PKE,,,,0.00,N,Not at Intersection, ,,None,,,         ,Destiny,Zunic,,,no,no,no,no,no,False
102806420,METROPOLITAN NASHVILLE POLICE DEPT,20200646012,Davidson,Nashville,10/12/2020 1:27:00 PM,2,0,0,36.180450,-86.748000,ORDWAY PL,,,,0.00,,,N 12TH ST,,,,0.00,Y,Four-Way, ,Intersection,None,,,         ,Tyler,Heckaman,,Angle,no,no,no,no,no,False
102806425,METROPOLITAN NASHVILLE POLICE DEPT,20200646237,Davidson,Nashville,10/12/2020 4:49:00 PM,2,0,0,36.172240,-86.799090,I 65,,,,0.00,,,,,,,84.45,N,Not at Intersection,N,Non-Junction,None,,,         ,Cory,Fetner,,Front to Rear,no,no,no,no,no,False
102806426,METROPOLITAN NASHVILLE POLICE DEPT,20200646180,Davidson,Nashville,10/12/2020 3:51:00 PM,2,1,0,36.151420,-86.768640,I 40,,,,0.00,,,,,,,210.50,N,Not at Intersection, ,Non-Junction,None,,,         ,Peter,Kinsey,Cloudy,"Sideswipe, Same Direction",no,no,no,no,no,False
102806427,METROPOLITAN NASHVILLE POLICE DEPT,20200646126,Davidson,Goodlettsville,10/12/2020 3:00:00 PM,2,1,0,36.308670,-86.695410,CONFERENCE DR,,,,236.00,Feet,North,VIETNAM VETERANS BLVD SB EXT R,,,,0.00,N,Not at Intersection,N,Non-Junction,None,,,         ,Joshua,Belk,Cloudy,"Sideswipe, Same Direction",no,no,no,no,no,False
102806428,METROPOLITAN NASHVILLE POLICE DEPT,20200646249,Davidson,Nashville,10/12/2020 4:57:00 PM,2,0,0,36.171900,-86.773740,N 1ST ST,,,,647.00,Feet,North,MAIN ST,,,,0.00,N,Not at Intersection,N,Non-Junction,None,,,         ,Nicholas,Berry,,"Sideswipe, Same Direction",no,no,no,no,no,False
102806429,METROPOLITAN NASHVILLE POLICE DEPT,20200642657,Davidson,Nashville,10/10/2020 1:53:00 PM,2,1,1,36.025410,-86.615840,OLD HICKORY BLVD,,,,2002.00,Feet,South,LOGISTICS WAY,,,,0.00,N,Not at Intersection,N,Non-Junction,None,,,20-0862  ,Cressie,Prill,Rain,Angle,no,no,no,no,no,False
102806430,METROPOLITAN NASHVILLE POLICE DEPT,20200643026,Davidson,Nashville,10/10/2020 7:16:00 PM,1,1,0,36.063380,-86.702670,PACKARD DR,,,,89.00,Feet,East,CEDAR HILL RD,,,,0.00,N,Not at Intersection,N,Non-Junction,None,,,         ,Cressie,Prill,"Cloudy, Rain",Not Collision with Motor Vehicle in Transport,yes,no,no,no,yes,False
102806431,METROPOLITAN NASHVILLE POLICE DEPT,20200646284,Davidson,Nashville,10/12/2020 5:14:00 PM,2,0,0,36.159010,-86.791720,I 40,,,,0.00,,,,,,,208.90,N,Not at Intersection, ,Non-Junction,None,,,         ,Gabriel,Vasquez,,Front to Rear,no,no,no,no,no,False
102806435,METROPOLITAN NASHVILLE POLICE DEPT,20200646204,Davidson,Not in City Limit,10/12/2020 4:24:00 PM,2,0,0,36.325800,-86.868800,I24 W EXT RAMP,,,,0.00,Feet,East,I 24,,,,0.00,N,Not at Intersection, ,Non-Junction,None,,,         ,Melvin,Taylor,,Front to Rear,no,no,no,no,no,False
102806437,METROPOLITAN NASHVILLE POLICE DEPT,20200644696,Davidson,Nashville,10/11/2020 8:47:00 PM,1,1,0,36.150220,-86.796180,DIVISION ST,,,,76.00,Feet,West,19TH AVS,,,,0.00,N,Not at Intersection,N,Non-Junction,None,,,         ,Cressie,Prill,Cloudy,Not Collision with Motor Vehicle in Transport,yes,no,no,no,no,False
102806457,METROPOLITAN NASHVILLE POLICE DEPT,20200646335,Davidson,Nashville,10/12/2020 5:30:00 PM,2,0,0,36.171180,-86.767750,I 24,,,,0.00,,,,,,,48.60,N,Not at Intersection, ,,None,,,         ,Donovan,Coble,,,no,no,no,no,no,False
102806459,METROPOLITAN NASHVILLE POLICE DEPT,20200646191,Davidson,Nashville,10/12/2020 4:20:00 PM,2,0,0,36.198440,-86.620270,OLD HICKORY BLVD,,,,0.00,,,LEBANON PKE,,,,0.00,Y,Four-Way, ,,None,,,         ,Destiny,Zunic,,,no,no,no,no,no,False
102806460,METROPOLITAN NASHVILLE POLICE DEPT,20200646372,Davidson,Nashville,10/12/2020 12:00:00 AM,2,0,0,36.175160,-86.771570,I 24,,,,0.00,,,,,,,48.05,N,Not at Intersection, ,Non-Junction,None,,,         ,Trevor,Taylor,Cloudy,Front to Rear,no,no,no,no,yes,False
102806462,METROPOLITAN NASHVILLE POLICE DEPT,20200646405,Davidson,Nashville,10/12/2020 6:30:00 PM,1,1,0,36.086760,-86.694810,HARDING PL,,,,339.00,Feet,East,METROPLEX DR,,,,0.00,N,Not at Intersection,N,Non-Junction,None,,,         ,Edward,Starke,,Not Collision with Motor Vehicle in Transport,yes,no,no,no,yes,False
102806469,BERRY HILL POLICE DEPT,20-3769,Davidson,Berry Hill,10/12/2020 12:00:00 AM,2,0,0,36.118860,-86.774590,FRANKLIN PKE,,,,0.00,,,BERRY RD,,,,0.00,Y,T-Intersection, ,Intersection,None,,,         ,John,Gleixner,Rain,Front to Rear,no,no,no,no,no,False
102806470,METROPOLITAN NASHVILLE POLICE DEPT,20200646386,Davidson,Nashville,10/12/2020 6:15:00 PM,2,0,0,36.090330,-86.626500,SMITH SPRINGS RD,,,,0.00,Feet,North,BELL RD,,,,0.00,N,Not at Intersection, ,,None,,,         ,Scarlett,Collins,,,no,no,no,no,no,False
102806474,METROPOLITAN NASHVILLE POLICE DEPT,20200646392,Davidson,Nashville,10/12/2020 6:24:00 PM,2,1,0,36.153760,-86.787860,I 40,,,,0.00,,,,,,,209.30,N,Not at Intersection,N,Non-Junction,None,,,         ,Matthew,Mrowiec,Rain,Rear to Side,no,no,no,no,no,False
102806475,METROPOLITAN NASHVILLE POLICE DEPT,20200646444,Davidson,Nashville,10/12/2020 7:00:00 PM,1,0,0,36.150480,-86.770350,4TH AVS,,,,0.00,,,I40 E EXT RAMP,,,,0.00,Y,OTHER, ,Intersection-Related,None,,,         ,Douglas,Sykes,,Not Collision with Motor Vehicle in Transport,no,no,no,no,no,False
102806476,METROPOLITAN NASHVILLE POLICE DEPT,20200646408,Davidson,Not in City Limit,10/12/2020 6:00:00 PM,2,0,0,36.077830,-86.998580,I 40,,,,0.00,,,,,,,193.70,N,Not at Intersection,N,Non-Junction,None,,,         ,Billy,Price,,"Sideswipe, Same Direction",no,no,no,no,yes,False
102806480,METROPOLITAN NASHVILLE POLICE DEPT,20200646384,Davidson,Not in City Limit,10/12/2020 6:10:00 PM,2,1,0,36.262860,-86.703390,E OLD HICKORY BLVD,,,,0.00,Feet,East,FOREST PARK RD,,,,0.00,N,Not at Intersection,N,Non-Junction,None,,,         ,Dylan,Ramos,,Angle,no,no,no,no,yes,False
102806484,METROPOLITAN NASHVILLE POLICE DEPT,20200646473,Davidson,Nashville,10/12/2020 7:12:00 PM,2,0,0,36.043740,-86.781400,I 65,,,,0.00,,,,,,,74.90,N,Not at Intersection,N,Non-Junction,None,,,         ,William,King,,"Sideswipe, Same Direction",no,no,no,no,yes,False
102806489,METROPOLITAN NASHVILLE POLICE DEPT,20200646522,Davidson,Nashville,10/12/2020 7:49:00 PM,1,1,0,36.038840,-86.659260,MOUNTAINHIGH DR,,,,76.00,Feet,South,CANE RIDGE RD,,,,0.00,N,Not at Intersection,N,Non-Junction,None,,,         ,Edward,Starke,,Not Collision with Motor Vehicle in Transport,no,no,no,yes,no,False
102806497,METROPOLITAN NASHVILLE POLICE DEPT,20200646540,Davidson,Antioch,10/12/2020 7:32:00 PM,2,0,0,36.048210,-86.593280,PIN HOOK RD,,,,41.00,Feet,West,POST OAK DR,,,,0.00,N,Not at Intersection,N,Non-Junction,None,,,         ,Matthew,Swindell,,Front to Rear,no,no,no,no,yes,False
102806528,METROPOLITAN NASHVILLE POLICE DEPT,20200646371,Davidson,Not in City Limit,10/12/2020 12:00:00 AM,1,1,0,36.267190,-86.957230,HIGDON RD,,,,1014.00,Feet,North,LITTLE MARROWBONE RD,,,,0.00,N,Not at Intersection,N,Non-Junction,None,,,         ,Melvin,Taylor,,Not Collision with Motor Vehicle in Transport,no,no,no,no,no,False
102806545,METROPOLITAN NASHVILLE POLICE DEPT,20200646529,Davidson,Nashville,10/12/2020 7:31:00 PM,2,0,0,36.124610,-86.847290,WOODMONT BLVD,,,,171.00,Feet,South,WHITE BRIDGE PKE,,,,0.00,N,Not at Intersection,N,Non-Junction,None,,,         ,Ryan,Malone,Clear,Angle,no,no,no,no,no,False
102806546,METROPOLITAN NASHVILLE POLICE DEPT,20200646549,Davidson,Nashville,10/12/2020 8:05:00 PM,2,0,0,36.073020,-86.682800,ANTIOCH PKE,,,,357.00,Feet,North,CHEROKEE PL,,,,0.00,N,Not at Intersection,N,Non-Junction,None,,,         ,Marcus,Darden,,Other,no,no,no,yes,yes,False
102806551,METROPOLITAN NASHVILLE POLICE DEPT,20200646589,Davidson,Nashville,10/12/2020 6:20:00 PM,2,0,0,36.224050,-86.774540,I 65,,,,0.00,,,,,,,88.55,N,Not at Intersection,N,Non-Junction,None,,,         ,Chase,Harriman,,"Sideswipe, Same Direction",no,no,no,no,no,False
102806560,METROPOLITAN NASHVILLE POLICE DEPT,20200646625,Davidson,Nashville,10/12/2020 8:50:00 PM,2,0,0,36.040870,-86.742370,OLD HICKORY BLVD,,,,452.00,Feet,East,EDMONDSON PKE,,,,0.00,N,Not at Intersection,N,Non-Junction,None,,,         ,Brady,Reynolds,,Angle,no,no,no,yes,yes,False
102806574,METROPOLITAN NASHVILLE POLICE DEPT,20200646650,Davidson,Not in City Limit,10/12/2020 9:12:00 PM,4,1,0,36.258430,-86.713540,HARRIS ST,,,,0.00,,,GALLATIN PKES,,,,0.00,Y,Four-Way,N,Intersection,None,,,         ,Christopher,Littles,,Front to Rear,no,no,no,no,no,False
102806578,METROPOLITAN NASHVILLE POLICE DEPT,20200646496,Davidson,Nashville,10/12/2020 7:03:00 PM,2,0,0,36.116702,-86.923229,OLD HICKORY BLVD,,,,0.00,,,CHARLOTTE PK,,,,0.00,Y,Four-Way,N,Intersection,None,,,         ,Jeremy,Huffine,Rain,Angle,no,no,no,no,no,False
102806584,METROPOLITAN NASHVILLE POLICE DEPT,20200646695,Davidson,Nashville,10/12/2020 9:36:00 PM,2,0,0,36.075700,-86.711470,FAULKNER DR,,,,555.00,Feet,West,LEOPOLE RD,,,,0.00,N,Not at Intersection,N,Non-Junction,None,,,         ,Gary,Anderson,,Angle,no,no,no,no,yes,False
102806630,METROPOLITAN NASHVILLE POLICE DEPT,20200646802,Davidson,Nashville,10/12/2020 11:02:00 PM,2,0,0,36.218600,-86.803790,WHITES CREEK PKE,,,,185.00,Feet,North,MOORMANS ARM RD,,,,0.00,N,Not at Intersection,N,Non-Junction,None,,,         ,Cameron,VanLierop,,Unknown,no,no,no,yes,yes,False
102806637,Nashville Airport Police,202770,Davidson,Nashville,10/12/2020 12:00:00 AM,1,0,0,36.110620,-86.683610,MURFREESBORO PKE,,,,200.00,Feet,West,AIR FREIGHT BLVD,,,,0.00,N,Not at Intersection,N,Non-Junction,None,,,         ,Tyler,Comp,Clear,Not Collision with Motor Vehicle in Transport,no,no,no,no,yes,False
102806641,METROPOLITAN NASHVILLE POLICE DEPT,20200646905,Davidson,Nashville,10/12/2020 9:50:00 PM,1,0,0,36.250120,-86.713290,E WEBSTER ST,,,,353.00,Feet,North,E PALESTINE AV,,,,0.00,N,Not at Intersection,N,Non-Junction,None,,,         ,John,Hoesli,,Not Collision with Motor Vehicle in Transport,no,no,no,no,yes,False
102806681,METROPOLITAN NASHVILLE POLICE DEPT,20200647141,Davidson,Nashville,10/13/2020 12:00:00 AM,1,1,0,36.204750,-86.799230,YOUNGS LN,,,,420.00,Feet,West,FREE SILVER RD,,,,0.00,N,Not at Intersection,N,Non-Junction,None,,,         ,Jacob,Dick,,Not Collision with Motor Vehicle in Transport,no,no,no,no,no,False
102806715,METROPOLITAN NASHVILLE POLICE DEPT,20200647303,Davidson,Nashville,10/13/2020 6:10:00 AM,2,0,0,36.040010,-86.743470,OLD HICKORY BLVD,,,,0.00,,,EDMONDSON PKE,,,,0.00,Y,Four-Way, ,Non-Junction,None,,,         ,John,Frazier,,Other,no,no,no,no,no,False
102806729,METROPOLITAN NASHVILLE POLICE DEPT,20200646086,Davidson,Nashville,10/12/2020 3:20:00 PM,2,0,0,36.144290,-86.695230,I 40,,,,0.00,,,,,,,215.00,N,Not at Intersection,N,Non-Junction,None,,,         ,Michael,Brickman,"Cloudy, Other",Front to Rear,no,no,no,no,no,False
102806731,METROPOLITAN NASHVILLE POLICE DEPT,20200647334,Davidson,Nashville,10/13/2020 6:25:00 AM,2,0,0,36.195990,-86.776120,I 65,,,,0.00,,,,,,,86.60,N,Not at Intersection,N,Non-Junction,None,,,         ,Jedidayah,Merriweather,,Front to Rear,no,no,no,no,no,False
102806736,METROPOLITAN NASHVILLE POLICE DEPT,20200647384,Davidson,Nashville,10/13/2020 7:22:00 AM,3,1,0,36.055010,-86.642410,ZELIDA AV,,,,0.00,,,BELL RD,,,,0.00,Y,Four-Way,Y,Non-Junction,None,,,         ,Steven,Williams,,Angle,no,no,no,no,no,False
102806750,METROPOLITAN NASHVILLE POLICE DEPT,20200647366,Davidson,Nashville,10/13/2020 3:54:00 AM,1,0,0,36.074090,-86.688770,RADER DR,,,,0.00,,,,,,,0.00,,, ,Non-Junction,None,,,         ,Jason,Hees,Clear,Not Collision with Motor Vehicle in Transport,no,no,no,yes,no,False
102806753,METROPOLITAN NASHVILLE POLICE DEPT,20200647329,Davidson,Nashville,10/13/2020 6:47:00 AM,2,0,0,36.140570,-86.723900,I 40,,,,0.00,,,,,,,213.45,N,Not at Intersection, ,Non-Junction,None,,,         ,MIchael,Mihajlov,Clear,"Sideswipe, Same Direction",no,no,no,no,no,False
102806762,METROPOLITAN NASHVILLE POLICE DEPT,20200647470,Davidson,Nashville,10/13/2020 8:19:00 AM,2,0,0,36.149660,-86.747540,I 40,,,,0.00,,,,,,,211.75,N,Not at Intersection,N,Non-Junction,None,,,         ,Curtis,Rich,Clear,Front to Rear,no,no,no,no,no,False
102806767,THP District 3 - Nashville,320058275,Davidson,Nashville,10/10/2020 4:30:00 PM,2,0,0,36.210780,-86.775940,I 65,,,,0.00,,,,,,,87.65,N,Not at Intersection, ,Non-Junction,None,,,         ,Matthew,Priest,Clear,"Sideswipe, Same Direction",no,no,no,no,yes,False
102806769,METROPOLITAN NASHVILLE POLICE DEPT,20200647453,Davidson,Nashville,10/13/2020 8:20:00 AM,2,0,0,36.151120,-86.691960,ELM HILL PKE,,,,47.00,Feet,West,BRILEY PKWY S EXT RAMP,,,,0.00,N,Not at Intersection, ,Non-Junction,None,,,         ,Michael,Moss,,Front to Rear,no,no,no,no,no,False
102806770,METROPOLITAN NASHVILLE POLICE DEPT,20200647383,Davidson,Nashville,10/13/2020 7:17:00 AM,3,0,0,36.198370,-86.776380,I 65,,,,0.00,,,,,,,86.75,N,Not at Intersection, ,Non-Junction,None,,,         ,Brian,Quigley,,Front to Rear,no,no,no,no,no,False
102806774,METROPOLITAN NASHVILLE POLICE DEPT,20200647331,Davidson,Not in City Limit,10/13/2020 6:20:00 AM,2,0,0,36.279360,-86.802480,I 24,,,,0.00,,,,,,,40.35,N,Not at Intersection, ,Non-Junction,None,,,         ,Pamela,Caulder,Clear,Front to Rear,no,no,no,no,no,False
102806780,METROPOLITAN NASHVILLE POLICE DEPT,20200647447,Davidson,Nashville,10/13/2020 8:05:00 AM,2,0,0,36.140580,-86.722430,I 40,,,,0.00,,,,,,,213.50,N,Not at Intersection, ,Non-Junction,None,,,         ,Jean,McCormack,Clear,Rear to Rear,no,no,no,no,no,False
102806784,METROPOLITAN NASHVILLE POLICE DEPT,20200647372,Davidson,Nashville,10/13/2020 6:28:00 AM,3,0,0,36.068700,-86.688530,I24 W ENT RAMP,,,,0.00,,,I 24,,,,0.00,Y,OTHER,Y,Entrance/Exit Ramp Related,None,,,         ,Stanley,Collins,,Front to Rear,no,no,no,no,yes,False
102806790,METROPOLITAN NASHVILLE POLICE DEPT,20200647374,Davidson,Nashville,10/13/2020 7:05:00 AM,4,1,0,36.209590,-86.870360,ASHLAND CITY HWY,,,,0.00,Feet,,ASHLAND CITY HWY WB ENT RAMP,,,,0.00,Y,T-Intersection,N,Intersection,None,,,         ,Justen,Ogle,Clear,Other,no,no,no,no,no,False
102806792,METROPOLITAN NASHVILLE POLICE DEPT,20200647473,Davidson,Nashville,10/13/2020 7:50:00 AM,2,0,0,36.158730,-86.818530,28TH AVN,,,,0.00,,,CLIFTON AV,,,,0.00,Y,Four-Way,N,Intersection,None,,,         ,Keith,Parlato,Clear,Angle,no,no,no,no,yes,False
102806801,METROPOLITAN NASHVILLE POLICE DEPT,20200647551,Davidson,Nashville,10/13/2020 7:42:00 AM,2,4,0,36.236600,-86.617050,ROLLING MILL RD,,,,0.00,,,RISING SUN LN,,,,0.00,Y,Four-Way,N,Intersection,None,,,         ,Michael,Brooks,,"Sideswipe, Opposite Direction",no,no,no,no,no,False
102806805,METROPOLITAN NASHVILLE POLICE DEPT,20200647559,Davidson,Nashville,10/13/2020 7:38:00 AM,2,0,0,36.130660,-86.804180,BLAIR BLVD,,,,650.00,Feet,West,21ST AVS,,,,0.00,N,Not at Intersection, ,Non-Junction,None,,,         ,Nicholas,Kiraly,,Front to Rear,no,no,no,no,no,False
102806827,METROPOLITAN NASHVILLE POLICE DEPT,2020-0647527,Davidson,Nashville,10/13/2020 12:00:00 AM,2,0,0,36.126700,-86.711090,MURFREESBORO PKE,,,,0.00,Feet,,EAST THOMPSON LN,,,,0.00,Y,Four-Way,N,Intersection,None,,,         ,Ciara,Doherty,Clear,Front to Rear,no,no,no,no,no,False
102806844,METROPOLITAN NASHVILLE POLICE DEPT,20200647538,Davidson,Not in City Limit,10/13/2020 8:15:00 AM,2,0,0,36.262210,-86.712210,GALLATIN PKES,,,,0.00,,,E OLD HICKORY BLVD,,,,0.00,Y,Four-Way,N,Intersection-Related,None,,,         ,Cyretha,Frazier,,"Sideswipe, Same Direction",no,no,no,no,no,False