master_record_number,agency,agency_tracking_number,county,city,collision_date,vehicles_involved,number_injured,number_dead,latitude,longitude,roadway_name,roadway_suffix,roadway_number,roadway_local_id,distance_from_reference,miles-feet_indicator,direction_from_reference,intersection_road_name,intersection_road_name_suffix,intersection_road_number,intersection_local_id,mile_marker,intersection_indicator,intersect_type,interchange_related_indicator,relation_to_junction,work_zone_type,construction_maintenance_zone,construction_maintenance_zone_location,fatal_case_number,officer_first_name,officer_last_name,weather_condition(s),manner_of_crash,pedestrian,bicycle,scooter,parking,hitrun,mou
102807587,METROPOLITAN NASHVILLE POLICE DEPT,20200649524,Davidson,Not in City Limit,10/14/2020 7:45:00 AM,2,2,0,36.295580,-86.853690,WHITES CREEK PKE,,,,105.00,Feet,North,SEYMOUR HOLLOW RD,,,,0.00,N,Not at Intersection,N,Non-Junction,None,,,         ,Jeanine,Sarno,,Front to Rear,no,no,no,no,no,False
102807599,METROPOLITAN NASHVILLE POLICE DEPT,20200647855,Davidson,Nashville,10/13/2020 1:05:00 PM,2,2,0,36.185520,-86.817180,CLARKSVILLE PKE,,,,0.00,,,25TH AVN,,,,0.00,Y,Four-Way,N,Intersection,None,,,         ,Isaac,Wood,,Angle,no,no,no,no,no,False
102807602,METROPOLITAN NASHVILLE POLICE DEPT,20200649520,Davidson,Nashville,10/14/2020 9:28:00 AM,3,2,0,36.058460,-86.741610,EDMONDSON PKE,,,,589.00,Feet,South,SEVEN MILE CREEK GRNWY,,,,0.00,N,Not at Intersection,N,Non-Junction,None,,,         ,Gary,Sneed,,Angle,no,no,no,no,no,False
102807614,METROPOLITAN NASHVILLE POLICE DEPT,20200649654,Davidson,Nashville,10/14/2020 11:04:00 AM,2,0,0,36.072770,-86.692030,I 24,,,,0.00,,,,,,,56.75,N,Not at Intersection,N,Non-Junction,None,,,         ,Thomas,White,,Front to Rear,no,no,no,no,no,False
102807615,METROPOLITAN NASHVILLE POLICE DEPT,20200649603,Davidson,Nashville,10/14/2020 10:06:00 AM,2,0,0,36.124300,-86.751800,NOLENSVILLE PKE,,,,89.00,Feet,North,I440 W EXT RAMP,,,,0.00,N,Not at Intersection,N,Non-Junction,None,,,         ,Devin,Mabry,,"Sideswipe, Same Direction",no,no,no,no,no,False
102807619,METROPOLITAN NASHVILLE POLICE DEPT,20200649740,Davidson,Nashville,10/14/2020 11:45:00 AM,2,0,0,36.174990,-86.614210,DODSON CHAPEL RD,,,,98.00,Feet,North,CENTRAL PKE,,,,0.00,N,Not at Intersection, ,,None,,,         ,Michael,Brooks,,,no,no,no,no,no,False
102807621,METROPOLITAN NASHVILLE POLICE DEPT,20200649723,Davidson,Nashville,10/14/2020 11:45:00 AM,2,2,0,36.044840,-86.668390,STATE HWY 254,,,,0.00,Feet,,BEECHWOOD TER,,,,0.00,Y,Four-Way,Y,Intersection,None,,,         ,Cory,Stratton,Clear,HeadOn,no,no,no,no,no,False
102807631,METROPOLITAN NASHVILLE POLICE DEPT,20200649355,Davidson,Nashville,10/14/2020 7:27:00 AM,4,0,0,36.248770,-86.742360,I 65,,,,0.00,,,,,,,91.10,N,Not at Intersection,N,Non-Junction,None,,,         ,Ruben,Mariano,Clear,"Sideswipe, Same Direction",no,no,no,no,no,False
102807632,METROPOLITAN NASHVILLE POLICE DEPT,20200649421,Davidson,Nashville,10/14/2020 7:26:00 AM,1,0,0,36.245590,-86.745780,I 65,,,,0.00,,,,,,,90.80,N,Not at Intersection,N,Non-Junction,None,,,         ,Ruben,Mariano,Clear,Not Collision with Motor Vehicle in Transport,no,no,no,no,yes,False
102807674,METROPOLITAN NASHVILLE POLICE DEPT,20200649809,Davidson,Nashville,10/14/2020 12:00:00 PM,2,0,0,36.151800,-86.771250,LAFAYETTE ST,,,,0.00,,,4TH AVS,,,,0.00,Y,Four-Way, ,Intersection,None,,,         ,Kyle,Lund,,"Sideswipe, Same Direction",no,no,no,no,no,False
102807675,METROPOLITAN NASHVILLE POLICE DEPT,20200649882,Davidson,Nashville,10/14/2020 1:28:00 PM,2,0,0,36.153170,-86.857590,BRILEY PKWY,,,,62.00,Feet,North,I40 W EXT RAMP,,,,0.00,N,Not at Intersection, ,Non-Junction,None,,,         ,Curtis,Rich,Clear,Angle,no,no,no,no,no,False
102807680,METROPOLITAN NASHVILLE POLICE DEPT,20200649765,Davidson,Nashville,10/14/2020 12:00:00 AM,2,0,0,36.083580,-86.707680,HARDING PL,,,,279.00,Feet,West,LARGO DR,,,,0.00,N,Not at Intersection,N,Non-Junction,None,,,         ,Todd,Watson,Clear,Front to Rear,no,no,no,no,no,False
102807691,METROPOLITAN NASHVILLE POLICE DEPT,20200649783,Davidson,Nashville,10/14/2020 12:11:00 PM,2,0,0,36.053750,-86.714230,BREWER DR,,,,143.00,Feet,West,NOLENSVILLE PKE,,,,0.00,N,Not at Intersection,N,Non-Junction,None,,,         ,Stanley,Collins,,Angle,no,no,no,no,no,False
102807697,METROPOLITAN NASHVILLE POLICE DEPT,20200649876,Davidson,Nashville,10/14/2020 1:31:00 PM,3,3,0,36.090520,-86.626250,BELL RD,,,,98.00,Feet,East,SMITH SPRINGS RD,,,,0.00,N,Not at Intersection,N,Non-Junction,None,,,         ,MIchael,Mihajlov,Clear,Front to Rear,no,no,no,no,no,False
102807707,METROPOLITAN NASHVILLE POLICE DEPT,20200649918,Davidson,Nashville,10/14/2020 1:56:00 PM,2,0,0,36.164240,-86.819900,28TH AVN,,,,0.00,,,ALBION ST,,,,0.00,Y,Four-Way, ,Intersection,None,,,         ,Keith,Parlato,,Front to Rear,no,no,no,no,no,False
102807709,METROPOLITAN NASHVILLE POLICE DEPT,20200649868,Davidson,Nashville,10/14/2020 1:24:00 PM,2,1,0,36.146850,-86.743370,I 40,,,,0.00,,,,,,,212.05,N,Not at Intersection,N,Non-Junction,None,,,         ,Terry,Denton,Clear,Angle,no,no,no,no,yes,False
102807711,METROPOLITAN NASHVILLE POLICE DEPT,20200649913,Davidson,Nashville,10/14/2020 1:51:00 PM,2,0,0,36.156390,-86.631380,STEWARTS FERRY PKE,,,,0.00,,,I40 W EXT RAMP,,,,0.00,Y,OTHER,N,Entrance/Exit Ramp Related,None,,,         ,Michael,Brooks,,Angle,no,no,no,no,yes,False
102807714,METROPOLITAN NASHVILLE POLICE DEPT,20200649906,Davidson,Not in City Limit,10/14/2020 1:48:00 PM,2,0,0,36.262550,-86.712090,GALLATIN PKES,,,,130.00,Feet,North,E OLD HICKORY BLVD,,,,0.00,N,Not at Intersection, ,Non-Junction,None,,,         ,Steven,Bowler,,Front to Rear,no,no,no,no,no,False
102807715,METROPOLITAN NASHVILLE POLICE DEPT,20200649885,Davidson,Nashville,10/14/2020 1:36:00 PM,2,0,0,36.192090,-86.828670,CLARKSVILLE PKE,,,,139.00,Feet,East,CLIFF DR,,,,0.00,N,Not at Intersection, ,Non-Junction,None,,,         ,Michael,Foster,,Angle,no,no,no,no,yes,False
102807724,METROPOLITAN NASHVILLE POLICE DEPT,20200649861,Davidson,Nashville,10/14/2020 1:18:00 PM,3,2,0,36.090330,-86.626500,SMITH SPRINGS RD,,,,0.00,,,BELL RD,,,,0.00,Y,Four-Way,N,Intersection,None,,,         ,Michael,Brooks,,Front to Rear,no,no,no,no,no,False
102807733,METROPOLITAN NASHVILLE POLICE DEPT,20200649888,Davidson,Nashville,10/14/2020 1:23:00 PM,2,0,0,36.150090,-86.784250,I 40,,,,0.00,,,,,,,209.60,N,Not at Intersection, ,Unknown,None,,,         ,Frank,Campbell,,"Sideswipe, Same Direction",no,no,no,no,no,False
102807738,METROPOLITAN NASHVILLE POLICE DEPT,20200649981,Davidson,Nashville,10/14/2020 2:57:00 PM,2,0,0,36.091070,-86.703890,I 24,,,,0.00,,,,,,,55.30,N,Not at Intersection,N,Non-Junction,None,,,         ,Garrett,Latham,,Not Collision with Motor Vehicle in Transport,no,no,no,no,yes,False
102807746,GOODLETTSVILLE POLICE DEPT,20-30396,Davidson,Goodlettsville,10/14/2020 3:14:00 PM,2,0,0,36.323420,-86.703960,I65 N EXT RAMP,,,,297.00,Feet,South,I 65,,,,0.00,N,Not at Intersection, ,Entrance/Exit Ramp Related,None,,,         ,Rico,Jones,Clear,Front to Rear,no,no,no,no,no,False
102807748,METROPOLITAN NASHVILLE POLICE DEPT,20200650010,Davidson,Nashville,10/14/2020 2:54:00 PM,2,0,0,36.176350,-86.778880,JEFFERSON ST,,,,157.00,Feet,West,OLDHAM ST PVTDR,,,,0.00,N,Not at Intersection, ,Non-Junction,None,,,         ,David,Snowden,,Angle,no,no,no,no,no,False
102807749,BELLE MEADE POLICE DEPT,20-0207,Davidson,Belle Meade,10/14/2020 2:35:00 PM,1,1,0,36.085480,-86.868340,PAGE RD,,,,100.00,Feet,South,FORREST PARK DR,,,,0.00,N,Not at Intersection,N,Non-Junction,None,,,         ,Charles,Williams,Clear,Not Collision with Motor Vehicle in Transport,no,no,no,no,no,False
102807761,METROPOLITAN NASHVILLE POLICE DEPT,20200650049,Davidson,Nashville,10/14/2020 2:48:00 PM,2,0,0,36.243900,-86.756580,DICKERSON PKE,,,,3.00,Feet,North,SKYLINE MEMORIAL CT,,,,0.00,N,Not at Intersection, ,Non-Junction,None,,,         ,Kyle,Eicholtz,,Front to Rear,no,no,no,no,no,False
102807772,METROPOLITAN NASHVILLE POLICE DEPT,20200650088,Davidson,Nashville,10/14/2020 1:34:00 PM,2,1,0,36.234710,-86.715040,BRUSH HILL RD,,,,33.00,Feet,South,BRILEY PKWYE,,,,0.00,N,Not at Intersection,N,Non-Junction,None,,,         ,Ryan,Coll,,"Sideswipe, Same Direction",no,no,no,no,no,False
102807775,METROPOLITAN NASHVILLE POLICE DEPT,20200650101,Davidson,Nashville,10/14/2020 3:47:00 PM,2,0,0,36.124080,-86.751680,NOLENSVILLE PKE,,,,0.00,,,I440 W EXT RAMP,,,,0.00,Y,T-Intersection,Y,Intersection,None,,,         ,Edin,Plancic,,Angle,no,no,no,no,no,False
102807776,METROPOLITAN NASHVILLE POLICE DEPT,20200650131,Davidson,Nashville,10/14/2020 4:05:00 PM,2,0,0,36.171980,-86.798930,I65 N ENT RAMP,,,,0.00,Feet,East,I 40,,,,0.00,N,Not at Intersection, ,,None,,,         ,Eric,McCoy,,,no,no,no,no,no,False
102807777,METROPOLITAN NASHVILLE POLICE DEPT,20200650055,Davidson,Nashville,10/14/2020 3:25:00 PM,2,0,0,36.091490,-86.704500,I 24,,,,0.00,,,,,,,55.25,N,Not at Intersection, ,Non-Junction,None,,,         ,Edward,Starke,,Front to Rear,no,no,no,no,no,False
102807779,METROPOLITAN NASHVILLE POLICE DEPT,20200650045,Davidson,Nashville,10/14/2020 3:18:00 PM,2,0,0,36.120540,-86.750020,I440 E ENT RAMP,,,,0.00,Feet,East,NOLENSVILLE PKE,,,,0.00,N,Not at Intersection,N,Non-Junction,None,,,         ,John,Timm,Clear,"Sideswipe, Same Direction",no,no,no,no,no,False
102807780,METROPOLITAN NASHVILLE POLICE DEPT,20200650177,Davidson,Nashville,10/14/2020 12:00:00 AM,2,0,0,36.137780,-86.787730,ARGYLE AV,,,,91.00,Feet,East,12TH AVS,,,,0.00,N,Not at Intersection,N,Non-Junction,None,,,         ,Douglas,Sykes,,Unknown,no,no,no,no,yes,False
102807787,METROPOLITAN NASHVILLE POLICE DEPT,20200650107,Davidson,Not in City Limit,10/14/2020 4:02:00 PM,3,0,0,36.256640,-86.714190,GALLATIN PKES,,,,176.00,Feet,North,NEELYS BEND RD,,,,0.00,N,Not at Intersection, ,Non-Junction,None,,,         ,Christopher,Littles,,Front to Rear,no,no,no,no,no,False
102807792,METROPOLITAN NASHVILLE POLICE DEPT,2020-0649895,Davidson,Nashville,10/14/2020 12:45:00 PM,2,1,0,36.152710,-86.793450,MCGAVOCK ST,,,,31.00,Feet,East,17TH AVS,,,,0.00,N,Not at Intersection,N,Non-Junction,None,,,         ,Po,Cheng,,Front to Rear,no,no,no,no,yes,False
102807793,METROPOLITAN NASHVILLE POLICE DEPT,20200650027,Davidson,Nashville,10/14/2020 3:17:00 PM,3,0,0,36.052350,-86.621350,MT VIEW RD,,,,514.00,Feet,East,MT VIEW CIR,,,,0.00,N,Not at Intersection, ,Non-Junction,None,,,         ,Marcus,Darden,,Front to Rear,no,no,no,no,no,False
102807796,METROPOLITAN NASHVILLE POLICE DEPT,20200650119,Davidson,Nashville,10/14/2020 3:32:00 PM,2,1,0,36.080400,-86.717930,RECOVERY RD,,,,0.00,,,HARDING PL,,,,0.00,Y,Four-Way,N,Intersection-Related,None,,,         ,Edward,Starke,Clear,Angle,no,no,no,no,yes,False
102807797,METROPOLITAN NASHVILLE POLICE DEPT,20200650145,Davidson,Nashville,10/14/2020 3:54:00 PM,2,0,0,36.109040,-86.689590,MCGAVOCK PKE,,,,75.00,Feet,South,SCHOOL LN,,,,0.00,N,Not at Intersection, ,Non-Junction,None,,,         ,Molly,Page,Clear,Front to Rear,no,no,no,no,no,False
102807804,METROPOLITAN NASHVILLE POLICE DEPT,20200650220,Davidson,Nashville,10/14/2020 3:11:00 PM,2,0,0,36.242070,-86.757060,DICKERSON PKE,,,,38.00,Feet,North,DICKERSON PKE ENT RAMP,,,,0.00,N,Not at Intersection, ,,None,,,         ,Kyle,Eicholtz,,,no,no,no,no,no,False
102807810,METROPOLITAN NASHVILLE POLICE DEPT,20200650034,Davidson,Nashville,10/14/2020 2:59:00 PM,2,0,0,36.136150,-86.789590,WEDGEWOOD AV,,,,273.00,Feet,West,12TH AVS,,,,0.00,N,Not at Intersection, ,Non-Junction,None,,,         ,Sekou,Samassi,,Angle,no,no,no,no,yes,False
102807815,VANDERBILT UNIVERSITY POLICE,20200650144,Davidson,Nashville,10/14/2020 4:05:00 PM,2,0,0,36.140820,-86.800330,21ST AVS,,,,0.00,,,DIXIE PL,,,,0.00,Y,T-Intersection,N,Intersection-Related,None,,,         ,Christopher,Dion,Clear,Front to Rear,no,no,no,no,no,Campus
102807817,METROPOLITAN NASHVILLE POLICE DEPT,20200650068,Davidson,Nashville,10/14/2020 3:42:00 PM,2,0,0,36.110470,-86.715710,BRILEY PKWYN,,,,149.00,Feet,South,BRILEY PKWY N ENT RAMP,,,,0.00,N,Not at Intersection,N,Non-Junction,None,,,         ,Andrew,Brazee,,"Sideswipe, Same Direction",no,no,no,no,no,False
102807840,METROPOLITAN NASHVILLE POLICE DEPT,20200650194,Davidson,Nashville,10/14/2020 4:48:00 PM,2,1,0,36.079210,-86.726210,NOLENSVILLE PKE,,,,146.00,Feet,South,HARDING PL,,,,0.00,N,Not at Intersection,N,Non-Junction,None,,,         ,Brady,Reynolds,,Front to Rear,no,no,no,no,no,False
102807855,METROPOLITAN NASHVILLE POLICE DEPT,20200650293,Davidson,Nashville,10/14/2020 4:31:00 PM,2,0,0,36.046120,-86.676120,BELL RD,,,,542.00,Feet,West,BLUE HOLE RD,,,,0.00,N,Not at Intersection, ,Non-Junction,None,,,         ,Megan,Arnett,,"Sideswipe, Same Direction",no,no,no,no,no,False
102807862,METROPOLITAN NASHVILLE POLICE DEPT,20200650269,Davidson,Nashville,10/14/2020 5:25:00 PM,2,0,0,36.135100,-86.726570,I24 W ENT RAMP,,,,0.00,Feet,East,I 24,,,,0.00,N,Not at Intersection, ,,None,,,         ,Scarlett,Collins,,,no,no,no,no,no,False
102807867,METROPOLITAN NASHVILLE POLICE DEPT,20200650307,Davidson,Nashville,10/14/2020 5:50:00 PM,1,1,0,36.222140,-86.761510,DICKERSON PKE,,,,170.00,Feet,North,HART LN,,,,0.00,N,Not at Intersection,N,Non-Junction,None,,,         ,Jeremy,Smith,,Not Collision with Motor Vehicle in Transport,yes,no,no,no,no,False
102807869,METROPOLITAN NASHVILLE POLICE DEPT,20200650143,Davidson,Nashville,10/14/2020 4:25:00 PM,2,1,0,36.081770,-86.760770,HARDING PL,,,,301.00,Feet,East,SIDCO DR,,,,0.00,N,Not at Intersection,N,Non-Junction,None,,,         ,Nicholas,Carroll,,Front to Rear,no,no,no,no,no,False
102807876,METROPOLITAN NASHVILLE POLICE DEPT,20200650368,Davidson,Nashville,10/14/2020 6:29:00 PM,2,0,0,36.070260,-86.685730,BAKERTOWN RD,,,,109.00,Feet,North,HAYWOOD LN,,,,0.00,N,Not at Intersection, ,,None,,,         ,Edward,Starke,,,no,no,no,no,no,False
102807877,METROPOLITAN NASHVILLE POLICE DEPT,20200650285,Davidson,Nashville,10/14/2020 4:13:00 PM,1,0,0,36.125110,-86.711540,BOWWOOD DR,,,,192.00,Feet,North,BOWWOOD CT,,,,0.00,N,Not at Intersection,N,Non-Junction,None,,,         ,Molly,Page,,Not Collision with Motor Vehicle in Transport,no,no,no,yes,yes,False
102807882,METROPOLITAN NASHVILLE POLICE DEPT,20200650362,Davidson,Nashville,10/14/2020 4:24:00 PM,1,1,0,36.239970,-86.769780,BRILEY PKWYE,,,,285.00,Feet,South,BRILEY PKWYW,,,,0.00,N,Not at Intersection,N,Non-Junction,None,,,         ,Kyle,Eicholtz,,Not Collision with Motor Vehicle in Transport,no,no,no,no,no,False
102807886,METROPOLITAN NASHVILLE POLICE DEPT,20200650310,Davidson,Nashville,10/14/2020 5:20:00 PM,2,0,0,36.166450,-86.795020,I 40,,,,0.00,,,,,,,208.30,N,Not at Intersection, ,Non-Junction,None,,,         ,Brian,Warstadt,,Front to Rear,no,no,no,no,no,False
102807888,METROPOLITAN NASHVILLE POLICE DEPT,20200650163,Davidson,Nashville,10/14/2020 4:35:00 PM,2,2,0,36.062800,-86.626310,MURFREESBORO PKE,,,,967.00,Feet,South,HAMILTON CHURCH RD,,,,0.00,N,Not at Intersection,N,"Driveway, Alley Access, etc",None,,,         ,Andrew,Brazee,,HeadOn,no,no,no,yes,no,False
102807889,METROPOLITAN NASHVILLE POLICE DEPT,20200650240,Davidson,Nashville,10/14/2020 5:15:00 PM,2,1,0,36.078120,-86.758750,TROUSDALE DR,,,,103.00,Feet,North,BRIARWOOD DR,,,,0.00,N,Not at Intersection,N,Non-Junction,None,,,         ,Nicholas,Carroll,,Front to Rear,no,no,no,no,no,False
102807893,METROPOLITAN NASHVILLE POLICE DEPT,20200650313,Davidson,Nashville,10/14/2020 5:47:00 PM,2,0,0,36.165640,-86.834260,JOHN L DRIVER BLVD,,,,0.00,,,39TH AVN,,,,0.00,Y,Four-Way,N,Intersection-Related,None,,,         ,Andrew,McCarron,,"Sideswipe, Same Direction",no,no,no,no,no,False
102807903,METROPOLITAN NASHVILLE POLICE DEPT,20200650320,Davidson,Nashville,10/14/2020 5:50:00 PM,2,0,0,36.209740,-86.786030,MONTICELLO ST,,,,441.00,Feet,North,LIBERIA LN,,,,0.00,N,Not at Intersection,N,Non-Junction,None,,,         ,Chase,Harriman,,"Sideswipe, Opposite Direction",no,no,no,no,no,False
102807904,METROPOLITAN NASHVILLE POLICE DEPT,20200650438,Davidson,Nashville,10/14/2020 7:26:00 PM,1,0,0,36.169500,-86.688680,BRILEY PKWYS,,,,303.00,Feet,North,BRILEY PKWYN,,,,0.00,N,Not at Intersection,N,Non-Junction,None,,,         ,Jason,Milyaro Lucas,,Not Collision with Motor Vehicle in Transport,no,no,no,no,no,False
102807907,METROPOLITAN NASHVILLE POLICE DEPT,20200650232,Davidson,Nashville,10/14/2020 1:50:00 PM,3,0,0,36.043680,-86.713070,NOLENSVILLE PKE,,,,206.00,Feet,South,BRENTWOOD EAST DR,,,,0.00,N,Not at Intersection,N,Non-Junction,None,,,         ,Tavin,Emlund,,Front to Rear,no,no,no,no,no,False
102807909,METROPOLITAN NASHVILLE POLICE DEPT,20200650400,Davidson,Nashville,10/14/2020 5:50:00 PM,2,0,0,36.188190,-86.745950,GRANADA AV,,,,135.00,Feet,East,GALLATIN AV,,,,0.00,N,Not at Intersection,N,Non-Junction,None,,,         ,Zachary,Aldrich,,"Sideswipe, Same Direction",no,no,no,no,yes,False
102807934,METROPOLITAN NASHVILLE POLICE DEPT,20200650266,Davidson,Nashville,10/14/2020 4:40:00 PM,2,0,0,36.162620,-86.808250,21ST AVE N,,,,0.00,,,HERMAN ST,,,,0.00,Y,Four-Way,N,Non-Junction,None,,,         ,Chad,Connors,Clear,Angle,no,no,no,no,no,False
102807935,METROPOLITAN NASHVILLE POLICE DEPT,20200650437,Davidson,Nashville,10/14/2020 7:25:00 PM,2,0,0,36.045380,-86.646820,MT VIEW RD,,,,142.00,Feet,East,CROSSINGS BLVD,,,,0.00,N,Not at Intersection,N,Non-Junction,None,,,         ,Cooper,HIll,,"Sideswipe, Same Direction",no,no,no,no,no,False
102807938,METROPOLITAN NASHVILLE POLICE DEPT,20200650491,Davidson,Nashville,10/14/2020 8:18:00 PM,1,0,0,36.089540,-86.693960,ANTIOCH PKE,,,,91.00,Feet,North,CANDY LN,,,,0.00,N,Not at Intersection,N,Non-Junction,None,,,         ,Edward,Starke,,Not Collision with Motor Vehicle in Transport,no,no,no,no,no,False
102807973,METROPOLITAN NASHVILLE POLICE DEPT,20200650246,Davidson,Nashville,10/14/2020 5:04:00 PM,2,0,0,36.104820,-86.816770,BANDYWOOD DR,,,,532.00,Feet,South,ABBOTT MARTIN RD,,,,0.00,N,Not at Intersection, ,,None,,,         ,Matthew,Turppa,,,no,no,no,no,no,False
102807981,METROPOLITAN NASHVILLE POLICE DEPT,20200650036,Davidson,Nashville,10/14/2020 3:23:00 PM,2,2,0,36.148740,-86.796000,CHET ATKINS PL,,,,0.00,,,19TH AVS,,,,0.00,Y,Four-Way,Y,Intersection,None,,,         ,Emmanuel,Berger,,Angle,no,no,no,no,no,False
102807993,METROPOLITAN NASHVILLE POLICE DEPT,20200650412,Davidson,Madison,10/14/2020 7:00:00 PM,2,0,0,36.296430,-86.698800,MYATT DR,,,,204.00,Feet,South,GALLATIN PKEN,,,,0.00,N,Not at Intersection,N,Non-Junction,None,,,         ,Dylan,Ramos,,"Sideswipe, Same Direction",no,no,no,no,no,False
102808029,METROPOLITAN NASHVILLE POLICE DEPT,20200650606,Davidson,Not in City Limit,10/14/2020 9:40:00 PM,2,0,0,36.282930,-86.805180,I 24,,,,0.00,,,,,,,40.10,N,Not at Intersection,N,Non-Junction,None,,,         ,Matthew,Herod,,"Sideswipe, Same Direction",no,no,no,no,yes,False
102808038,METROPOLITAN NASHVILLE POLICE DEPT,20200650549,Davidson,Nashville,10/14/2020 8:55:00 PM,2,0,0,36.174480,-86.775070,OLDHAM ST,,,,250.00,Feet,East,COWAN ST,,,,0.00,N,Not at Intersection,N,Non-Junction,None,,,         ,Mandi,Maska,Clear,"Sideswipe, Same Direction",no,no,no,no,no,False
102808069,METROPOLITAN NASHVILLE POLICE DEPT,20200650738,Davidson,Not in City Limit,10/14/2020 9:10:00 PM,2,0,0,36.262820,-86.680970,STATE RT 45,,,,0.00,,,RIO VISTA DR,,,,0.00,Y,Four-Way, ,Intersection,None,,,         ,Michael,Reid,,Angle,no,no,no,no,yes,False
102808085,METROPOLITAN NASHVILLE POLICE DEPT,20200650872,Davidson,Nashville,10/15/2020 1:41:00 AM,1,0,0,36.174530,-86.606050,I40 W ENT RAMP,,,,0.00,,East,CENTRAL PKE,,,,0.00,N,Not at Intersection,N,Non-Junction,None,,,         ,Corey,Ethridge,,Not Collision with Motor Vehicle in Transport,no,no,no,no,yes,False
102808087,METROPOLITAN NASHVILLE POLICE DEPT,20200650801,Davidson,Nashville,10/14/2020 11:30:00 PM,1,1,0,36.030930,-86.672830,BLUE HOLE RD,,,,956.00,Feet,North,PETTUS RD,,,,0.00,N,Not at Intersection,N,Non-Junction,None,,,         ,Austin,Bowles,,Not Collision with Motor Vehicle in Transport,yes,no,no,no,yes,False
102808088,METROPOLITAN NASHVILLE POLICE DEPT,20200650716,Davidson,Nashville,10/14/2020 11:00:00 PM,1,1,0,36.030930,-86.672830,BLUE HOLE RD,,,,956.00,Feet,North,PETTUS RD,,,,0.00,N,Not at Intersection,N,Non-Junction,None,,,         ,Austin,Bowles,,Not Collision with Motor Vehicle in Transport,no,no,no,no,no,False
102808090,METROPOLITAN NASHVILLE POLICE DEPT,20200650726,Davidson,Nashville,10/14/2020 11:31:00 PM,2,2,0,36.176900,-86.776130,COWAN ST,,,,0.00,,,SPRING ST,,,,0.00,Y,Four-Way,Y,Intersection,None,,,         ,Joseph,Hurst,Clear,Front to Rear,no,no,no,no,no,False
102808100,METROPOLITAN NASHVILLE POLICE DEPT,20200650785,Davidson,Nashville,10/15/2020 12:00:00 AM,2,0,0,36.206670,-86.778430,W TRINITY LN,,,,0.00,,,HAMPTON ST,,,,0.00,Y,T-Intersection,Y,Intersection-Related,None,,,         ,Jacob,Dick,Clear,Angle,no,no,no,no,no,False
102808112,METROPOLITAN NASHVILLE POLICE DEPT,20200650879,Davidson,Nashville,10/15/2020 1:28:00 AM,1,0,0,36.176900,-86.774390,SPRING ST,,,,39.00,Feet,West,I24 E ENT RAMP,,,,0.00,N,Not at Intersection,N,Non-Junction,None,,,         ,Amanda,Topping,Clear,Not Collision with Motor Vehicle in Transport,no,no,no,no,yes,False
102808116,METROPOLITAN NASHVILLE POLICE DEPT,20200650867,Davidson,Nashville,10/15/2020 1:42:00 AM,1,1,0,36.171670,-86.762860,RUSSELL ST,,,,0.00,,,,,,,0.00,,,N,Non-Junction,None,,,         ,Joseph,Hurst,Clear,Not Collision with Motor Vehicle in Transport,no,no,no,yes,yes,False
102808163,METROPOLITAN NASHVILLE POLICE DEPT,20200651152,Davidson,Nashville,10/15/2020 6:22:00 AM,3,0,0,36.088330,-86.701550,I24 W ENT RAMP,,,,0.00,Feet,East,I 24,,,,0.00,N,Not at Intersection, ,Non-Junction,None,,,         ,Taylor,Blackwelder,Clear,Front to Rear,no,no,no,no,no,False
102808213,METROPOLITAN NASHVILLE POLICE DEPT,20200649894,Davidson,Goodlettsville,10/14/2020 1:42:00 PM,2,1,0,36.290500,-86.738420,DICKERSON PKES,,,,281.00,Feet,East,WEEPING WILLOW WAY,,,,0.00,N,Not at Intersection,N,Non-Junction,None,,,         ,Cyretha,Frazier,Clear,Front to Rear,no,no,no,no,no,False
102808233,METROPOLITAN NASHVILLE POLICE DEPT,2020-0651176,Davidson,Nashville,10/15/2020 6:50:00 AM,2,0,0,36.200700,-86.776460,I 65,,,,0.00,,,,,,,86.90,N,Not at Intersection, ,Non-Junction,None,,,         ,Jean,McCormack,,Front to Rear,no,no,no,no,no,False
102808234,METROPOLITAN NASHVILLE POLICE DEPT,20200651210,Davidson,Nashville,10/15/2020 6:00:00 AM,2,0,0,36.047190,-86.696220,ROXANNE DR,,,,0.00,,,ROXANNE DR,,,,0.00,Y,OTHER, ,Non-Junction,None,,,         ,Thomas,White,Clear,Front to Rear,no,no,no,no,no,False
102808238,METROPOLITAN NASHVILLE POLICE DEPT,20200651160,Davidson,Nashville,10/15/2020 5:55:00 AM,2,1,0,36.086860,-86.695950,HARDING PL,,,,0.00,,,METROPLEX DR,,,,0.00,Y,Four-Way,N,Intersection,None,,,         ,John,Robish,Cloudy,Angle,no,no,no,no,no,False
102808245,METROPOLITAN NASHVILLE POLICE DEPT,20200651264,Davidson,Nashville,10/15/2020 7:49:00 AM,2,0,0,36.041620,-86.747600,OLD HICKORY BLVD,,,,123.00,Feet,East,BRENTWOOD MEADOWS CIR,,,,0.00,N,Not at Intersection, ,Non-Junction,None,,,         ,Travis,Pemberton,,"Sideswipe, Same Direction",no,no,no,no,no,False
102808247,METROPOLITAN NASHVILLE POLICE DEPT,20200649795,Davidson,Nashville,10/14/2020 12:15:00 PM,2,0,0,36.169570,-86.787480,7TH AVN,,,,213.00,Feet,North,HARRISON ST,,,,0.00,N,Not at Intersection,N,Non-Junction,None,,,         ,Cameron,Schmid,Clear,"Sideswipe, Same Direction",no,no,no,no,yes,False