master_record_number,agency,agency_tracking_number,county,city,collision_date,vehicles_involved,number_injured,number_dead,latitude,longitude,roadway_name,roadway_suffix,roadway_number,roadway_local_id,distance_from_reference,miles-feet_indicator,direction_from_reference,intersection_road_name,intersection_road_name_suffix,intersection_road_number,intersection_local_id,mile_marker,intersection_indicator,intersect_type,interchange_related_indicator,relation_to_junction,work_zone_type,construction_maintenance_zone,construction_maintenance_zone_location,fatal_case_number,officer_first_name,officer_last_name,weather_condition(s),manner_of_crash,pedestrian,bicycle,scooter,parking,hitrun,mou
102808877,METROPOLITAN NASHVILLE POLICE DEPT,20200652800,Davidson,Nashville,10/16/2020 1:00:00 AM,1,1,0,36.153000,-86.765380,I 40,,,,0.00,,,,,,,210.65,N,Not at Intersection,N,Non-Junction,None,,,         ,Joseph,Hurst,Rain,Not Collision with Motor Vehicle in Transport,no,no,no,no,no,False
102808878,METROPOLITAN NASHVILLE POLICE DEPT,20200652820,Davidson,Antioch,10/16/2020 1:00:00 AM,1,0,0,36.025560,-86.615730,OLD HICKORY,BLVD,,,1000.00,Feet,South,LOGISTICS,WAY,,,0.00,N,Not at Intersection,N,Non-Junction,None,,,         ,Austin,Bowles,Rain,Not Collision with Motor Vehicle in Transport,no,no,no,no,no,False
102808884,METROPOLITAN NASHVILLE POLICE DEPT,20200652906,Davidson,Nashville,10/16/2020 2:05:00 AM,2,0,0,36.242540,-86.634900,OLD HICKORY BLVD,,,,508.00,Feet,East,STONE HEDGE DR,,,,0.00,N,Not at Intersection,N,Non-Junction,None,,,         ,Jason,Kedzierski,,Front to Rear,no,no,no,no,yes,False
102808896,METROPOLITAN NASHVILLE POLICE DEPT,20200653033,Davidson,Nashville,10/16/2020 4:35:00 AM,2,0,0,36.147190,-86.743900,I 40,,,,0.00,,,,,,,212.00,N,Not at Intersection,N,Non-Junction,None,,,         ,Meghan,Pope,,"Sideswipe, Same Direction",no,no,no,no,yes,False
102808942,METROPOLITAN NASHVILLE POLICE DEPT,20200653126,Davidson,Nashville,10/16/2020 6:20:00 AM,2,1,0,36.201580,-86.776860,I 65,,,,0.00,,,,,,,87.00,N,Not at Intersection,N,Non-Junction,None,,,         ,David,Crisman,Clear,Front to Rear,no,no,no,no,no,False
102808961,METROPOLITAN NASHVILLE POLICE DEPT,20200653143,Davidson,Nashville,10/16/2020 6:25:00 AM,2,0,0,36.093430,-86.749840,TROUSDALE DR,,,,1168.00,Feet,South,ALLIED DR,,,,0.00,N,Not at Intersection, ,,None,,,         ,Gregory,Scott,,,no,no,no,no,no,False
102808972,METROPOLITAN NASHVILLE POLICE DEPT,20200653149,Davidson,Nashville,10/16/2020 6:10:00 AM,2,0,0,36.171390,-86.802950,I 40,,,,0.00,,,,,,,207.70,N,Not at Intersection, ,Entrance/Exit Ramp Related,None,,,         ,Isaac,Wood,,"Sideswipe, Same Direction",no,no,no,no,yes,False
102808988,METROPOLITAN NASHVILLE POLICE DEPT,20200653223,Davidson,Nashville,10/16/2020 7:45:00 AM,1,0,0,36.171090,-86.873910,CENTENNIAL BLVD,,,,0.00,,,COCKRILL BEND BLVD,,,,0.00,Y,Four-Way,N,Intersection,None,,,         ,Curtis,Rich,Clear,Not Collision with Motor Vehicle in Transport,no,no,no,no,no,False
102808996,METROPOLITAN NASHVILLE POLICE DEPT,20200653216,Davidson,Nashville,10/16/2020 7:37:00 AM,2,0,0,36.203660,-86.739390,E TRINITY LN,,,,257.00,Feet,West,GALLATIN PKE,,,,0.00,N,Not at Intersection, ,Non-Junction,None,,,         ,Megan,Lamon,Clear,Front to Rear,no,no,no,no,no,False
102809005,METROPOLITAN NASHVILLE POLICE DEPT,20200653208,Davidson,Nashville,10/16/2020 7:35:00 AM,2,1,0,36.205890,-86.768610,DICKERSON PKE,,,,0.00,,,E TRINITY LN,,,,0.00,Y,Four-Way,N,Intersection,None,,,         ,Andrew,Ivey,,"Sideswipe, Same Direction",no,no,no,no,yes,False
102809021,METROPOLITAN NASHVILLE POLICE DEPT,20200653152,Davidson,Not in City Limit,10/16/2020 6:58:00 AM,3,1,0,36.259540,-86.679050,CHEYENNE BLVD,,,,154.00,Feet,South,SANDHURST DR,,,,0.00,N,Not at Intersection,N,Non-Junction,None,,,         ,Steven,Bowler,,Angle,no,no,no,no,no,False
102809024,METROPOLITAN NASHVILLE POLICE DEPT,20200653299,Davidson,Antioch,10/16/2020 8:23:00 AM,1,0,0,36.070810,-86.591670,MT VIEW RD,,,,0.00,,,LEATHERBURY CT,,,,0.00,Y,T-Intersection,N,Non-Junction,None,,,         ,Dillon,Gann,Clear,Not Collision with Motor Vehicle in Transport,no,no,no,no,no,False
102809055,METROPOLITAN NASHVILLE POLICE DEPT,20200653338,Davidson,Nashville,10/16/2020 8:59:00 AM,2,0,0,36.153330,-86.755900,I 40,,,,0.00,,,,,,,211.20,N,Not at Intersection, ,Non-Junction,None,,,         ,Michael,Brooks,Clear,"Sideswipe, Same Direction",no,no,no,no,no,False
102809064,METROPOLITAN NASHVILLE POLICE DEPT,20200653296,Davidson,Nashville,10/16/2020 8:11:00 AM,2,0,0,36.277020,-86.781780,BRICK CHURCH PKE,,,,48.00,Feet,East,CREEK TRAIL DR,,,,0.00,N,Not at Intersection, ,Non-Junction,None,,,         ,Cyretha,Frazier,,"Sideswipe, Same Direction",no,no,no,no,no,False
102809065,METROPOLITAN NASHVILLE POLICE DEPT,20200653319,Davidson,Nashville,10/16/2020 12:00:00 AM,2,1,0,36.132650,-86.727160,I 24,,,,0.00,,,,,,,52.00,N,Not at Intersection,N,Non-Junction,None,,,         ,Todd,Watson,Clear,"Sideswipe, Same Direction",no,no,no,no,no,False
102809071,METROPOLITAN NASHVILLE POLICE DEPT,20200653403,Davidson,Nashville,10/16/2020 9:45:00 AM,2,0,0,36.233140,-86.768180,I 65,,,,0.00,,,,,,,89.25,N,Not at Intersection, ,,None,,,         ,Brandon,Evans,,,no,no,no,no,no,False
102809092,METROPOLITAN NASHVILLE POLICE DEPT,20200653390,Davidson,Nashville,10/16/2020 9:33:00 AM,2,0,0,36.170440,-86.604680,I40 W ENT RAMP,,,,0.00,,,,,,,0.00,,Not at Intersection,N,Non-Junction,None,,,         ,Michael,Brooks,Clear,Rear to Rear,no,no,no,no,yes,False
102809097,METROPOLITAN NASHVILLE POLICE DEPT,20200653354,Davidson,Nashville,10/16/2020 12:00:00 AM,2,0,0,36.136850,-86.800420,BELCOURT AVE,,,,126.00,Feet,East,US HWY 431,,,,0.00,N,Not at Intersection, ,Non-Junction,None,,,         ,Michelle,Norris,Clear,"Sideswipe, Same Direction",no,no,no,no,yes,False
102809098,METROPOLITAN NASHVILLE POLICE DEPT,20200653458,Davidson,Nashville,10/16/2020 10:20:00 AM,2,1,0,36.129330,-86.802560,21ST AVS,,,,0.00,,,ASHWOOD AV,,,,0.00,Y,Four-Way,N,Intersection,None,,,         ,John,Roberson,,Angle,no,no,no,no,no,False
102809101,METROPOLITAN NASHVILLE POLICE DEPT,20200653293,Davidson,Nashville,10/16/2020 8:21:00 AM,2,1,0,36.149690,-86.779180,DIVISION ST,,,,0.00,,,8TH AVS,,,,0.00,Y,OTHER,N,Non-Junction,None,,,         ,Marvin,Williams,,Not Collision with Motor Vehicle in Transport,no,no,no,no,no,False
102809104,METROPOLITAN NASHVILLE POLICE DEPT,20200653489,Davidson,Nashville,10/16/2020 10:48:00 AM,3,0,0,36.145820,-86.871070,CHARLOTTE PKE,,,,143.00,Feet,West,WESTBORO DR,,,,0.00,N,Not at Intersection, ,Non-Junction,None,,,         ,Curtis,Rich,Clear,Front to Rear,no,no,no,no,no,False
102809122,METROPOLITAN NASHVILLE POLICE DEPT,20200653514,Davidson,Nashville,10/16/2020 10:40:00 AM,2,0,0,36.109450,-86.728050,BRILEY PKWYN,,,,0.00,Feet,,BRILEY PKWYS,,,,0.00,Y,Four-Way, ,Intersection,None,,,         ,James,Thomas,Clear,Angle,no,no,no,no,no,False
102809128,METROPOLITAN NASHVILLE POLICE DEPT,20200653518,Davidson,Nashville,10/16/2020 10:26:00 AM,2,1,0,36.215110,-86.623050,OLD HICKORY BLVD,,,,621.00,Feet,South,2ND ST,,,,0.00,N,Not at Intersection,N,Non-Junction,None,,,         ,Michael,Brooks,Clear,Front to Rear,no,no,no,no,yes,False
102809159,METROPOLITAN NASHVILLE POLICE DEPT,20200653594,Davidson,Nashville,10/16/2020 11:59:00 AM,2,0,0,36.042090,-86.782310,I 65,,,,0.00,,,,,,,74.80,N,Not at Intersection, ,Non-Junction,None,,,         ,Michael,Moss,Clear,Front to Rear,no,no,no,no,no,False
102809182,METROPOLITAN NASHVILLE POLICE DEPT,20200653720,Davidson,Nashville,10/16/2020 1:00:00 PM,2,0,0,36.152060,-86.845980,CHARLOTTE AV,,,,0.00,,,49TH AVN,,,,0.00,Y,T-Intersection, ,,None,,,         ,Robert,Crow,,,no,no,no,no,no,False
102809183,METROPOLITAN NASHVILLE POLICE DEPT,20200653492,Davidson,Not in City Limit,10/16/2020 10:10:00 AM,2,0,0,36.302870,-86.812590,I 24,,,,0.00,,,,,,,38.60,N,Not at Intersection,N,Non-Junction,None,,,         ,Jeanine,Sarno,,"Sideswipe, Same Direction",no,no,no,no,yes,False
102809186,METROPOLITAN NASHVILLE POLICE DEPT,20200653641,Davidson,Nashville,10/16/2020 12:15:00 PM,2,1,0,36.118300,-86.700320,MURFREESBORO PKE,,,,0.00,,,BRILEY PKWYS,,,,0.00,Y,OTHER,N,Non-Junction,None,,,         ,Austin,Roemeling,,Front to Rear,no,no,no,no,yes,False
102809187,METROPOLITAN NASHVILLE POLICE DEPT,20200653663,Davidson,Nashville,10/16/2020 12:35:00 PM,2,0,0,36.145730,-86.776990,I 65,,,,0.00,,,,,,,82.20,N,Not at Intersection,Y,Entrance/Exit Ramp Related,None,,,         ,Michael,Brooks,Clear,"Sideswipe, Same Direction",no,no,no,no,yes,False
102809197,METROPOLITAN NASHVILLE POLICE DEPT,20200653718,Davidson,Nashville,10/16/2020 12:58:00 PM,1,0,0,36.039580,-86.743440,EDMONDSON PKE,,,,156.00,Feet,South,OLD HICKORY BLVD,,,,0.00,N,Not at Intersection,N,Non-Junction,None,,,         ,Travis,Pemberton,,Not Collision with Motor Vehicle in Transport,no,no,no,yes,yes,False
102809205,METROPOLITAN NASHVILLE POLICE DEPT,20200651691,Davidson,Nashville,10/15/2020 12:17:00 PM,3,2,1,36.227080,-86.725350,GALLATIN PKE,,,,50.00,Feet,South,MAPLEWOOD PL,,,,0.00,N,Not at Intersection,N,Non-Junction,None,,,20-0876  ,Donald,Davidson,Clear,Angle,no,no,no,no,no,False
102809210,METROPOLITAN NASHVILLE POLICE DEPT,20200653680,Davidson,Nashville,10/16/2020 11:40:00 AM,2,0,0,36.173030,-86.792400,9TH AVN,,,,0.00,,,JEFFERSON ST,,,,0.00,Y,Four-Way,N,Non-Junction,Construction Zone,Intermittent Moving Work,Activity Area,         ,Justen,Ogle,Clear,"Sideswipe, Same Direction",no,no,no,no,yes,False
102809218,METROPOLITAN NASHVILLE POLICE DEPT,20200653626,Davidson,Antioch,10/16/2020 11:50:00 AM,2,1,0,36.037390,-86.586390,MAXWELL RD,,,,0.00,,,LAVERGNE COUCHVILLE PKE,,,,0.00,Y,Four-Way,N,Non-Junction,None,,,         ,Gregory,Dixon,Clear,Angle,no,no,no,no,no,False
102809222,METROPOLITAN NASHVILLE POLICE DEPT,20200653738,Davidson,Nashville,10/16/2020 1:12:00 PM,2,1,0,36.173590,-86.602150,CENTRAL PKE,,,,0.00,,,OLD HICKORY BLVD,,,,0.00,Y,Four-Way,N,Intersection-Related,None,,,         ,William,Mckay,,Front to Rear,no,no,no,no,yes,False
102809227,METROPOLITAN NASHVILLE POLICE DEPT,20200653564,Davidson,Nashville,10/16/2020 11:15:00 AM,2,0,0,36.186650,-86.773460,DICKERSON PKE,,,,287.00,Feet,South,CLEVELAND ST,,,,0.00,N,Not at Intersection,N,"Driveway, Alley Access, etc",None,,,         ,Lindsey,Anderson,Clear,Angle,no,no,no,no,yes,False
102809234,METROPOLITAN NASHVILLE POLICE DEPT,20200653666,Davidson,Nashville,10/16/2020 12:09:00 PM,1,0,0,36.211580,-86.829000,W HAMILTON AV,,,,510.00,Feet,East,PHEASANT DR,,,,0.00,N,Not at Intersection,N,Non-Junction,None,,,         ,Michael,Foster,Clear,Not Collision with Motor Vehicle in Transport,no,no,no,no,no,False
102809243,METROPOLITAN NASHVILLE POLICE DEPT,20200653599,Davidson,Nashville,10/16/2020 11:38:00 AM,2,0,0,36.157140,-86.786160,BROADWAY,,,,0.00,,,11TH AVN,,,,0.00,Y,OTHER, ,Non-Junction,None,,,         ,Frank,Campbell,,Angle,no,no,no,no,no,False
102809244,METROPOLITAN NASHVILLE POLICE DEPT,20200653734,Davidson,Nashville,10/16/2020 1:00:00 PM,2,0,0,36.160760,-86.793690,14TH AVN,,,,0.00,,,CHARLOTTE AV,,,,0.00,Y,Four-Way, ,Intersection,None,,,         ,Nicholas,Kiraly,,"Sideswipe, Same Direction",no,no,no,no,no,False
102809245,METROPOLITAN NASHVILLE POLICE DEPT,20200653803,Davidson,Nashville,10/16/2020 12:00:00 AM,2,5,0,36.250670,-86.689420,NEELYS BEND RD,,,,188.00,Feet,West,CENTER ST,,,,0.00,N,Not at Intersection,N,Non-Junction,None,,,         ,Keenan,McCann,,Front to Rear,no,no,no,no,yes,False
102809246,METROPOLITAN NASHVILLE POLICE DEPT,20200653727,Davidson,Nashville,10/16/2020 12:00:00 AM,2,0,0,36.147310,-86.768240,4TH AVS,,,,146.00,Feet,South,CAMERON ST,,,,0.00,N,Not at Intersection, ,"Driveway, Alley Access, etc",None,,,         ,Todd,Watson,Clear,Angle,no,no,no,no,no,False
102809252,METROPOLITAN NASHVILLE POLICE DEPT,20200653440,Davidson,Antioch,10/16/2020 10:06:00 AM,2,0,0,36.058560,-86.597750,HAMILTON CHURCH RD,,,,0.00,,,HOBSON PKE,,,,0.00,Y,Four-Way,N,Non-Junction,None,,,         ,Dillon,Gann,,Front to Rear,no,no,no,no,no,False
102809267,METROPOLITAN NASHVILLE POLICE DEPT,2020-0653704,Davidson,Nashville,10/16/2020 12:15:00 PM,2,0,0,36.188200,-86.816790,25TH AVN,,,,52.00,Feet,South,DOWLAN ST,,,,0.00,N,Not at Intersection, ,Non-Junction,None,,,         ,Jean,McCormack,"Cloudy, Fog",Rear to Rear,no,no,no,no,no,False
102809268,METROPOLITAN NASHVILLE POLICE DEPT,20200653340,Davidson,Nashville,10/16/2020 8:50:00 AM,2,0,0,36.070960,-86.635170,MURFREESBORO PKE,,,,446.00,Feet,South,BELL RD,,,,0.00,N,Not at Intersection, ,Non-Junction,None,,,         ,Lee,Davis,Clear,Front to Rear,no,no,no,no,no,False
102809274,METROPOLITAN NASHVILLE POLICE DEPT,20200653762,Davidson,Nashville,10/16/2020 1:21:00 PM,4,0,0,36.180120,-86.800370,I 65,,,,0.00,,,,,,,85.00,N,Not at Intersection,N,Non-Junction,None,,,         ,Jedidayah,Merriweather,Clear,Front to Rear,no,no,no,no,yes,False
102809308,METROPOLITAN NASHVILLE POLICE DEPT,20200653853,Davidson,Nashville,10/16/2020 2:00:00 PM,2,0,0,36.204720,-86.776680,I 65,,,,0.00,,,,,,,87.20,N,Not at Intersection, ,Non-Junction,None,,,         ,Justen,Ogle,Clear,Angle,no,no,no,no,no,False
102809321,METROPOLITAN NASHVILLE POLICE DEPT,20200653908,Davidson,Nashville,10/16/2020 2:35:00 PM,2,0,0,36.156010,-86.788850,BROADWAY,,,,0.00,,,I40 W ENT RAMP,,,,0.00,Y,Four-Way, ,Non-Junction,None,,,         ,Nicholas,Berry,Clear,"Sideswipe, Same Direction",no,no,no,no,yes,False
102809336,METROPOLITAN NASHVILLE POLICE DEPT,20200653909,Davidson,Nashville,10/16/2020 2:39:00 PM,2,0,0,36.080930,-86.718090,JONQUIL DR,,,,0.00,Feet,,WELCH RD,,,,0.00,Y,Four-Way,N,Intersection-Related,None,,,         ,Edward,Starke,Clear,Angle,no,no,no,no,no,False
102809342,METROPOLITAN NASHVILLE POLICE DEPT,20200653945,Davidson,Nashville,10/16/2020 2:40:00 PM,2,0,0,36.080810,-86.726730,NOLENSVILLE PKE,,,,456.00,Feet,North,HARDING PL,,,,0.00,N,Not at Intersection,N,Non-Junction,None,,,         ,Darci,Stechman,,Unknown,no,no,no,no,yes,False
102809343,METROPOLITAN NASHVILLE POLICE DEPT,20200653928,Davidson,Nashville,10/16/2020 3:07:00 PM,2,0,0,36.169360,-86.679890,LEBANON PKE,,,,0.00,Feet,West,MCGAVOCK PKE,,,,0.00,N,Not at Intersection, ,,None,,,         ,Evan,Grace,,,no,no,no,no,no,False
102809345,METROPOLITAN NASHVILLE POLICE DEPT,20200653914,Davidson,Nashville,10/16/2020 3:02:00 PM,2,0,0,36.122910,-86.696520,BRILEY PKWY,,,,105.00,Feet,South,VENUS DR,,,,0.00,N,Not at Intersection, ,Non-Junction,None,,,         ,Melina,Tamborella,Clear,"Sideswipe, Same Direction",no,no,no,no,no,False
102809349,METROPOLITAN NASHVILLE POLICE DEPT,20200653943,Davidson,Nashville,10/16/2020 2:24:00 PM,2,0,0,36.155550,-86.786810,12TH AVS,,,,0.00,,,MCGAVOCK ST,,,,0.00,Y,Four-Way, ,Intersection-Related,None,,,         ,Trevor,Taylor,Clear,"Sideswipe, Same Direction",no,no,no,no,no,False
102809376,METROPOLITAN NASHVILLE POLICE DEPT,20200653951,Davidson,Nashville,10/16/2020 3:30:00 PM,2,0,0,36.181770,-86.725580,RIVERSIDE DR,,,,6.00,Feet,East,EASTLAND AV,,,,0.00,N,Not at Intersection, ,Non-Junction,None,,,         ,Wayne,Helm,,Angle,no,no,no,no,no,False
102809378,METROPOLITAN NASHVILLE POLICE DEPT,20200653979,Davidson,Nashville,10/16/2020 3:40:00 PM,2,1,0,36.195970,-86.717190,PORTER RD,,,,0.00,,,STRATFORD AV,,,,0.00,Y,Four-Way,N,Intersection,None,,,         ,Donovan,Coble,,Angle,no,no,no,no,no,False
102809402,METROPOLITAN NASHVILLE POLICE DEPT,20200654018,Davidson,Nashville,10/16/2020 3:54:00 PM,2,0,0,36.173390,-86.601780,CENTRAL PKE,,,,131.00,Feet,East,OLD HICKORY BLVD,,,,0.00,N,Not at Intersection,N,Non-Junction,None,,,         ,Terence,Mitchell,,Angle,no,no,no,no,no,False
102809409,METROPOLITAN NASHVILLE POLICE DEPT,20200653935,Davidson,Nashville,10/16/2020 3:23:00 PM,1,1,0,36.112400,-86.709000,STATE HWY 155,,,,225.00,Feet,East,CURREY RD,,,,0.00,N,Not at Intersection,N,Non-Junction,None,,,         ,Gary,Anderson,Clear,Not Collision with Motor Vehicle in Transport,no,no,no,no,no,False
102809414,METROPOLITAN NASHVILLE POLICE DEPT,20200654065,Davidson,Nashville,10/16/2020 4:37:00 PM,2,0,0,36.116690,-86.697890,MURFREESBORO PKE,,,,108.00,Feet,West,MCGAVOCK PKE,,,,0.00,N,Not at Intersection, ,Non-Junction,None,,,         ,Edward,Starke,Clear,"Sideswipe, Same Direction",no,no,no,no,no,False
102809415,METROPOLITAN NASHVILLE POLICE DEPT,20200654047,Davidson,Nashville,10/16/2020 2:49:00 PM,2,0,0,36.068610,-86.719610,NOLENSVILLE PKE,,,,209.00,Feet,North,HAYWOOD LN,,,,0.00,N,Not at Intersection, ,Non-Junction,None,,,         ,Sekou,Samassi,,Front to Rear,no,no,no,no,no,False
102809419,METROPOLITAN NASHVILLE POLICE DEPT,20200653829,Davidson,Nashville,10/16/2020 1:59:00 PM,1,0,0,36.204900,-86.852800,ASHLAND CITY HWY,,,,832.00,Feet,West,MULLINS PARK GRWY,,,,0.00,N,Not at Intersection,N,Non-Junction,None,,,         ,Cory,Fetner,,Not Collision with Motor Vehicle in Transport,no,no,no,no,no,False
102809420,METROPOLITAN NASHVILLE POLICE DEPT,20200653955,Davidson,Nashville,10/16/2020 3:12:00 PM,2,0,0,36.132090,-86.894960,CHARLOTTE PKE,,,,47.00,Feet,East,I40 E ENT RAMP,,,,0.00,N,Not at Intersection,N,Non-Junction,None,,,         ,Alquavious,McDaniel,,Front to Rear,no,no,no,no,yes,False
102809423,METROPOLITAN NASHVILLE POLICE DEPT,20200653967,Davidson,Nashville,10/16/2020 3:28:00 PM,2,0,0,36.160330,-86.794590,CHARLOTTE AV,,,,273.00,Feet,East,15TH AVN,,,,0.00,N,Not at Intersection, ,,None,,,         ,Jacob,Robbins,,,no,no,no,no,no,False
102809424,METROPOLITAN NASHVILLE POLICE DEPT,20200654013,Davidson,Nashville,10/16/2020 4:10:00 PM,2,1,0,36.244520,-86.722460,LAKEWOOD DR,,,,0.00,Feet,,GALLATIN PKES,,,,0.00,Y,T-Intersection,N,Intersection,None,,,         ,Jarret,Sonnenberg,,Angle,no,no,no,no,no,False
102809428,METROPOLITAN NASHVILLE POLICE DEPT,20200653934,Davidson,Not in City Limit,10/16/2020 3:00:00 PM,2,0,0,36.045470,-86.950910,HIGHWAY 100,,,,0.00,,,,,,,0.00,,, ,Non-Junction,None,,,         ,Jared,Dick,,Angle,no,no,no,yes,yes,False
102809436,METROPOLITAN NASHVILLE POLICE DEPT,20200654063,Davidson,Nashville,10/16/2020 4:34:00 PM,2,0,0,36.148290,-86.780060,I65 S ENT RAMP,,,,0.00,Feet,East,I 40,,,,0.00,N,Not at Intersection, ,Entrance/Exit Ramp Related,None,,,         ,Douglas,Sykes,,"Sideswipe, Same Direction",no,no,no,no,no,False
102809437,METROPOLITAN NASHVILLE POLICE DEPT,20200654024,Davidson,Nashville,10/16/2020 4:10:00 PM,2,0,0,36.171900,-86.764620,WOODLAND ST,,,,0.00,,,S 5TH ST,,,,0.00,Y,Four-Way,N,Intersection,None,,,         ,Zachary,Aldrich,,Angle,no,no,no,no,yes,False
102809451,METROPOLITAN NASHVILLE POLICE DEPT,20200654136,Davidson,Nashville,10/16/2020 5:27:00 PM,2,1,0,36.168350,-86.656860,STEWARTS FERRY PKE,,,,0.00,,,LEBANON PKE,,,,0.00,Y,Four-Way,N,Intersection,None,,,         ,Adam,Warren,,Angle,no,no,no,no,no,False
102809457,METROPOLITAN NASHVILLE POLICE DEPT,20200654164,Davidson,Nashville,10/16/2020 5:42:00 PM,2,0,0,36.231920,-86.758850,DICKERSON PKE,,,,235.00,Feet,North,OAK VALLEY DR,,,,0.00,N,Not at Intersection, ,Non-Junction,None,,,         ,Sarah,Cartwright,,Angle,no,no,no,no,no,False
102809458,METROPOLITAN NASHVILLE POLICE DEPT,20200654141,Davidson,Nashville,10/16/2020 5:30:00 PM,2,0,0,36.116020,-86.789400,I 440,,,,0.00,,,,,,,4.00,N,Not at Intersection, ,Non-Junction,None,,,         ,Sekou,Samassi,,Front to Rear,no,no,no,no,no,False
102809461,METROPOLITAN NASHVILLE POLICE DEPT,20200654179,Davidson,Nashville,10/16/2020 4:59:00 PM,2,0,0,36.137470,-86.726570,I40 E ENT RAMP,,,,0.00,Feet,East,I 24,,,,0.00,N,Not at Intersection, ,Non-Junction,None,,,         ,Edward,Starke,Clear,Front to Rear,no,no,no,no,no,False
102809467,METROPOLITAN NASHVILLE POLICE DEPT,20200654140,Davidson,Nashville,10/16/2020 4:43:00 PM,2,0,0,36.115920,-86.785750,I 440,,,,0.00,,,,,,,4.20,N,Not at Intersection,N,Non-Junction,None,,,         ,Daniel,Tomlinson,,Front to Rear,no,no,no,no,no,False
102809471,METROPOLITAN NASHVILLE POLICE DEPT,20200654183,Davidson,Not in City Limit,10/16/2020 5:11:00 PM,2,0,0,36.079490,-86.960270,I 40,,,,0.00,,,,,,,196.10,N,Not at Intersection,N,Non-Junction,None,,,         ,Alquavious,McDaniel,,Front to Rear,no,no,no,no,no,False
102809476,METROPOLITAN NASHVILLE POLICE DEPT,20200654117,Davidson,Nashville,10/16/2020 5:09:00 PM,2,0,0,36.055330,-86.675060,I 24,,,,0.00,,,,,,,58.25,N,Not at Intersection, ,Non-Junction,None,,,         ,Marcus,Darden,Clear,"Sideswipe, Same Direction",no,no,no,no,no,False
102809479,METROPOLITAN NASHVILLE POLICE DEPT,20200654118,Davidson,Nashville,10/16/2020 5:15:00 PM,2,3,0,36.045580,-86.673640,BELL RD,,,,216.00,Feet,East,BLUE HOLE RD,,,,0.00,N,Not at Intersection,N,Non-Junction,None,,,         ,Steven,Begley,Clear,"Sideswipe, Same Direction",no,no,no,no,no,False
102809480,METROPOLITAN NASHVILLE POLICE DEPT,20200654213,Davidson,Goodlettsville,10/16/2020 6:10:00 PM,2,1,0,36.296910,-86.699160,MYATT DR,,,,0.00,,,GALLATIN PKEN,,,,0.00,Y,Y-Intersection,Y,Intersection,None,,,         ,Joshua,Goepper,,Front to Rear,no,no,no,no,no,False
102809507,METROPOLITAN NASHVILLE POLICE DEPT,20200653857,Davidson,Nashville,10/16/2020 2:34:00 PM,3,1,0,36.167660,-86.663320,LEBANON PKE,,,,0.00,,,DONELSON PKE,,,,0.00,Y,T-Intersection,Y,Intersection-Related,None,,,         ,Douglas,Mann,Clear,Angle,no,no,no,no,no,False
102809546,METROPOLITAN NASHVILLE POLICE DEPT,20200654331,Davidson,Nashville,10/16/2020 7:35:00 PM,2,0,0,36.072560,-86.691910,I 24,,,,0.00,,,,,,,56.75,N,Not at Intersection,N,Non-Junction,None,,,         ,Edward,Starke,Clear,Front to Rear,no,no,no,no,no,False
102809548,METROPOLITAN NASHVILLE POLICE DEPT,20200654274,Davidson,Nashville,10/16/2020 7:02:00 PM,2,1,0,36.160590,-86.776920,4TH AVS,,,,175.00,Feet,South,4TH AVN,,,,0.00,N,Not at Intersection,N,Non-Junction,None,,,         ,Mathew,Clement,Clear,"Sideswipe, Same Direction",no,no,no,no,no,False
102809553,METROPOLITAN NASHVILLE POLICE DEPT,20200654045,Davidson,Nashville,10/16/2020 4:20:00 PM,2,0,0,36.141270,-86.716100,I 40,,,,0.00,,,,,,,213.85,N,Not at Intersection, ,Non-Junction,None,,,         ,Michael,Fox,,"Sideswipe, Same Direction",no,no,no,no,no,False
102809555,METROPOLITAN NASHVILLE POLICE DEPT,20200654314,Davidson,Nashville,10/16/2020 7:00:00 PM,1,0,0,36.095100,-86.924130,OLD HICKORY BLVD,,,,510.00,Feet,East,RIDGELAKE PKWY,,,,0.00,N,Not at Intersection, ,Non-Junction,None,,,         ,Alquavious,McDaniel,,Not Collision with Motor Vehicle in Transport,no,no,no,no,no,False
102809573,METROPOLITAN NASHVILLE POLICE DEPT,20200654378,Davidson,Nashville,10/16/2020 8:08:00 PM,2,0,0,36.085770,-86.700790,HARDING PL,,,,204.00,Feet,East,I24 E EXT RAMP,,,,0.00,N,Not at Intersection,N,Non-Junction,None,,,         ,Edward,Starke,Clear,Front to Rear,no,no,no,no,yes,False
102809587,METROPOLITAN NASHVILLE POLICE DEPT,20200654084,Davidson,Nashville,10/16/2020 4:35:00 PM,2,0,0,36.148530,-86.781130,I 40,,,,0.00,,,,,,,209.75,N,Not at Intersection,Y,Entrance/Exit Ramp Related,None,,,         ,Savannah,Starbuck,,Front to Rear,no,no,no,no,no,False
102809598,METROPOLITAN NASHVILLE POLICE DEPT,20200654340,Davidson,Nashville,10/16/2020 6:43:00 PM,2,0,0,36.152340,-86.690400,ELM HILL PKE,,,,0.00,,,ELM HILL PKE EB EXT RAMP,,,,0.00,Y,Four-Way,N,Intersection-Related,None,,,         ,Peter,Kinsey,Clear,"Sideswipe, Same Direction",no,no,no,no,no,False