master_record_number,agency,agency_tracking_number,county,city,collision_date,vehicles_involved,number_injured,number_dead,latitude,longitude,roadway_name,roadway_suffix,roadway_number,roadway_local_id,distance_from_reference,miles-feet_indicator,direction_from_reference,intersection_road_name,intersection_road_name_suffix,intersection_road_number,intersection_local_id,mile_marker,intersection_indicator,intersect_type,interchange_related_indicator,relation_to_junction,work_zone_type,construction_maintenance_zone,construction_maintenance_zone_location,fatal_case_number,officer_first_name,officer_last_name,weather_condition(s),manner_of_crash,pedestrian,bicycle,scooter,parking,hitrun,mou
102811022,METROPOLITAN NASHVILLE POLICE DEPT,20200657768,Davidson,Nashville,10/18/2020 10:45:00 PM,3,0,0,36.198100,-86.753640,WARD ST,,,,358.00,Feet,East,MONTGOMERY AV,,,,0.00,N,Not at Intersection,N,Non-Junction,None,,,         ,Edward,Holden,,HeadOn,no,no,no,no,yes,False
102811028,METROPOLITAN NASHVILLE POLICE DEPT,20200657943,Davidson,Nashville,10/18/2020 11:30:00 PM,1,0,0,36.096180,-86.839230,ESTES RD,,,,2503.00,Feet,South,HOBBS RD,,,,0.00,N,Not at Intersection,N,Non-Junction,None,,,         ,Maximillian,Goldberg,Clear,Not Collision with Motor Vehicle in Transport,no,no,no,no,no,False
102811030,METROPOLITAN NASHVILLE POLICE DEPT,20200657929,Davidson,Nashville,10/19/2020 12:29:00 AM,2,1,0,36.045220,-86.659100,I 24,,,,0.00,,,,,,,59.40,N,Not at Intersection,Y,Non-Junction,None,,,         ,Jerre,Fly,Clear,HeadOn,no,no,no,no,yes,False
102811031,METROPOLITAN NASHVILLE POLICE DEPT,20200657712,Davidson,Antioch,10/18/2020 7:40:00 PM,2,0,0,36.068480,-86.585200,SMITH SPRINGS PKWY,,,,0.00,,,STATE HWY 171,,,,0.00,Y,Four-Way, ,Intersection,None,,,         ,Holly,Davis,,Angle,no,no,no,no,no,False
102811044,METROPOLITAN NASHVILLE POLICE DEPT,20200657988,Davidson,Nashville,10/19/2020 1:30:00 AM,1,0,0,36.081280,-86.754050,HARDING PL,,,,400.00,Feet,East,TIMBERHILL DR,,,,0.00,N,Not at Intersection,N,Non-Junction,None,,,         ,Angeline,Comilla,,Not Collision with Motor Vehicle in Transport,no,no,no,no,no,False
102811059,METROPOLITAN NASHVILLE POLICE DEPT,20200658136,Davidson,Nashville,10/19/2020 3:20:00 AM,1,2,0,36.136550,-86.727200,I24 E EXT RAMP,,,,0.00,Feet,East,I 24,,,,0.00,N,Not at Intersection,N,Non-Junction,None,,,         ,Jonathan,Handley,Clear,Not Collision with Motor Vehicle in Transport,no,no,no,no,no,False
102811078,METROPOLITAN NASHVILLE POLICE DEPT,20200658122,Davidson,Nashville,10/18/2020 6:16:00 PM,2,0,0,36.215120,-86.597420,LEBANON PKE,,,,73.00,Feet,East,ANDREW JACKSON PKWY,,,,0.00,N,Not at Intersection,N,Non-Junction,None,,,         ,Carey,Steel,Unknown,"Sideswipe, Same Direction",no,no,no,no,no,False
102811114,METROPOLITAN NASHVILLE POLICE DEPT,20200658308,Davidson,Not in City Limit,10/19/2020 5:35:00 AM,2,0,0,36.302160,-86.812620,I 24,,,,0.00,,,,,,,38.65,N,Not at Intersection,N,Non-Junction,None,,,         ,Thomas,Clingan,,Front to Rear,no,no,no,no,no,False
102811138,METROPOLITAN NASHVILLE POLICE DEPT,20200657184,Davidson,Nashville,10/18/2020 1:20:00 PM,2,2,0,36.067220,-86.661620,UNA ANTIOCH PIKE,,,,0.00,,,RICHARDS RD,,,,0.00,Y,T-Intersection,N,Intersection,None,,,         ,Jason,Hees,Clear,HeadOn,no,no,no,no,yes,False
102811143,METROPOLITAN NASHVILLE POLICE DEPT,20200658282,Davidson,Not in City Limit,10/19/2020 5:20:00 AM,3,2,0,36.317860,-86.836650,I 24,,,,0.00,,,,,,,36.90,N,Not at Intersection,N,Non-Junction,None,,,         ,Malik,Burriss,Clear,Front to Rear,no,no,no,no,no,False
102811148,METROPOLITAN NASHVILLE POLICE DEPT,20200658396,Davidson,Nashville,10/19/2020 6:55:00 AM,2,0,0,36.133170,-86.892040,CHARLOTTE PKE,,,,181.00,Feet,North,OLD CHARLOTTE PKE,,,,0.00,N,Not at Intersection, ,Non-Junction,None,,,         ,Curtis,Rich,Cloudy,Angle,no,no,no,no,yes,False
102811151,METROPOLITAN NASHVILLE POLICE DEPT,20200658421,Davidson,Antioch,10/18/2020 10:37:00 PM,2,0,0,36.041386,-86.605160,MURFREESBORO,RD,,,800.00,Feet,South,HOBSON,PIKE,,,0.00,N,Not at Intersection,N,Non-Junction,None,,,         ,Michael,Brooks,,Front to Rear,no,no,no,no,yes,False
102811154,METROPOLITAN NASHVILLE POLICE DEPT,20200658203,Davidson,Nashville,10/19/2020 12:00:00 AM,5,2,0,36.246830,-86.784140,I 24,,,,0.00,,,,,,,42.90,N,Not at Intersection,N,Non-Junction,None,,,         ,Cameron,VanLierop,Clear,Not Collision with Motor Vehicle in Transport,no,no,no,no,no,False
102811158,METROPOLITAN NASHVILLE POLICE DEPT,20200658214,Davidson,Nashville,10/19/2020 3:31:00 AM,2,0,0,36.110490,-86.740690,STATE HWY 155,,,,0.00,,,SIMMONS AVE,,,,0.00,Y,T-Intersection,N,Intersection,None,,,         ,Holly,Davis,Clear,Front to Rear,no,no,no,no,yes,False
102811163,THP District 3 - Nashville,320059604,Davidson,Not in City Limit,10/19/2020 7:30:00 AM,2,0,0,36.308060,-86.821810,I 24,,,,0.00,,,,,,,38.00,N,Not at Intersection, ,Non-Junction,None,,,         ,Alexander,Campbell,Cloudy,Front to Rear,no,no,no,no,no,False
102811175,METROPOLITAN NASHVILLE POLICE DEPT,20200658365,Davidson,Nashville,10/19/2020 6:45:00 AM,2,1,0,36.179100,-86.774300,I24 E EXT RAMP,,,,0.00,,,N 1ST ST,,,,0.00,Y,OTHER,Y,Entrance/Exit Ramp Related,None,,,         ,Charles,Coe,Clear,"Sideswipe, Same Direction",no,no,no,no,yes,False
102811191,METROPOLITAN NASHVILLE POLICE DEPT,20200658398,Davidson,Nashville,10/19/2020 7:05:00 AM,2,1,0,36.044950,-86.659750,BELL RD,,,,0.00,,,I24 E ENT RAMP,,,,0.00,Y,Four-Way,N,Intersection,None,,,         ,Joe,Hooper,Clear,Angle,no,no,no,no,no,False
102811197,METROPOLITAN NASHVILLE POLICE DEPT,20200658361,Davidson,Nashville,10/19/2020 6:48:00 AM,2,0,0,36.096160,-86.655620,MURFREESBORO PKE,,,,0.00,,,SMITH SPRINGS RD,,,,0.00,Y,Four-Way,N,Intersection-Related,None,,,         ,Brian,Sherman,Clear,Angle,no,no,no,no,no,False
102811198,METROPOLITAN NASHVILLE POLICE DEPT,20200658450,Davidson,Nashville,10/19/2020 7:45:00 AM,2,0,0,36.216930,-86.693510,MCGAVOCK PKE WB ENT RAMP,,,,0.00,,,MCGAVOCK PKE,,,,0.00,Y,T-Intersection,N,Intersection,None,,,         ,Roger,Luther,,Front to Rear,no,no,no,no,yes,False
102811200,THP District 3 - Nashville,320059632,Davidson,Nashville,10/19/2020 8:54:00 AM,2,0,0,36.106210,-86.673060,MURFREESBORO PKE,,,,0.00,,,DONELSON PKE,,,,0.00,Y,Four-Way, ,Non-Junction,None,,,         ,Alexander,Campbell,Clear,Front to Rear,no,no,no,no,no,False
102811221,METROPOLITAN NASHVILLE POLICE DEPT,2020-0658589,Davidson,Nashville,10/18/2020 3:40:00 AM,1,0,0,36.143160,-86.740260,LANNIE BOSWELL AV,,,,596.00,Feet,North,ELM HILL PKE,,,,0.00,N,Not at Intersection, ,Non-Junction,None,,,         ,Charles,Large,Clear,Not Collision with Motor Vehicle in Transport,no,no,no,no,yes,False
102811235,METROPOLITAN NASHVILLE POLICE DEPT,20200658691,Davidson,Nashville,10/19/2020 10:19:00 AM,2,0,0,36.126800,-86.710680,THOMPSON PL,,,,131.00,Feet,East,MURFREESBORO PKE,,,,0.00,N,Not at Intersection, ,Non-Junction,None,,,         ,Michael,Brooks,,Angle,no,no,no,no,no,False
102811243,METROPOLITAN NASHVILLE POLICE DEPT,20200658740,Davidson,Nashville,10/19/2020 10:30:00 AM,2,0,0,36.151470,-86.852540,CHARLOTTE AV,,,,138.00,Feet,West,MORROW RD,,,,0.00,N,Not at Intersection, ,,None,,,         ,Curtis,Rich,,,no,no,no,no,no,False
102811257,METROPOLITAN NASHVILLE POLICE DEPT,20200658621,Davidson,Nashville,10/19/2020 9:25:00 AM,2,1,0,36.169940,-86.789260,US HWY 41 ALT,,,,575.00,Feet,South,LOCKLAYER ST,,,,0.00,N,Not at Intersection, ,OtherLocation,None,,,         ,Wesley,Young,Cloudy,Front to Rear,no,no,no,no,no,False
102811275,METROPOLITAN NASHVILLE POLICE DEPT,20200658749,Davidson,Nashville,10/19/2020 10:45:00 AM,2,1,0,36.192380,-86.742480,DOUGLAS AV,,,,60.00,Feet,East,N 12TH ST,,,,0.00,N,Not at Intersection,N,Non-Junction,None,,,         ,Russell,Freeman,Cloudy,HeadOn,no,no,no,no,no,False
102811276,METROPOLITAN NASHVILLE POLICE DEPT,20200658493,Davidson,Nashville,10/19/2020 12:00:00 AM,1,0,0,36.056940,-86.700010,COLEMONT DR,,,,0.00,,,TUSCULUM RD,,,,0.00,Y,Four-Way,N,Non-Junction,None,,,         ,Alex,Moore,Unknown,Not Collision with Motor Vehicle in Transport,no,no,no,no,yes,False
102811277,METROPOLITAN NASHVILLE POLICE DEPT,20200658835,Davidson,Goodlettsville,10/19/2020 11:31:00 AM,1,0,0,36.289230,-86.731870,W CAMPBELL RD,,,,86.00,Feet,East,NORTHBROOK RD,,,,0.00,N,Not at Intersection, ,Non-Junction,None,,,         ,Ricki,Armstrong,Clear,Not Collision with Motor Vehicle in Transport,no,no,no,no,no,False
102811280,METROPOLITAN NASHVILLE POLICE DEPT,20200658851,Davidson,Nashville,10/19/2020 11:30:00 AM,1,0,0,36.229880,-86.754970,BROADMOOR DR,,,,400.00,Feet,East,HILLSIDE RD,,,,0.00,N,Not at Intersection,N,Non-Junction,None,,,         ,Russell,Freeman,Cloudy,Not Collision with Motor Vehicle in Transport,no,no,no,no,no,False
102811281,METROPOLITAN NASHVILLE POLICE DEPT,20200658862,Davidson,Nashville,10/19/2020 11:00:00 AM,2,0,0,36.154150,-86.801380,20TH AVN,,,,92.00,Feet,South,STATE ST,,,,0.00,N,Not at Intersection, ,Non-Junction,None,,,         ,Nicholas,Kiraly,,"Sideswipe, Same Direction",no,no,no,no,no,False
102811297,METROPOLITAN NASHVILLE POLICE DEPT,20200655552,Davidson,Nashville,10/17/2020 12:18:00 PM,2,0,0,36.134780,-86.824730,WEST END AV,,,,0.00,,,BOWLING AV,,,,0.00,Y,OTHER, ,Unknown,None,,,         ,Edward,Rucker,Clear,Front to Rear,no,no,no,no,no,False
102811298,METROPOLITAN NASHVILLE POLICE DEPT,20200658904,Davidson,Nashville,10/19/2020 12:00:00 PM,2,0,0,36.168910,-86.861420,CENTENNIAL BLVD,,,,231.00,Feet,East,LINDER INDUSTRIAL DR,,,,0.00,N,Not at Intersection,N,Non-Junction,None,,,         ,Curtis,Rich,Cloudy,Front to Rear,no,no,no,no,no,False
102811304,METROPOLITAN NASHVILLE POLICE DEPT,20200658638,Davidson,Nashville,10/19/2020 9:35:00 AM,2,0,0,36.159120,-86.782250,ROSA L PARKS BLVD,,,,91.00,Feet,North,BROADWAY,,,,0.00,N,Not at Intersection,N,Non-Junction,None,,,         ,Wesley,Henderson,Cloudy,"Sideswipe, Same Direction",no,no,no,no,yes,False
102811311,METROPOLITAN NASHVILLE POLICE DEPT,20200658577,Davidson,Nashville,10/19/2020 8:51:00 AM,2,2,0,36.044950,-86.659750,BELL RD,,,,0.00,,,I24 E ENT RAMP,,,,0.00,Y,OTHER,N,Intersection,None,,,         ,Alex,Moore,,Angle,no,no,no,no,no,False
102811327,METROPOLITAN NASHVILLE POLICE DEPT,20200658922,Davidson,Nashville,10/19/2020 12:20:00 PM,2,0,0,36.202630,-86.820320,BUENA VISTA PIKE,,,,0.00,,,W TRINITY LN,,,,0.00,Y,T-Intersection,N,Intersection,None,,,         ,Wesley,Young,Clear,Angle,no,no,no,no,no,False
102811328,METROPOLITAN NASHVILLE POLICE DEPT,20200658977,Davidson,Nashville,10/19/2020 12:22:00 PM,2,0,0,36.082040,-86.761530,HARDING PL,,,,57.00,Feet,East,SIDCO DR,,,,0.00,N,Not at Intersection, ,Entrance/Exit Ramp Related,None,,,         ,Travis,Pemberton,,Front to Rear,no,no,no,no,no,False
102811343,METROPOLITAN NASHVILLE POLICE DEPT,20200658959,Davidson,Nashville,10/19/2020 12:35:00 PM,1,0,0,36.169890,-86.808340,I 40,,,,0.00,,,,,,,207.20,N,Not at Intersection,N,Non-Junction,None,,,         ,Jeanine,Sarno,,Not Collision with Motor Vehicle in Transport,no,no,no,no,yes,False
102811344,METROPOLITAN NASHVILLE POLICE DEPT,20200658934,Davidson,Nashville,10/19/2020 12:24:00 PM,2,0,0,36.069970,-86.685700,HAYWOOD LN,,,,28.00,Feet,West,BAKERTOWN RD,,,,0.00,N,Not at Intersection, ,Non-Junction,None,,,         ,Jason,Hees,Clear,"Sideswipe, Same Direction",no,no,no,no,no,False
102811346,METROPOLITAN NASHVILLE POLICE DEPT,20200656171,Davidson,Nashville,10/17/2020 8:00:00 PM,2,0,0,36.058260,-86.621400,MURFREESBORO PKE,,,,1650.00,Feet,North,MT VIEW RD,,,,0.00,N,Not at Intersection,N,Non-Junction,None,,,         ,Donald,Davidson,Clear,HeadOn,no,no,no,no,no,False
102811347,VANDERBILT UNIVERSITY POLICE,20200658927,Davidson,Nashville,10/19/2020 12:00:00 AM,2,0,0,36.139480,-86.804590,24TH AVS,,,,0.00,,,,,,,0.00,,, ,Non-Junction,None,,,         ,Robert,Pasinger,,Angle,no,no,no,yes,yes,Campus
102811348,METROPOLITAN NASHVILLE POLICE DEPT,20200659030,Davidson,Nashville,10/19/2020 12:15:00 PM,2,0,0,36.172570,-86.625880,MAGNOLIA FARMS DR,,,,353.00,Feet,West,SUNFLOWER LN,,,,0.00,N,Not at Intersection,N,Non-Junction,None,,,         ,Michael,Brooks,,Unknown,no,no,no,no,yes,False
102811362,METROPOLITAN NASHVILLE POLICE DEPT,20200658993,Davidson,Nashville,10/19/2020 11:45:00 AM,2,0,0,36.149740,-86.806560,ELLISTON PL,,,,0.00,,,,,,,0.00,,,N,Non-Junction,None,,,         ,Nicholas,Kiraly,,"Sideswipe, Same Direction",no,no,no,yes,yes,Campus
102811366,METROPOLITAN NASHVILLE POLICE DEPT,20200659013,Davidson,Nashville,10/19/2020 1:19:00 PM,2,0,0,36.129220,-86.793990,ASHWOOD AV,,,,374.00,Feet,East,BELMONT BLVD,,,,0.00,N,Not at Intersection,N,Non-Junction,None,,,         ,Brent,Bauer,Cloudy,"Sideswipe, Same Direction",no,no,no,no,yes,False
102811368,VANDERBILT UNIVERSITY POLICE,20200654997,Davidson,Nashville,10/19/2020 10:25:00 AM,2,0,0,36.139040,-86.800570,21ST AVS,,,,0.00,,,21ST AVS,,,,0.00,,Not at Intersection, ,Non-Junction,None,,,         ,Adam,Dorris,Clear,"Sideswipe, Same Direction",no,no,no,no,yes,Campus
102811369,METROPOLITAN NASHVILLE POLICE DEPT,20200658636,Davidson,Nashville,10/19/2020 9:20:00 AM,2,0,0,36.048810,-86.665240,I 24,,,,0.00,,,,,,,59.00,N,Not at Intersection, ,Non-Junction,Construction Zone,,,         ,Alex,Moore,,Not Collision with Motor Vehicle in Transport,no,no,no,no,no,False
102811390,METROPOLITAN NASHVILLE POLICE DEPT,20200659059,Davidson,Madison,10/19/2020 1:25:00 PM,2,2,0,36.262780,-86.704580,E OLD HICKORY BLVD,,,,0.00,,,DELAWARE AV,,,,0.00,Y,T-Intersection,N,Non-Junction,None,,,         ,Dillon,Hunt,,Angle,no,no,no,no,no,False
102811397,METROPOLITAN NASHVILLE POLICE DEPT,20200658979,Davidson,Nashville,10/19/2020 11:07:00 AM,2,0,0,36.047840,-86.612050,MURFREESBORO PKE,,,,1284.00,Feet,North,MOUNTAIN SPRINGS RD,,,,0.00,N,Not at Intersection,N,Non-Junction,None,,,         ,Theodore,Flick,Clear,Angle,no,no,no,yes,no,False
102811399,METROPOLITAN NASHVILLE POLICE DEPT,20200659085,Davidson,Nashville,10/19/2020 1:10:00 PM,2,0,0,36.052560,-86.673120,BLUE HOLE RD,,,,16.00,Feet,South,TUSCULUM RD,,,,0.00,N,Not at Intersection, ,Non-Junction,None,,,         ,Gregory,Dixon,Clear,"Sideswipe, Opposite Direction",no,no,no,no,yes,False
102811468,METROPOLITAN NASHVILLE POLICE DEPT,20200659142,Davidson,Nashville,10/19/2020 2:48:00 PM,2,2,0,36.149260,-86.747240,I 40,,,,0.00,,,,,,,211.80,N,Not at Intersection,N,Non-Junction,None,,,         ,Douglas,Mann,Clear,"Sideswipe, Same Direction",no,no,no,no,no,False
102811473,METROPOLITAN NASHVILLE POLICE DEPT,20200659220,Davidson,Nashville,10/19/2020 2:19:00 PM,2,1,0,36.128460,-86.713390,MURFREESBORO PKE,,,,153.00,Feet,North,PHILFRE CT,,,,0.00,N,Not at Intersection,N,Non-Junction,None,,,         ,Nadine,Klemenz,,Front to Rear,no,no,no,no,no,False
102811476,METROPOLITAN NASHVILLE POLICE DEPT,20200659203V,Davidson,Nashville,10/19/2020 3:19:00 PM,2,1,0,36.086870,-86.730230,NOLENSVILLE PKE,,,,0.00,,,ELYSIAN FIELDS CT,,,,0.00,Y,Four-Way,Y,Intersection,None,,,         ,Joel,Bennett,,Angle,no,no,no,no,no,False
102811477,METROPOLITAN NASHVILLE POLICE DEPT,20200659300,Davidson,Nashville,10/19/2020 4:15:00 PM,2,0,0,36.112100,-86.738190,ST EDWARDS DR,,,,654.00,Feet,North,THOMPSON LN,,,,0.00,N,Not at Intersection, ,,None,,,         ,John,Walden,,,no,no,no,no,no,False
102811481,METROPOLITAN NASHVILLE POLICE DEPT,20200659238,Davidson,Nashville,10/19/2020 3:00:00 PM,1,0,0,36.174050,-86.822820,ED TEMPLE BLVD,,,,120.00,Feet,North,DR WALTER S DAVIS BLVD,,,,0.00,N,Not at Intersection,N,Non-Junction,None,,,         ,Brian,Warstadt,,Not Collision with Motor Vehicle in Transport,no,no,no,no,no,False
102811482,GOODLETTSVILLE POLICE DEPT,20-30878,Davidson,Goodlettsville,10/19/2020 3:16:00 PM,2,1,0,36.299300,-86.712190,I 65,,,,0.00,,,,,,,95.10,N,Not at Intersection,N,Non-Junction,None,,,         ,Rico,Jones,Cloudy,Front to Rear,no,no,no,no,no,False
102811484,METROPOLITAN NASHVILLE POLICE DEPT,2020-0658948,Davidson,Nashville,10/19/2020 11:45:00 AM,2,0,0,36.135120,-86.811380,FAIRFAX AV,,,,0.00,,,NATCHEZ TRC,,,,0.00,Y,Four-Way, ,Intersection,None,,,         ,Po,Cheng,,Angle,no,no,no,no,no,Campus
102811487,METROPOLITAN NASHVILLE POLICE DEPT,20200659209,Davidson,Nashville,10/19/2020 3:23:00 PM,2,0,0,36.150550,-86.749280,I 40,,,,0.00,,,,,,,211.65,N,Not at Intersection,N,Non-Junction,None,,,         ,Douglas,Mann,Clear,Front to Rear,no,no,no,no,no,False
102811505,METROPOLITAN NASHVILLE POLICE DEPT,20200659343,Davidson,Nashville,10/19/2020 4:24:00 PM,2,0,0,36.206700,-86.779280,W TRINITY LN,,,,250.00,Feet,West,HAMPTON ST,,,,0.00,N,Not at Intersection, ,,None,,,         ,Mary,Hall,,,no,no,no,no,no,False
102811514,METROPOLITAN NASHVILLE POLICE DEPT,20200659400,Davidson,Not in City Limit,10/19/2020 4:38:00 PM,2,0,0,36.065930,-86.937130,OLD HARDING PKE,,,,124.00,Feet,East,BELLEVUE RDN,,,,0.00,N,Not at Intersection, ,Non-Junction,None,,,         ,Billy,Price,Clear,Front to Rear,no,no,no,no,no,False
102811516,METROPOLITAN NASHVILLE POLICE DEPT,20200659408,Davidson,Nashville,10/19/2020 4:53:00 PM,2,0,0,36.138390,-86.808660,BLAKEMORE AV,,,,213.00,Feet,West,26TH AVS,,,,0.00,N,Not at Intersection, ,,None,,,         ,Emmanuel,Berger,,,no,no,no,no,no,Campus
102811517,METROPOLITAN NASHVILLE POLICE DEPT,20200659335,Davidson,Nashville,10/19/2020 4:31:00 PM,2,1,0,36.100460,-86.711770,I 24,,,,0.00,,,,,,,54.50,N,Not at Intersection,N,Non-Junction,None,,,         ,Andrew,Brazee,Clear,Front to Rear,no,no,no,no,yes,False
102811530,METROPOLITAN NASHVILLE POLICE DEPT,20200659450,Davidson,Lakewood,10/19/2020 5:38:00 PM,2,1,0,36.241500,-86.633560,OLD HICKORY BLVD,,,,12.00,Feet,East,IRIS AV,,,,0.00,N,Not at Intersection,N,Non-Junction,None,,,         ,Cheri,Cox,Clear,Front to Rear,no,no,no,no,no,False
102811531,METROPOLITAN NASHVILLE POLICE DEPT,20200659276,Davidson,Nashville,10/19/2020 4:01:00 PM,2,0,0,36.072180,-86.691400,I 24,,,,0.00,,,,,,,56.80,N,Not at Intersection, ,Non-Junction,None,,,         ,Edward,Starke,Clear,"Sideswipe, Same Direction",no,no,no,no,no,False
102811534,METROPOLITAN NASHVILLE POLICE DEPT,20200659477,Davidson,Not in City Limit,10/19/2020 5:50:00 PM,1,0,0,36.078270,-86.942200,HARROW DR,,,,104.00,Feet,East,CARRIAGE DR,,,,0.00,N,Not at Intersection, ,Non-Junction,None,,,         ,Billy,Price,Clear,Not Collision with Motor Vehicle in Transport,no,no,no,no,no,False
102811538,METROPOLITAN NASHVILLE POLICE DEPT,20200659382,Davidson,Antioch,10/19/2020 4:55:00 PM,2,0,0,36.035400,-86.611270,OLD HICKORY BLVD,,,,179.00,Feet,South,HOBSON PKE,,,,0.00,N,Not at Intersection, ,Non-Junction,None,,,         ,Matthew,Swindell,Clear,Angle,no,no,no,no,no,False
102811548,METROPOLITAN NASHVILLE POLICE DEPT,20200659472,Davidson,Antioch,10/19/2020 5:20:00 PM,2,0,0,36.016140,-86.620050,OLD HICKORY BLVD,,,,266.00,Feet,South,FIRESTONE PKWY,,,,0.00,N,Not at Intersection, ,Non-Junction,None,,,         ,Cooper,HIll,Clear,"Sideswipe, Same Direction",no,no,no,no,no,False
102811549,METROPOLITAN NASHVILLE POLICE DEPT,20200659448,Davidson,Nashville,10/19/2020 5:37:00 PM,2,0,0,36.057570,-86.677370,I 24,,,,0.00,,,,,,,58.05,N,Not at Intersection, ,Non-Junction,None,,,         ,Edward,Starke,Clear,Front to Rear,no,no,no,no,no,False
102811564,METROPOLITAN NASHVILLE POLICE DEPT,20200659440,Davidson,Nashville,10/19/2020 5:30:00 PM,1,1,0,36.109270,-86.809870,BENHAM AV,,,,0.00,,,,,,,0.00,,,N,OtherLocation,None,,,         ,Jacob,Robbins,,Not Collision with Motor Vehicle in Transport,yes,no,no,yes,no,False
102811571,METROPOLITAN NASHVILLE POLICE DEPT,20200659552,Davidson,Nashville,10/19/2020 6:50:00 PM,2,0,0,36.149580,-86.860290,CHARLOTTE PKE,,,,111.00,Feet,West,OCEOLA AV,,,,0.00,N,Not at Intersection,N,Non-Junction,None,,,         ,Lawrence,Whited,Clear,"Sideswipe, Same Direction",no,no,no,no,yes,False
102811574,METROPOLITAN NASHVILLE POLICE DEPT,20200659537,Davidson,Goodlettsville,10/19/2020 5:48:00 PM,2,0,0,36.296340,-86.698740,MYATT DR,,,,244.00,Feet,South,GALLATIN PKEN,,,,0.00,N,Not at Intersection,N,Non-Junction,None,,,         ,Christopher,Littles,,Angle,no,no,no,no,yes,False
102811575,METROPOLITAN NASHVILLE POLICE DEPT,20200659466,Davidson,Not in City Limit,10/19/2020 5:38:00 PM,4,1,0,36.268260,-86.683200,CHARTER VILLAGE APTS PVTDR,,,,280.00,Feet,South,RIO VISTA DR,,,,0.00,N,Not at Intersection,N,Non-Junction,None,,,         ,Christopher,Littles,,Angle,no,no,no,yes,yes,False
102811576,METROPOLITAN NASHVILLE POLICE DEPT,20200659417,Davidson,Nashville,10/19/2020 2:20:00 PM,2,0,0,36.116640,-86.798730,I 440,,,,0.00,,,,,,,3.30,N,Not at Intersection, ,,None,,,         ,Flynn,Ireland,,,no,no,no,no,no,False
102811583,METROPOLITAN NASHVILLE POLICE DEPT,20200659576,Davidson,Nashville,10/19/2020 5:51:00 PM,2,0,0,36.091630,-86.735240,NOLENSVILLE PKE,,,,92.00,Feet,North,YELTON CT,,,,0.00,N,Not at Intersection, ,Non-Junction,None,,,         ,Rami,Rouhi,,"Sideswipe, Same Direction",no,no,no,no,no,False
102811592,METROPOLITAN NASHVILLE POLICE DEPT,20200659529,Davidson,Nashville,10/19/2020 5:09:00 PM,3,1,0,36.109990,-86.780100,WOODMONT BLVD,,,,232.00,Feet,West,GENERAL HOOD TRL,,,,0.00,N,Not at Intersection,N,Non-Junction,None,,,         ,Douglas,Sykes,,Front to Rear,no,no,no,no,no,False
102811596,METROPOLITAN NASHVILLE POLICE DEPT,20200659579,Davidson,Not in City Limit,10/19/2020 5:07:00 PM,2,0,0,36.021170,-86.652950,BLAIRFIELD DR,,,,512.00,Feet,East,HASKELL DR,,,,0.00,N,Not at Intersection,N,Non-Junction,None,,,         ,Edward,Starke,Clear,"Sideswipe, Same Direction",no,no,no,no,yes,False
102811618,METROPOLITAN NASHVILLE POLICE DEPT,20200656022,Davidson,Nashville,10/17/2020 7:39:00 PM,1,0,1,36.146210,-86.817530,LONG BLVD,,,,0.00,,,AVOCA ST,,,,0.00,Y,T-Intersection,N,Intersection,None,,,         ,Christopher,Valdez,Clear,Not Collision with Motor Vehicle in Transport,yes,no,no,no,no,False
102811646,METROPOLITAN NASHVILLE POLICE DEPT,20200659536,Davidson,Nashville,10/19/2020 6:04:00 PM,1,0,0,36.205450,-86.762390,E TRINITY LN,,,,287.00,Feet,East,SULTANA AV,,,,0.00,N,Not at Intersection,N,Non-Junction,None,,,         ,Nicholas,Silinsky,,Not Collision with Motor Vehicle in Transport,no,no,no,no,no,False
102811647,METROPOLITAN NASHVILLE POLICE DEPT,20200659752,Davidson,Nashville,10/19/2020 8:56:00 PM,1,1,0,36.161350,-86.799930,17TH AVN,,,,0.00,,East,JO JOHNSTON AV,,,,0.00,N,Not at Intersection,N,Non-Junction,None,,,         ,Brandon,Chapman,,Not Collision with Motor Vehicle in Transport,yes,no,no,no,no,False
102811657,METROPOLITAN NASHVILLE POLICE DEPT,20200659623,Davidson,Nashville,10/19/2020 7:30:00 PM,2,1,0,36.148990,-86.782730,I 40,,,,0.00,,,,,,,209.70,N,Not at Intersection,N,Non-Junction,None,,,         ,Jacob,Robbins,,"Sideswipe, Same Direction",no,no,no,no,no,False
102811662,METROPOLITAN NASHVILLE POLICE DEPT,20200659658,Davidson,Nashville,10/19/2020 7:50:00 PM,2,0,0,36.255720,-86.714630,GALLATIN PKES,,,,186.00,Feet,South,NEELYS BEND RD,,,,0.00,N,Not at Intersection, ,Non-Junction,None,,,         ,David,Harms,,HeadOn,no,no,no,no,no,False
102811670,METROPOLITAN NASHVILLE POLICE DEPT,20200659779,Davidson,Nashville,10/19/2020 9:10:00 PM,2,1,0,36.142800,-86.744360,MURFREESBORO PKE,,,,0.00,,,FESSLERS LN,,,,0.00,Y,Four-Way,Y,Intersection,None,,,         ,Douglas,Mann,Clear,Other,no,no,no,no,no,False