master_record_number,agency,agency_tracking_number,county,city,collision_date,vehicles_involved,number_injured,number_dead,latitude,longitude,roadway_name,roadway_suffix,roadway_number,roadway_local_id,distance_from_reference,miles-feet_indicator,direction_from_reference,intersection_road_name,intersection_road_name_suffix,intersection_road_number,intersection_local_id,mile_marker,intersection_indicator,intersect_type,interchange_related_indicator,relation_to_junction,work_zone_type,construction_maintenance_zone,construction_maintenance_zone_location,fatal_case_number,officer_first_name,officer_last_name,weather_condition(s),manner_of_crash,pedestrian,bicycle,scooter,parking,hitrun,mou
102814026,METROPOLITAN NASHVILLE POLICE DEPT,20200666641,Davidson,Nashville,10/23/2020 7:25:00 AM,2,0,0,36.079620,-86.627870,RURAL HILL RD,,,,172.00,Feet,East,PRIEST LAKE DR,,,,0.00,N,Not at Intersection,N,Non-Junction,None,,,         ,Patrick,Lancaster,Clear,HeadOn,no,no,no,no,no,False
102814034,THP District 3 - Nashville,320059905,Davidson,Nashville,10/20/2020 2:50:00 PM,1,0,0,36.241980,-86.747840,I65 N ENT RAMP,,,,0.00,,,I 65,,,,0.00,Y,OTHER,Y,Entrance/Exit Ramp Related,None,,,         ,Sarah,Lund,Clear,Not Collision with Motor Vehicle in Transport,no,no,no,no,no,False
102814037,METROPOLITAN NASHVILLE POLICE DEPT,20200666595,Davidson,Nashville,10/23/2020 7:20:00 AM,2,0,0,36.176410,-86.767600,SPRING ST,,,,51.00,Feet,West,SPRING ST ENT RAMP,,,,0.00,N,Not at Intersection, ,Non-Junction,None,,,         ,Russell,Freeman,Clear,Front to Rear,no,no,no,no,no,False
102814038,GOODLETTSVILLE POLICE DEPT,20-31279,Davidson,Goodlettsville,10/23/2020 10:04:00 AM,2,0,0,36.323010,-86.713370,N MAIN ST,,,,0.00,,,W CEDAR ST,,,,0.00,Y,T-Intersection,N,Intersection,None,,,         ,Rico,Jones,Clear,Front to Rear,no,no,no,no,no,False
102814047,METROPOLITAN NASHVILLE POLICE DEPT,20200666864,Davidson,Madison,10/23/2020 10:11:00 AM,2,0,0,36.260950,-86.712640,GALLATIN PKES,,,,109.00,Feet,South,MAPLE ST,,,,0.00,N,Not at Intersection,N,Non-Junction,None,,,         ,William,Coy,,Angle,no,no,no,no,no,False
102814057,METROPOLITAN NASHVILLE POLICE DEPT,20200666640,Davidson,Nashville,10/23/2020 7:50:00 AM,2,0,0,36.148940,-86.774480,I 40,,,,0.00,,,,,,,210.15,N,Not at Intersection,Y,Entrance/Exit Ramp Related,None,,,         ,Russell,Freeman,Clear,"Sideswipe, Same Direction",no,no,no,no,yes,False
102814068,METROPOLITAN NASHVILLE POLICE DEPT,20200666907,Davidson,Nashville,10/23/2020 12:00:00 AM,2,0,0,36.134280,-86.779900,WEDGEWOOD AV,,,,196.00,Feet,East,BEECH AV,,,,0.00,N,Not at Intersection, ,Non-Junction,None,,,         ,Joel,Cottrill,,Angle,no,no,no,no,no,False
102814071,METROPOLITAN NASHVILLE POLICE DEPT,20200666958,Davidson,Nashville,10/13/2020 12:00:00 AM,2,0,0,36.162170,-86.860840,MORROW RD,,,,78.00,Feet,West,MARILYN RD,,,,0.00,N,Not at Intersection, ,Non-Junction,None,,,         ,Curtis,Rich,Unknown,Front to Rear,no,no,no,no,yes,False
102814089,METROPOLITAN NASHVILLE POLICE DEPT,20200666974,Davidson,Madison,10/23/2020 11:10:00 AM,2,1,0,36.260310,-86.738470,I 65,,,,0.00,,,,,,,92.00,N,Not at Intersection,N,Non-Junction,None,,,         ,Ian,Wilson,Clear,Not Collision with Motor Vehicle in Transport,no,no,no,no,no,False
102814097,METROPOLITAN NASHVILLE POLICE DEPT,20200667026,Davidson,Not in City Limit,10/23/2020 11:48:00 AM,2,0,0,36.020090,-86.710110,NOLENSVILLE PKE,,,,392.00,Feet,North,SHANE POINT PL,,,,0.00,N,Not at Intersection,N,Non-Junction,None,,,         ,Tony,Folad,,Front to Rear,no,no,no,no,no,False
102814124,METROPOLITAN NASHVILLE POLICE DEPT,20200666828,Davidson,Goodlettsville,10/23/2020 9:30:00 AM,2,0,0,36.296910,-86.699160,RIVERGATE PKWY,,,,0.00,,,GALLATIN PKEN,,,,0.00,Y,Four-Way,N,Intersection-Related,None,,,         ,Cyretha,Frazier,,Front to Rear,no,no,no,no,yes,False
102814129,BELLE MEADE POLICE DEPT,20-0216,Davidson,Belle Meade,10/23/2020 12:02:00 PM,3,2,0,36.122310,-86.851320,HARDING PKE,,,,0.00,,,LYNNWOOD BLVD,,,,0.00,Y,Four-Way,N,Intersection-Related,None,,,         ,Charles,Williams,Clear,Front to Rear,no,no,no,no,no,False
102814134,METROPOLITAN NASHVILLE POLICE DEPT,20200667016,Davidson,Nashville,10/23/2020 11:41:00 AM,1,0,0,36.139690,-86.702470,KAREN DR,,,,157.00,Feet,West,LAURINDA DR,,,,0.00,N,Not at Intersection,N,Non-Junction,None,,,         ,Joshua,Hausman,,Not Collision with Motor Vehicle in Transport,no,no,no,no,yes,False
102814152,METROPOLITAN NASHVILLE POLICE DEPT,20200667151,Davidson,Nashville,10/23/2020 12:26:00 PM,2,0,0,36.124770,-86.847940,HARDING PKE,,,,120.00,Feet,West,WHITE BRIDGE PKE,,,,0.00,N,Not at Intersection, ,Non-Junction,None,,,         ,Curtis,Rich,Clear,Angle,no,no,no,no,no,False
102814159,METROPOLITAN NASHVILLE POLICE DEPT,20200667072,Davidson,Nashville,10/23/2020 12:00:00 AM,2,0,0,36.179720,-86.842950,SNELL BLVD,,,,176.00,Feet,West,HOLLAND LN,,,,0.00,N,Not at Intersection,N,Non-Junction,None,,,         ,Royce,McLester,Clear,Unknown,no,no,no,no,yes,False
102814172,METROPOLITAN NASHVILLE POLICE DEPT,20200667059,Davidson,Nashville,10/23/2020 12:07:00 PM,2,0,0,36.231960,-86.783600,I 24,,,,0.00,,,,,,,44.00,N,Not at Intersection, ,,None,,,         ,James,Wray,,,no,no,no,no,no,False
102814174,METROPOLITAN NASHVILLE POLICE DEPT,20200667148,Davidson,Nashville,10/23/2020 12:40:00 PM,2,0,0,36.150470,-86.770350,4TH AVS,,,,0.00,Feet,South,I40 E EXT RAMP,,,,0.00,N,Not at Intersection, ,Non-Junction,None,,,         ,Todd,Watson,Clear,Angle,no,no,no,no,no,False
102814189,METROPOLITAN NASHVILLE POLICE DEPT,20200658307,Davidson,Nashville,10/19/2020 5:44:00 AM,1,0,1,36.044910,-86.667340,STATE HWY 254,,,,57.00,Feet,West,CEDAR POINTE PKWY,,,,0.00,N,Not at Intersection,N,Non-Junction,None,,,20-0892  ,Kevin,Coleman,Clear,Not Collision with Motor Vehicle in Transport,yes,no,no,no,no,False
102814193,METROPOLITAN NASHVILLE POLICE DEPT,20200667074,Davidson,Nashville,10/23/2020 12:10:00 PM,3,2,0,36.064790,-86.628480,HAMILTON CHURCH RD,,,,0.00,,,MURFREESBORO PKE,,,,0.00,Y,Four-Way,N,Intersection,None,,,         ,Dillon,Gann,,Front to Rear,no,no,no,no,no,False
102814197,METROPOLITAN NASHVILLE POLICE DEPT,20200667189,Davidson,Nashville,10/23/2020 1:05:00 PM,2,0,0,36.231960,-86.783600,I 24,,,,0.00,,,,,,,44.00,N,Not at Intersection, ,,None,,,         ,James,Wray,,,no,no,no,no,no,False
102814203,METROPOLITAN NASHVILLE POLICE DEPT,20200667167,Davidson,Nashville,10/23/2020 11:08:00 AM,2,0,0,36.169920,-86.800720,14TH AVN,,,,0.00,,,MEHARRY BLVD,,,,0.00,Y,Four-Way, ,Intersection,None,,,         ,Tyler,Adcock,Cloudy,Angle,no,no,no,no,no,False
102814204,METROPOLITAN NASHVILLE POLICE DEPT,20200667010,Davidson,Nashville,10/23/2020 11:30:00 AM,3,1,0,36.045370,-86.713260,OLD HICKORY BLVD,,,,0.00,,,NOLENSVILLE PKE,,,,0.00,Y,Four-Way,N,Intersection,None,,,         ,Thomas,White,Clear,Angle,no,no,no,no,no,False
102814208,METROPOLITAN NASHVILLE POLICE DEPT,20200667222,Davidson,Madison,10/23/2020 12:00:00 AM,2,0,0,36.267210,-86.683280,CHARTER VILLAGE APTS PVTDR,,,,411.00,Feet,West,RIO VISTA DR,,,,0.00,N,Not at Intersection,N,Non-Junction,None,,,         ,Keenan,McCann,,Angle,no,no,no,yes,yes,False
102814214,METROPOLITAN NASHVILLE POLICE DEPT,20200667060,Davidson,Nashville,10/23/2020 12:02:00 PM,2,1,0,36.081480,-86.681740,FRANKLIN LIMESTONE RD,,,,0.00,Feet,East,ANTIOCH PKE,,,,0.00,N,Not at Intersection,N,Non-Junction,None,,,         ,Brian,Sherman,Cloudy,HeadOn,no,no,no,no,no,False
102814215,METROPOLITAN NASHVILLE POLICE DEPT,20200665116,Davidson,Nashville,10/22/2020 11:10:00 AM,2,0,0,36.140160,-86.722830,I 40,,,,0.00,,,,,,,213.50,N,Not at Intersection, ,Entrance/Exit Ramp Related,None,,,         ,Bradley,Nave,Clear,"Sideswipe, Same Direction",no,no,no,no,no,False
102814216,METROPOLITAN NASHVILLE POLICE DEPT,20200667101,Davidson,Nashville,10/23/2020 12:32:00 PM,2,1,0,36.216630,-86.738880,HART LN,,,,263.00,Feet,East,SAUNDERS CT,,,,0.00,N,Not at Intersection,N,Non-Junction,None,,,         ,Maria,Reynolds,,HeadOn,no,no,no,no,no,False
102814222,METROPOLITAN NASHVILLE POLICE DEPT,20200667266,Davidson,Nashville,10/23/2020 12:43:00 PM,2,0,0,36.180450,-86.800250,I 65,,,,0.00,,,,,,,85.00,N,Not at Intersection,N,Non-Junction,None,,,         ,Cody,Jaworski,Rain,Front to Rear,no,no,no,no,no,False
102814224,METROPOLITAN NASHVILLE POLICE DEPT,20200667215,Davidson,Nashville,10/23/2020 1:18:00 PM,2,0,0,36.148100,-86.767470,3RD AVS,,,,0.00,,,CAMERON ST,,,,0.00,Y,Four-Way, ,Non-Junction,None,,,         ,Alex,Moore,Clear,Angle,no,no,no,no,no,False
102814263,METROPOLITAN NASHVILLE POLICE DEPT,20200667353,Davidson,Nashville,10/23/2020 12:00:00 AM,2,0,0,36.146300,-86.779010,8TH AVS,,,,135.00,Feet,South,SOUTH ST,,,,0.00,N,Not at Intersection,N,Non-Junction,None,,,         ,Sekou,Samassi,,Front to Rear,no,no,no,no,no,False
102814268,METROPOLITAN NASHVILLE POLICE DEPT,20200667208,Davidson,Nashville,10/23/2020 1:24:00 PM,2,1,0,36.149030,-86.746430,I 40,,,,0.00,,,,,,,211.85,N,Not at Intersection,N,Non-Junction,None,,,         ,Daniel,Fuentes,Clear,Front to Rear,no,no,no,no,no,False
102814270,METROPOLITAN NASHVILLE POLICE DEPT,20200667285,Davidson,Nashville,10/23/2020 2:19:00 PM,2,1,0,36.216780,-86.623510,GRANWOOD BLVD,,,,0.00,,,OLD HICKORY BLVD,,,,0.00,Y,Four-Way,N,Intersection-Related,None,,,         ,William,Mckay,Clear,Front to Rear,no,no,no,no,no,False
102814272,METROPOLITAN NASHVILLE POLICE DEPT,20200667298,Davidson,Nashville,10/23/2020 1:17:00 PM,2,0,0,36.118590,-86.700190,BRILEY PKWY S EXT RAMP,,,,0.00,Feet,East,BRILEY PKWYS,,,,0.00,N,Not at Intersection,N,Entrance/Exit Ramp Related,None,,,         ,Cressie,Prill,Clear,Front to Rear,no,no,no,no,no,False
102814275,METROPOLITAN NASHVILLE POLICE DEPT,20200667362,Davidson,Nashville,10/23/2020 3:20:00 PM,2,0,0,36.127570,-86.843880,WOODLAWN DR,,,,0.00,,,HARDING PKE,,,,0.00,Y,T-Intersection, ,,None,,,         ,Matthew,Turppa,,,no,no,no,no,no,False
102814284,METROPOLITAN NASHVILLE POLICE DEPT,20200667387,Davidson,Nashville,10/23/2020 3:10:00 PM,2,0,0,36.176750,-86.777150,SPRING ST,,,,306.00,Feet,West,COWAN ST,,,,0.00,N,Not at Intersection,N,Non-Junction,None,,,         ,Alexander,Hartle,Clear,"Sideswipe, Same Direction",no,no,no,no,yes,False
102814302,METROPOLITAN NASHVILLE POLICE DEPT,20200667371,Davidson,Nashville,10/23/2020 3:05:00 PM,2,0,0,36.163350,-86.761820,I 24,,,,0.00,,,,,,,49.25,N,Not at Intersection, ,,None,,,         ,Zachary,Aldrich,,,no,no,no,no,no,False
102814303,METROPOLITAN NASHVILLE POLICE DEPT,20200667317,Davidson,Goodlettsville,10/23/2020 1:58:00 PM,2,0,0,36.306840,-86.694360,CONFERENCE DR,,,,0.00,,,VIETNAM VETERANS BLVD NB ENT R,,,,0.00,Y,T-Intersection,N,Entrance/Exit Ramp Related,None,,,         ,Christopher,Littles,,Front to Rear,no,no,no,no,yes,False
102814304,METROPOLITAN NASHVILLE POLICE DEPT,20200667316,Davidson,Not in City Limit,10/23/2020 2:18:00 PM,2,0,0,36.263180,-86.713090,OLD HICKORY BLVDW,,,,0.00,,,OLD TIME VILLAGE PVTDR,,,,0.00,Y,T-Intersection, ,,None,,,         ,Christopher,Littles,,,no,no,no,no,no,False
102814305,METROPOLITAN NASHVILLE POLICE DEPT,20200667383,Davidson,Nashville,10/23/2020 3:06:00 PM,2,0,0,36.234410,-86.719450,BRILEY PKWYW,,,,612.00,Feet,East,BRILEY PKWYE,,,,0.00,N,Not at Intersection, ,,None,,,         ,Christopher,Littles,,,no,no,no,no,no,False
102814306,METROPOLITAN NASHVILLE POLICE DEPT,20200667409,Davidson,Nashville,10/23/2020 4:00:00 PM,2,0,0,36.102950,-86.666320,TOWN PARK DR,,,,51.00,Feet,South,MURFREESBORO PKE,,,,0.00,N,Not at Intersection, ,,None,,,         ,Brandon,Simpkins,,,no,no,no,no,no,False
102814307,GOODLETTSVILLE POLICE DEPT,20-31313,Davidson,Goodlettsville,10/23/2020 3:32:00 PM,2,0,0,36.318450,-86.702200,I 65,,,,0.00,,,,,,,96.60,N,Not at Intersection, ,Non-Junction,None,,,         ,Daniel,Knalls,Cloudy,Front to Rear,no,no,no,no,no,False
102814321,METROPOLITAN NASHVILLE POLICE DEPT,20200667374,Davidson,Nashville,10/23/2020 2:50:00 PM,2,0,0,36.156060,-86.808350,CHARLOTTE AV,,,,112.00,Feet,East,23RD AVN,,,,0.00,N,Not at Intersection,N,Non-Junction,None,,,         ,Jacob,Robbins,Cloudy,Front to Rear,no,no,no,no,no,False
102814323,METROPOLITAN NASHVILLE POLICE DEPT,20200667422,Davidson,Not in City Limit,10/23/2020 3:45:00 PM,2,0,0,36.263070,-86.711920,STATE RT 45,,,,0.00,Feet,West,OLD HICKORY BLVDW,,,,0.00,N,Not at Intersection,N,Non-Junction,None,,,         ,Joshua,Goepper,,Angle,no,no,no,no,no,False
102814353,METROPOLITAN NASHVILLE POLICE DEPT,20200667323,Davidson,Nashville,10/23/2020 2:38:00 PM,2,0,0,36.125920,-86.846340,HARDING PKE,,,,51.00,Feet,East,KENNER AV,,,,0.00,N,Not at Intersection, ,Non-Junction,None,,,         ,Andrew,McCarron,,"Sideswipe, Same Direction",no,no,no,no,no,False
102814354,METROPOLITAN NASHVILLE POLICE DEPT,20200667465,Davidson,Nashville,10/23/2020 3:00:00 PM,2,0,0,36.106300,-86.817850,ABBOTT MARTIN RD,,,,468.00,Feet,East,CLEGHORN AV,,,,0.00,N,Not at Intersection,N,Non-Junction,None,,,         ,Matthew,Turppa,,Other,no,no,no,yes,yes,False
102814356,METROPOLITAN NASHVILLE POLICE DEPT,20200667462,Davidson,Nashville,10/23/2020 4:04:00 PM,2,0,0,36.154880,-86.627020,STEWARTS FERRY PIKE,,,,14.00,Feet,West,-- UNKNOWN RAMP/ROAD --,,,,0.00,N,Not at Intersection, ,,None,,,         ,Jarrett,Ipox,,,no,no,no,no,no,False
102814358,METROPOLITAN NASHVILLE POLICE DEPT,20200667506,Davidson,Nashville,10/23/2020 3:31:00 PM,2,0,0,36.115840,-86.783650,I 440,,,,0.00,,,,,,,4.35,N,Not at Intersection, ,Non-Junction,None,,,         ,Douglas,Sykes,,Front to Rear,no,no,no,no,no,False
102814360,METROPOLITAN NASHVILLE POLICE DEPT,20200667541,Davidson,Nashville,10/23/2020 4:43:00 PM,2,0,0,36.090330,-86.626500,SMITH SPRINGS RD,,,,0.00,,,BELL RD,,,,0.00,Y,Four-Way, ,,None,,,         ,Steven,Powers,,,no,no,no,no,no,False
102814361,METROPOLITAN NASHVILLE POLICE DEPT,20200667529,Davidson,Nashville,10/23/2020 3:53:00 PM,2,0,0,36.075190,-86.639320,MURFREESBORO PKE,,,,327.00,Feet,North,RURAL HILL RD,,,,0.00,N,Not at Intersection, ,,None,,,         ,Steven,Powers,,,no,no,no,no,no,False
102814369,METROPOLITAN NASHVILLE POLICE DEPT,20200667599,Davidson,Nashville,10/23/2020 5:05:00 PM,2,0,0,36.146520,-86.870230,CHARLOTTE PKE,,,,212.00,Feet,East,WESTBORO DR,,,,0.00,N,Not at Intersection,N,Non-Junction,None,,,         ,Hillary,Sherman,,Front to Rear,no,no,no,no,yes,False
102814379,METROPOLITAN NASHVILLE POLICE DEPT,20200667504,Davidson,Nashville,10/23/2020 12:00:00 AM,2,1,0,36.157650,-86.773410,3RD AVS,,,,0.00,,,KOREAN VETERANS BLVD,,,,0.00,Y,Four-Way,N,Intersection,None,,,         ,Trevor,Taylor,Cloudy,Angle,no,no,no,no,no,False
102814387,VANDERBILT UNIVERSITY POLICE,20200667391,Davidson,Nashville,10/23/2020 2:50:00 PM,3,0,0,36.139070,-86.805070,24TH AVE S,,,,0.00,,,CHILDRENS WAY,,,,0.00,Y,Four-Way,N,Intersection,None,,,         ,Yasemine,Lomax,,Other,no,no,no,no,yes,Campus
102814391,VANDERBILT UNIVERSITY POLICE,20200667457,Davidson,Nashville,10/23/2020 3:45:00 PM,2,0,0,36.108830,-86.765170,POWELL AVE,,,,0.00,,,,,,,0.00,,Not at Intersection,N,Non-Junction,None,,,         ,Garrett,Bennett,Clear,"Sideswipe, Opposite Direction",no,no,no,yes,no,OHO
102814398,METROPOLITAN NASHVILLE POLICE DEPT,20200667523,Davidson,Nashville,10/23/2020 4:20:00 PM,2,0,0,36.084700,-86.703730,HARDING PL,,,,0.00,,,,,,,0.00,,, ,Non-Junction,None,,,         ,Ryan,Allen,Clear,Angle,no,no,no,yes,no,False
102814400,METROPOLITAN NASHVILLE POLICE DEPT,20200667625,Davidson,Not in City Limit,10/23/2020 5:16:00 PM,2,0,0,36.325750,-86.868690,I24 W EXT RAMP,,,,0.00,Feet,East,I 24,,,,0.00,N,Not at Intersection, ,Non-Junction,None,,,         ,Melvin,Taylor,,Front to Rear,no,no,no,no,yes,False
102814407,VANDERBILT UNIVERSITY POLICE,20200667511,Davidson,Nashville,10/23/2020 3:20:00 PM,2,0,0,36.112330,-86.767020,POWELL AV,,,,0.00,,,THOMPSON LN,,,,0.00,Y,Four-Way,N,Intersection,None,,,         ,Cheryl,Bonner,Clear,Front to Rear,no,no,no,no,no,False
102814408,METROPOLITAN NASHVILLE POLICE DEPT,20200667639,Davidson,Nashville,10/23/2020 4:55:00 PM,2,0,0,36.129490,-86.903310,CHARLOTTE PKE,,,,0.00,,,DAVIDSON DR,,,,0.00,Y,Four-Way, ,,None,,,         ,Ryan,Malone,,,no,no,no,no,no,False
102814415,METROPOLITAN NASHVILLE POLICE DEPT,20200667551,Davidson,Nashville,10/23/2020 4:42:00 PM,2,0,0,36.199410,-86.618260,LEBANON PKE PVTDR,,,,327.00,Feet,East,LEBANON PKE,,,,0.00,N,Not at Intersection,N,Non-Junction,None,,,         ,Zaire,Murray,,Front to Rear,no,no,no,no,no,False
102814427,METROPOLITAN NASHVILLE POLICE DEPT,20200667566,Davidson,Nashville,10/23/2020 4:30:00 PM,2,1,0,36.064790,-86.717250,NOLENSVILLE PKE,,,,555.00,Feet,East,FAIRLANE DR,,,,0.00,N,Not at Intersection,N,"Driveway, Alley Access, etc",None,,,         ,Jacob,Robbins,Cloudy,Angle,no,no,no,no,no,False
102814433,VANDERBILT UNIVERSITY POLICE,20200667344,Davidson,Nashville,10/23/2020 2:50:00 PM,2,0,0,36.141040,-86.803450,PIERCE AV,,,,0.00,,,,,,,0.00,,, ,Non-Junction,None,,,         ,Aileen,Fuentes,Cloudy,Front to Rear,no,no,no,yes,yes,Campus
102814436,METROPOLITAN NASHVILLE POLICE DEPT,20200667827,Davidson,Nashville,10/16/2020 12:00:00 AM,2,0,0,36.137780,-86.787790,ARGYLE AV,,,,75.00,Feet,East,12TH AVS,,,,0.00,N,Not at Intersection,N,Unknown,None,,,         ,Douglas,Sykes,Clear,Unknown,no,no,no,no,yes,False
102814439,METROPOLITAN NASHVILLE POLICE DEPT,20200667461,Davidson,Nashville,10/23/2020 4:00:00 PM,2,3,0,36.134280,-86.779400,WEDGEWOOD AV,,,,91.00,Feet,West,8TH AVS,,,,0.00,N,Not at Intersection,N,Non-Junction,None,,,         ,Rami,Rouhi,Clear,HeadOn,no,no,no,no,no,False
102814446,METROPOLITAN NASHVILLE POLICE DEPT,20200667847,Davidson,Nashville,10/23/2020 7:50:00 PM,2,0,0,36.075280,-86.634990,BELL RD,,,,56.00,Feet,North,RAMP,,,,0.00,N,Not at Intersection,N,Non-Junction,None,,,         ,Jarrett,Ipox,,Angle,no,no,no,no,yes,False
102814447,METROPOLITAN NASHVILLE POLICE DEPT,20200667790,Davidson,Nashville,10/23/2020 7:11:00 PM,1,0,0,36.156650,-86.787330,BROADWAY,,,,50.00,Feet,East,12TH AVS,,,,0.00,N,Not at Intersection,N,Unknown,Unknown,Unknown,Unknown,         ,Matthew,Mrowiec,Unknown,Unknown,no,no,no,no,no,False
102814448,METROPOLITAN NASHVILLE POLICE DEPT,20200667819,Davidson,Nashville,10/23/2020 7:37:00 PM,2,1,0,36.076590,-86.634880,DAVENPORT DR,,,,0.00,,,BELL RD,,,,0.00,Y,Four-Way,N,Intersection,None,,,         ,Steven,Powers,,Angle,no,no,no,no,no,False
102814463,METROPOLITAN NASHVILLE POLICE DEPT,20200667857,Davidson,Nashville,10/23/2020 7:46:00 PM,2,0,0,36.175620,-86.692380,BRILEY PKWYS,,,,612.00,Feet,North,BRILEY PKWYN,,,,0.00,N,Not at Intersection,N,Entrance/Exit Ramp Related,None,,,         ,Evan,Grace,,Front to Rear,no,no,no,no,yes,False
102814464,METROPOLITAN NASHVILLE POLICE DEPT,20200667779,Davidson,Goodlettsville,10/23/2020 7:05:00 PM,1,0,0,36.294490,-86.705280,ALTA LOMA RD,,,,0.00,,,GLEAVES ST,,,,0.00,Y,Four-Way,N,Intersection,None,,,         ,Christopher,Littles,,Not Collision with Motor Vehicle in Transport,no,no,no,no,no,False
102814465,METROPOLITAN NASHVILLE POLICE DEPT,20200667882,Davidson,Goodlettsville,10/23/2020 8:08:00 PM,2,0,0,36.285600,-86.705960,GALLATIN PKEN,,,,137.00,Feet,South,SHAKESPEARE AV,,,,0.00,N,Not at Intersection,N,Non-Junction,None,,,         ,Christopher,Littles,,Not Collision with Motor Vehicle in Transport,no,no,no,no,no,False
102814490,METROPOLITAN NASHVILLE POLICE DEPT,20200667807,Davidson,Antioch,10/23/2020 7:26:00 PM,2,2,0,36.058570,-86.597760,HAMILTON CHURCH RD,,,,3.00,Feet,West,HOBSON PKE,,,,0.00,N,Not at Intersection,N,Non-Junction,None,,,         ,Brandon,Simpkins,Rain,HeadOn,no,no,no,no,no,False
102814492,METROPOLITAN NASHVILLE POLICE DEPT,20200667925,Davidson,Nashville,10/23/2020 6:23:00 PM,2,0,0,36.063090,-86.916910,OLD HICKORY BLVD,,,,15.00,Feet,South,BELLEVUE RD,,,,0.00,N,Not at Intersection, ,Non-Junction,None,,,         ,Jared,Dick,Rain,Angle,no,no,no,no,no,False
102814499,METROPOLITAN NASHVILLE POLICE DEPT,20200667740,Davidson,Nashville,10/23/2020 4:30:00 PM,2,0,0,36.153700,-86.691550,BRILEY PKWYS,,,,412.00,Feet,South,BRILEY PKWY S EXT RAMP,,,,0.00,N,Not at Intersection, ,Non-Junction,None,,,         ,Michael,Fox,,"Sideswipe, Same Direction",no,no,no,no,no,False
102814515,METROPOLITAN NASHVILLE POLICE DEPT,20200667843,Davidson,Nashville,10/23/2020 7:54:00 PM,2,0,0,36.079490,-86.644600,MURFREESBORO PKE,,,,0.00,,,EDGE O LAKE DR,,,,0.00,Y,Four-Way, ,,None,,,         ,Mary,Robinson,,,no,no,no,no,no,False
102814516,METROPOLITAN NASHVILLE POLICE DEPT,20200667965,Davidson,Antioch,10/23/2020 6:15:00 PM,2,0,0,36.059400,-86.599650,HAMILTON CHURCH RD,,,,641.00,Feet,West,HOBSON PKE,,,,0.00,N,Not at Intersection,N,Non-Junction,None,,,         ,Brandon,Simpkins,,Front to Rear,no,no,no,no,no,False
102814538,METROPOLITAN NASHVILLE POLICE DEPT,20200667797,Davidson,Nashville,10/23/2020 6:20:00 PM,2,0,0,36.117920,-86.810030,GOLF CLUB LN,,,,3.00,Feet,West,HILLSBORO PKE,,,,0.00,N,Not at Intersection,N,Non-Junction,None,,,         ,Goran,Manojlovic,,Angle,no,no,no,no,no,False
102814541,METROPOLITAN NASHVILLE POLICE DEPT,20200667723,Davidson,Antioch,10/23/2020 5:55:00 PM,2,0,0,36.016750,-86.618980,FIRESTONE PKWY,,,,269.00,Feet,East,OLD HICKORY BLVD,,,,0.00,N,Not at Intersection,N,Non-Junction,None,,,         ,Nadine,Klemenz,Clear,Angle,no,no,no,no,yes,False
102814551,METROPOLITAN NASHVILLE POLICE DEPT,20200667505,Davidson,Nashville,10/23/2020 2:19:00 PM,2,0,0,36.251100,-86.718190,BRINK HAVEN AV,,,,13.00,Feet,East,GALLATIN PKES,,,,0.00,N,Not at Intersection,N,Non-Junction,None,,,         ,David,Harms,Cloudy,Angle,no,no,no,no,no,False
102814556,METROPOLITAN NASHVILLE POLICE DEPT,20200667922,Davidson,Antioch,10/23/2020 7:40:00 PM,1,0,0,36.039570,-86.610300,HOBSON PKE,,,,1362.00,Feet,North,OLD HICKORY BLVD,,,,0.00,N,Not at Intersection,N,Non-Junction,None,,,         ,Nadine,Klemenz,,Not Collision with Motor Vehicle in Transport,no,no,no,no,no,False
102814557,METROPOLITAN NASHVILLE POLICE DEPT,20200667975,Davidson,Nashville,10/23/2020 9:20:00 PM,2,1,0,36.156440,-86.781870,DEMONBREUN ST,,,,89.00,Feet,East,9TH AVS,,,,0.00,N,Not at Intersection,N,Non-Junction,None,,,         ,David,Snowden,Rain,Angle,no,no,no,no,no,False
102814562,METROPOLITAN NASHVILLE POLICE DEPT,20200668009,Davidson,Nashville,10/23/2020 9:50:00 PM,2,0,0,36.154590,-86.779190,8TH AVS,,,,18.00,Feet,South,LAFAYETTE ST,,,,0.00,N,Not at Intersection,N,Crossover-Related,None,,,         ,Roy,Sain Jr.,Rain,Angle,no,no,no,no,yes,False
102814575,METROPOLITAN NASHVILLE POLICE DEPT,20200667933,Davidson,Nashville,10/23/2020 8:27:00 PM,2,1,0,36.158890,-86.791820,I 40,,,,0.00,,,,,,,208.90,N,Not at Intersection,N,Non-Junction,None,,,         ,John,McDonnell,Cloudy,Angle,no,no,no,no,no,False
102814577,METROPOLITAN NASHVILLE POLICE DEPT,20200668014,Davidson,Not in City Limit,10/23/2020 12:00:00 AM,1,0,0,36.311900,-86.860120,WHITES CREEK PKE,,,,1466.00,Feet,East,OLD CLARKSVILLE PKE,,,,0.00,N,Not at Intersection,N,Non-Junction,None,,,         ,Anna,Clayton,,Not Collision with Motor Vehicle in Transport,no,no,no,no,no,False
102814581,METROPOLITAN NASHVILLE POLICE DEPT,20200668040,Davidson,Nashville,10/23/2020 10:13:00 PM,2,0,0,36.192310,-86.741360,DOUGLAS AV,,,,33.00,Feet,East,N 14TH ST,,,,0.00,N,Not at Intersection,N,Non-Junction,None,,,         ,Tyler,Heckaman,,Front to Rear,no,no,no,no,no,False