master_record_number,agency,agency_tracking_number,county,city,collision_date,vehicles_involved,number_injured,number_dead,latitude,longitude,roadway_name,roadway_suffix,roadway_number,roadway_local_id,distance_from_reference,miles-feet_indicator,direction_from_reference,intersection_road_name,intersection_road_name_suffix,intersection_road_number,intersection_local_id,mile_marker,intersection_indicator,intersect_type,interchange_related_indicator,relation_to_junction,work_zone_type,construction_maintenance_zone,construction_maintenance_zone_location,fatal_case_number,officer_first_name,officer_last_name,weather_condition(s),manner_of_crash,pedestrian,bicycle,scooter,parking,hitrun,mou
102814589,METROPOLITAN NASHVILLE POLICE DEPT,20200667773,Davidson,Nashville,10/23/2020 6:10:00 PM,3,1,0,36.153740,-86.818170,28TH AVN,,,,78.00,Feet,South,CHARLOTTE AV,,,,0.00,N,Not at Intersection,N,Non-Junction,None,,,         ,Jacob,Robbins,,Front to Rear,no,no,no,no,no,False
102814594,GOODLETTSVILLE POLICE DEPT,20-31346,Davidson,Goodlettsville,10/23/2020 11:05:00 PM,2,0,0,36.315110,-86.701360,I 65,,,,0.00,,,,,,,96.40,N,Not at Intersection,N,Non-Junction,None,,,         ,Thomas,Eisenbraun,Clear,Front to Rear,no,no,no,no,no,False
102814601,METROPOLITAN NASHVILLE POLICE DEPT,20200668056,Davidson,Nashville,10/23/2020 10:45:00 PM,2,0,0,36.144910,-86.872170,CHARLOTTE PKE,,,,236.00,Feet,North,AMERICAN RD,,,,0.00,N,Not at Intersection,N,Non-Junction,None,,,         ,Jared,Dick,,Angle,no,no,no,no,no,False
102814604,METROPOLITAN NASHVILLE POLICE DEPT,20200668124,Davidson,Nashville,10/23/2020 11:00:00 PM,2,0,0,36.100450,-86.711500,I 24,,,,0.00,,,,,,,54.50,N,Not at Intersection, ,Non-Junction,None,,,         ,Luke,Steigerwalt,Rain,"Sideswipe, Same Direction",no,no,no,no,no,False
102814623,METROPOLITAN NASHVILLE POLICE DEPT,20200668051,Davidson,Nashville,10/23/2020 10:56:00 PM,2,0,0,36.225800,-86.786500,BRICK CHURCH PARK DR,,,,0.00,,,ALDRICH LN,,,,0.00,Y,OTHER, ,Non-Junction,None,,,         ,Frederick,Ware,Rain,Angle,no,no,no,no,yes,False
102814634,METROPOLITAN NASHVILLE POLICE DEPT,20200668219,Davidson,Nashville,10/24/2020 12:33:00 AM,1,0,0,36.065210,-86.679750,ANTIOCH PKE,,,,167.00,Feet,South,REEVES RD,,,,0.00,N,Not at Intersection,N,Non-Junction,None,,,         ,Jose,Oliveros,,Not Collision with Motor Vehicle in Transport,no,no,no,no,no,False
102814636,METROPOLITAN NASHVILLE POLICE DEPT,20200668240,Davidson,Nashville,10/24/2020 12:50:00 AM,2,1,0,36.126650,-86.711150,US HWY 41,,,,0.00,,,THOMPSON LN,,,,0.00,Y,Four-Way,Y,Intersection,None,,,         ,Luke,Steigerwalt,Cloudy,Angle,no,no,no,no,no,False
102814638,METROPOLITAN NASHVILLE POLICE DEPT,20200668086,Davidson,Not in City Limit,10/23/2020 12:00:00 AM,1,1,0,36.256820,-86.714100,US HWY 31E,,,,257.00,Feet,North,NEELYS BEND RD,,,,0.00,N,Not at Intersection,N,Non-Junction,None,,,         ,Zachary,Lang,Clear,Not Collision with Motor Vehicle in Transport,no,no,no,no,no,False
102814641,METROPOLITAN NASHVILLE POLICE DEPT,20200668341,Davidson,Nashville,10/24/2020 1:50:00 AM,1,0,0,36.179170,-86.801550,10TH AVN,,,,0.00,,,JANE ST,,,,0.00,Y,Four-Way,N,Intersection-Related,None,,,         ,Christopher,Royer,Clear,Not Collision with Motor Vehicle in Transport,no,no,no,no,yes,False
102814642,METROPOLITAN NASHVILLE POLICE DEPT,20200666480,Davidson,Nashville,10/23/2020 12:00:00 AM,5,5,0,36.194790,-86.776160,I 65,,,,0.00,,,,,,,86.50,N,Not at Intersection,N,Entrance/Exit Ramp Related,None,,,         ,Joseph,Gawlowski,,Front to Rear,no,no,no,no,yes,False
102814643,METROPOLITAN NASHVILLE POLICE DEPT,20200668155,Davidson,Nashville,10/23/2020 10:30:00 PM,2,0,0,36.054530,-86.725330,MCMURRAY DR,,,,0.00,Feet,,AMALIE DR,,,,0.00,Y,T-Intersection,N,Intersection,None,,,         ,Ricardo,Cruz,,Angle,no,no,no,no,yes,False
102814644,METROPOLITAN NASHVILLE POLICE DEPT,20200668301,Davidson,Nashville,10/24/2020 1:07:00 AM,2,0,0,36.160490,-86.778440,5TH AVE S,,,,0.00,,,US HWY 70,,,,0.00,Y,Four-Way,N,Intersection,None,,,         ,Joseph,Hurst,Rain,Angle,no,no,no,no,yes,False
102814653,METROPOLITAN NASHVILLE POLICE DEPT,20200666461,Davidson,Nashville,10/23/2020 5:19:00 AM,2,1,0,36.206620,-86.777900,W TRINITY LN,,,,0.00,,,BRICK CHURCH PKE,,,,0.00,Y,Four-Way,N,Intersection,None,,,         ,Joshua,Asbell,,Angle,no,no,no,no,yes,False
102814656,METROPOLITAN NASHVILLE POLICE DEPT,20200668384,Davidson,Nashville,10/24/2020 2:34:00 AM,1,0,0,36.230530,-86.768530,EWING DR,,,,59.00,Feet,East,LARKSPUR DR,,,,0.00,N,Not at Intersection,N,Non-Junction,None,,,         ,Eric,Cunningham,,Not Collision with Motor Vehicle in Transport,no,no,no,no,no,False
102814672,GOODLETTSVILLE POLICE DEPT,20-31329,Davidson,Goodlettsville,10/23/2020 6:48:00 PM,2,2,0,36.304000,-86.702350,RIVERGATE PKWY,,,,0.00,,,RIVERGATE MALL PVTDR,,,,0.00,Y,OTHER,N,Intersection,None,,,         ,Wesley,Sakarapanee,,Angle,no,no,no,no,no,False
102814703,METROPOLITAN NASHVILLE POLICE DEPT,20200668658,Davidson,Nashville,10/24/2020 6:12:00 AM,2,0,0,36.111060,-86.722710,I 24,,,,0.00,,,,,,,53.60,N,Not at Intersection,N,Non-Junction,None,,,         ,Jonathan,Handley,Cloudy,Front to Rear,no,no,no,no,yes,False
102814704,METROPOLITAN NASHVILLE POLICE DEPT,20200668653,Davidson,Nashville,10/24/2020 6:03:00 AM,2,0,0,36.139340,-86.819070,ORLEANS DR,,,,9.00,Feet,East,WEST END AV,,,,0.00,N,Not at Intersection,N,Unknown,None,,,         ,Tim,Le,,Front to Rear,no,no,no,no,no,False
102814709,METROPOLITAN NASHVILLE POLICE DEPT,20200668685,Davidson,Madison,10/24/2020 7:00:00 AM,2,1,0,36.273440,-86.710040,ANDERSON LN,,,,0.00,,,GALLATIN PKEN,,,,0.00,Y,T-Intersection,N,Intersection,None,,,         ,Dillon,Hunt,,Angle,no,no,no,no,no,False
102814710,METROPOLITAN NASHVILLE POLICE DEPT,20200665453,Davidson,Nashville,10/22/2020 3:50:00 PM,2,0,0,36.144290,-86.695230,I 40,,,,0.00,,,,,,,215.00,N,Not at Intersection, ,Non-Junction,None,,,         ,Lynsie,Smith,Clear,Front to Rear,no,no,no,no,no,False
102814714,METROPOLITAN NASHVILLE POLICE DEPT,20200668681,Davidson,Nashville,10/24/2020 6:50:00 AM,2,0,0,36.045590,-86.658460,I24 W EXT RAMP,,,,0.00,,,I 24,,,,0.00,Y,Four-Way, ,Intersection,None,,,         ,Cory,Stratton,"Cloudy, Rain",Angle,no,no,no,no,no,False
102814718,METROPOLITAN NASHVILLE POLICE DEPT,20200668686,Davidson,Nashville,10/24/2020 7:00:00 AM,2,0,0,36.185000,-86.798210,ROSA L PARKS BLVD,,,,69.00,Feet,South,I65 S ENT RAMP,,,,0.00,N,Not at Intersection,N,Entrance/Exit Ramp Related,None,,,         ,Jordan,Shaffer,Cloudy,Angle,no,no,no,no,no,False
102814720,METROPOLITAN NASHVILLE POLICE DEPT,20200668711,Davidson,Madison,10/24/2020 1:25:00 AM,1,0,0,36.270650,-86.705230,ROOSEVELT AV,,,,45.00,Feet,West,CEDARCREST AV,,,,0.00,N,Not at Intersection,N,Non-Junction,None,,,         ,Dillon,Hunt,,Not Collision with Motor Vehicle in Transport,no,no,no,no,yes,False
102814721,METROPOLITAN NASHVILLE POLICE DEPT,20200664788,Davidson,Nashville,10/22/2020 8:15:00 AM,2,0,0,36.164830,-86.807890,MORENA ST,,,,235.00,Feet,East,21ST AVN,,,,0.00,N,Not at Intersection, ,Non-Junction,None,,,         ,Keith,Parlato,Clear,Angle,no,no,no,no,no,False
102814722,METROPOLITAN NASHVILLE POLICE DEPT,20200668690,Davidson,Nashville,10/24/2020 4:32:00 AM,1,0,0,36.283760,-86.805820,I 24,,,,0.00,,,,,,,39.95,N,Not at Intersection,N,Non-Junction,None,,,         ,Michael,McCord,Unknown,Not Collision with Motor Vehicle in Transport,no,no,no,no,no,False
102814742,METROPOLITAN NASHVILLE POLICE DEPT,20200668750,Davidson,Nashville,10/24/2020 6:30:00 AM,2,0,0,36.177470,-86.877440,CENTENNIAL PL,,,,927.00,Feet,South,HERMITAGE PLZ,,,,0.00,N,Not at Intersection, ,Non-Junction,None,,,         ,Gerry,Hutcheson,Cloudy,Front to Rear,no,no,no,no,yes,False
102814744,METROPOLITAN NASHVILLE POLICE DEPT,20200668740,Davidson,Nashville,10/24/2020 7:58:00 AM,2,0,0,36.181220,-86.749460,GALLATIN AV,,,,38.00,Feet,South,MANSFIELD ST,,,,0.00,N,Not at Intersection, ,Non-Junction,None,,,         ,Torrance,Bennett,Cloudy,Front to Rear,no,no,no,no,no,False
102814760,METROPOLITAN NASHVILLE POLICE DEPT,20200668729,Davidson,Nashville,10/24/2020 7:53:00 AM,3,3,0,36.064790,-86.628480,HAMILTON CHURCH RD,,,,0.00,,,MURFREESBORO PKE,,,,0.00,Y,Four-Way,N,Non-Junction,None,,,         ,Steven,Williams,Clear,"Sideswipe, Opposite Direction",no,no,no,no,no,False
102814763,METROPOLITAN NASHVILLE POLICE DEPT,20200668796,Davidson,Nashville,10/24/2020 8:56:00 AM,2,0,0,36.125930,-86.846320,HARDING PKE,,,,65.00,Feet,East,KENNER AV,,,,0.00,N,Not at Intersection, ,Non-Junction,None,,,         ,Christopher,Alceus,Rain,"Sideswipe, Same Direction",no,no,no,no,no,False
102814767,METROPOLITAN NASHVILLE POLICE DEPT,20200668861,Davidson,Not in City Limit,10/24/2020 10:00:00 AM,2,0,0,36.012710,-86.703830,NOLENSVILLE PKE,,,,139.00,Feet,North,HOLT RD,,,,0.00,N,Not at Intersection, ,Non-Junction,None,,,         ,Tony,Folad,,Front to Rear,no,no,no,no,no,False
102814774,METROPOLITAN NASHVILLE POLICE DEPT,20200665499,Davidson,Madison,10/22/2020 4:33:00 PM,2,3,0,36.278740,-86.773500,OLD HICKORY BLVD,,,,200.00,Feet,East,GRANDVILLE BLVD,,,,0.00,N,Not at Intersection,N,Non-Junction,None,,,         ,Ruben,Mariano,,Angle,no,no,no,no,no,False
102814775,METROPOLITAN NASHVILLE POLICE DEPT,20200668818,Davidson,Nashville,10/24/2020 9:30:00 AM,2,0,0,36.196090,-86.736320,CAHAL AV,,,,41.00,Feet,East,CHESTER AV,,,,0.00,N,Not at Intersection,N,Non-Junction,None,,,         ,Maria,Reynolds,Cloudy,Front to Rear,no,no,no,no,no,False
102814798,METROPOLITAN NASHVILLE POLICE DEPT,20200668943,Davidson,Nashville,10/24/2020 11:00:00 AM,2,0,0,36.054530,-86.725330,MCMURRAY DR,,,,0.00,Feet,East,AMALIE DR,,,,0.00,N,Not at Intersection, ,,None,,,         ,Gregory,Scott,,,no,no,no,no,no,False
102814805,METROPOLITAN NASHVILLE POLICE DEPT,20200668922,Davidson,Nashville,10/24/2020 10:50:00 AM,2,2,0,36.173880,-86.788700,6TH AVN,,,,0.00,,,JEFFERSON ST,,,,0.00,Y,Four-Way,Y,Non-Junction,None,,,         ,Brian,Quigley,Rain,Angle,no,no,no,no,no,False
102814815,METROPOLITAN NASHVILLE POLICE DEPT,20200668858,Davidson,Nashville,10/24/2020 10:10:00 AM,1,0,0,36.042630,-86.624910,ASHEFORD TRC,,,,40.00,Feet,West,ASHEFORD CT,,,,0.00,,Not at Intersection,N,Non-Junction,None,,,         ,Cory,Stratton,Cloudy,Not Collision with Motor Vehicle in Transport,no,no,no,no,no,False
102814818,THP District 3 - Nashville,320060647,Davidson,Nashville,10/24/2020 12:00:00 AM,1,0,0,36.033700,-86.783200,I 65,,,,0.00,,,,,,,74.20,N,Not at Intersection,N,Non-Junction,None,,,         ,Joseph,Whitmarsh,Unknown,Unknown,no,no,no,no,yes,False
102814848,METROPOLITAN NASHVILLE POLICE DEPT,20200668833,Davidson,Nashville,10/24/2020 9:47:00 AM,2,0,0,36.155390,-86.829370,I 40,,,,0.00,,,,,,,205.55,N,Not at Intersection,Y,Non-Junction,None,,,         ,Jack,Crouch,Cloudy,"Sideswipe, Same Direction",no,no,no,no,yes,False
102814878,METROPOLITAN NASHVILLE POLICE DEPT,20200668906,Davidson,Nashville,10/24/2020 10:45:00 AM,1,0,0,36.154630,-86.759340,I 40,,,,0.00,,,,,,,211.00,N,Not at Intersection,N,Non-Junction,None,,,         ,Roger,Luther,Cloudy,Not Collision with Motor Vehicle in Transport,no,no,no,no,no,False
102814888,METROPOLITAN NASHVILLE POLICE DEPT,20200668896,Davidson,Nashville,10/24/2020 10:30:00 AM,2,3,0,36.161200,-86.792680,CHARLOTTE AV,,,,0.00,Feet,,GEORGE L DAVIS BLVD,,,,0.00,Y,Four-Way,N,Intersection,None,,,         ,Cameron,Schmid,Rain,Angle,no,no,no,no,no,False
102814903,METROPOLITAN NASHVILLE POLICE DEPT,20200665542,Davidson,Nashville,10/22/2020 4:50:00 PM,2,0,0,36.214610,-86.604660,LEBANON PKE,,,,0.00,,,SHUTE LN,,,,0.00,Y,T-Intersection, ,Intersection-Related,None,,,         ,William,Mckay,,Front to Rear,no,no,no,yes,no,False
102814905,METROPOLITAN NASHVILLE POLICE DEPT,20200669076,Davidson,Not in City Limit,10/24/2020 1:35:00 PM,2,0,0,36.260200,-86.678860,BUBBLING WELL RD,,,,0.00,,,SANDHURST DR,,,,0.00,Y,OTHER,N,Non-Junction,None,,,         ,Eric,Richardson,,Front to Rear,no,no,no,no,no,False
102814909,METROPOLITAN NASHVILLE POLICE DEPT,20200668967,Davidson,Nashville,10/24/2020 11:15:00 AM,2,0,0,36.167790,-86.820750,28TH AVN,,,,0.00,,,JEFFERSON ST,,,,0.00,Y,Four-Way, ,Intersection,None,,,         ,Keith,Parlato,Rain,"Sideswipe, Same Direction",no,no,no,no,yes,False
102814915,METROPOLITAN NASHVILLE POLICE DEPT,20200669016,Davidson,Nashville,10/24/2020 12:32:00 PM,2,1,0,36.152680,-86.690230,ELM HILL PKE WB EXT RAMP,,,,0.00,,,ELM HILL PKE,,,,0.00,Y,OTHER,N,Entrance/Exit Ramp Related,None,,,         ,Roger,Luther,,Front to Rear,no,no,no,no,no,False
102814917,METROPOLITAN NASHVILLE POLICE DEPT,20200669067,Davidson,Nashville,10/24/2020 1:15:00 PM,2,0,0,36.122090,-86.743520,ORIEL AV,,,,207.00,Feet,West,FOSTER AV,,,,0.00,N,Not at Intersection,N,Non-Junction,None,,,         ,James,Thomas,Cloudy,Angle,no,no,no,no,no,False
102814927,METROPOLITAN NASHVILLE POLICE DEPT,20200669105,Davidson,Nashville,10/24/2020 2:03:00 PM,1,1,0,36.161540,-86.775970,3RD AVS,,,,0.00,,,BROADWAY,,,,0.00,Y,Four-Way,N,Intersection,None,,,         ,Miles,Posey,Rain,Not Collision with Motor Vehicle in Transport,yes,no,no,no,no,False
102814928,METROPOLITAN NASHVILLE POLICE DEPT,20200669034,Davidson,Nashville,10/24/2020 12:18:00 PM,2,0,0,36.135230,-86.858310,WHITE BRIDGE PKE,,,,0.00,,,VINE RIDGE DR,,,,0.00,Y,T-Intersection,N,Intersection-Related,None,,,         ,Jack,Crouch,Cloudy,Front to Rear,no,no,no,no,yes,False
102814960,METROPOLITAN NASHVILLE POLICE DEPT,20200669017,Davidson,Nashville,10/24/2020 12:26:00 PM,2,0,0,36.132680,-86.887050,W HILLWOOD DR,,,,40.00,Feet,South,FLEETWOOD DR,,,,0.00,N,Not at Intersection,N,Non-Junction,None,,,         ,Christopher,Alceus,Rain,Front to Rear,no,no,no,no,yes,False
102814980,METROPOLITAN NASHVILLE POLICE DEPT,20200669193,Davidson,Nashville,10/24/2020 2:47:00 PM,2,0,0,36.050400,-86.667970,I 24,,,,0.00,,,,,,,58.80,N,Not at Intersection, ,Non-Junction,None,,,         ,Garrett,Latham,,"Sideswipe, Same Direction",no,no,no,no,no,False
102814987,METROPOLITAN NASHVILLE POLICE DEPT,20200669167,Davidson,Nashville,10/24/2020 12:00:00 AM,2,0,0,36.111590,-86.923390,I40 W ENT RAMP,,,,0.00,Feet,East,I 40,,,,0.00,N,Not at Intersection,N,Non-Junction,None,,,         ,Billy,Price,Clear,Angle,no,no,no,yes,yes,False
102814996,METROPOLITAN NASHVILLE POLICE DEPT,20200669222,Davidson,Nashville,10/24/2020 3:29:00 PM,2,0,0,36.231830,-86.695730,PENNINGTON BEND RD,,,,0.00,,,LONGFELLOW DR,,,,0.00,Y,T-Intersection, ,,None,,,         ,Douglas,Mann,,,no,no,no,no,no,False
102815002,METROPOLITAN NASHVILLE POLICE DEPT,20200669226,Davidson,Nashville,10/24/2020 1:00:00 PM,2,0,0,36.207940,-86.611430,LEBANON PKE,,,,65.00,Feet,North,HIGHLAND VIEW DR,,,,0.00,N,Not at Intersection, ,,None,,,         ,Terence,Mitchell,,,no,no,no,no,no,False
102815004,METROPOLITAN NASHVILLE POLICE DEPT,20200669229,Davidson,Nashville,10/24/2020 3:46:00 PM,2,0,0,36.151120,-86.811680,CENTENNIAL PARK PVTDR,,,,143.00,Feet,West,25TH AVN,,,,0.00,N,Not at Intersection, ,,None,,,         ,Jacob,Robbins,,,no,no,no,no,no,False
102815049,METROPOLITAN NASHVILLE POLICE DEPT,20200669124,Davidson,Nashville,10/24/2020 2:25:00 PM,2,0,0,36.198390,-86.776380,I 65,,,,0.00,,,,,,,86.75,N,Not at Intersection, ,Non-Junction,None,,,         ,Alec,Pellissier,,"Sideswipe, Same Direction",no,no,no,no,no,False
102815070,METROPOLITAN NASHVILLE POLICE DEPT,20200669268,Davidson,Nashville,10/24/2020 3:30:00 PM,4,0,0,36.086130,-86.691220,ANTIOCH PKE,,,,261.00,Feet,North,PERIMETER HILL DR,,,,0.00,N,Not at Intersection,N,Non-Junction,None,,,         ,John,Jones,Clear,Front to Rear,no,no,no,no,yes,False
102815114,METROPOLITAN NASHVILLE POLICE DEPT,20200669524,Davidson,Nashville,10/24/2020 7:24:00 PM,2,0,0,36.188200,-86.771960,JOSEPH AV,,,,323.00,Feet,North,CLEVELAND ST,,,,0.00,N,Not at Intersection, ,Non-Junction,None,,,         ,Sarah,Cartwright,,Front to Rear,no,no,no,no,no,False
102815115,METROPOLITAN NASHVILLE POLICE DEPT,20200669481,Davidson,Not in City Limit,10/24/2020 12:00:00 AM,2,1,0,36.264070,-86.690290,STATE RT 45,,,,0.00,Feet,,MYATT DR,,,,0.00,Y,Four-Way,Y,Intersection-Related,None,,,         ,McKenzie,Harper,,Front to Rear,no,no,no,no,no,False
102815116,METROPOLITAN NASHVILLE POLICE DEPT,2020-0669523,Davidson,Nashville,10/24/2020 7:30:00 PM,2,1,0,36.174840,-86.760160,MAIN ST,,,,255.00,Feet,East,N 7TH ST,,,,0.00,N,Not at Intersection,N,Non-Junction,None,,,         ,Wayne,Helm,,Angle,no,no,no,no,no,False
102815129,METROPOLITAN NASHVILLE POLICE DEPT,20200669480,Davidson,Nashville,10/24/2020 6:55:00 PM,2,3,0,36.104190,-86.808660,LONE OAK RD,,,,64.00,Feet,South,RICHARD JONES RD,,,,0.00,N,Not at Intersection,Y,Non-Junction,None,,,         ,Savannah,Starbuck,,Front to Rear,no,no,no,no,no,False
102815130,METROPOLITAN NASHVILLE POLICE DEPT,20200669546,Davidson,Nashville,10/24/2020 7:50:00 PM,1,0,0,36.195100,-86.687610,BRILEY PKWYS,,,,42.00,Feet,South,BRILEY PKWY S ENT RAMP,,,,0.00,N,Not at Intersection, ,,None,,,         ,Douglas,Mann,,,no,no,no,no,no,False
102815137,METROPOLITAN NASHVILLE POLICE DEPT,20200669536,Davidson,Nashville,10/24/2020 7:40:00 PM,1,0,0,36.133200,-86.818890,I 440,,,,0.00,,,,,,,1.75,N,Not at Intersection,N,Non-Junction,None,,,         ,John,McDonnell,Rain,Not Collision with Motor Vehicle in Transport,no,no,no,no,no,False
102815138,METROPOLITAN NASHVILLE POLICE DEPT,20200669484,Davidson,Nashville,10/24/2020 7:00:00 PM,2,0,0,36.047080,-86.662280,I 24,,,,0.00,,,,,,,59.20,N,Not at Intersection, ,Non-Junction,None,,,         ,Garrett,Latham,,"Sideswipe, Same Direction",no,no,no,no,no,False
102815159,METROPOLITAN NASHVILLE POLICE DEPT,20200669145,Davidson,Nashville,10/24/2020 1:30:00 PM,2,0,0,36.165750,-86.805130,DR D B TODD JR BLVD,,,,0.00,,,JACKSON ST,,,,0.00,Y,Four-Way, ,,None,,,         ,Anna,Clayton,,,no,no,no,no,no,False
102815178,METROPOLITAN NASHVILLE POLICE DEPT,20200669589,Davidson,Nashville,10/24/2020 8:11:00 PM,2,0,0,36.180720,-86.760090,MARINA ST,,,,0.00,,,NEILL AVE,,,,0.00,Y,T-Intersection, ,Intersection,None,,,         ,Michael,Griggs,Rain,"Sideswipe, Opposite Direction",no,no,no,no,no,False
102815196,METROPOLITAN NASHVILLE POLICE DEPT,20200669594,Davidson,Nashville,10/24/2020 12:00:00 AM,3,0,0,36.082610,-86.727250,NOLENSVILLE PKE,,,,0.00,,,WELSHWOOD DR,,,,0.00,Y,T-Intersection,N,Intersection-Related,None,,,         ,Darci,Stechman,,Front to Rear,no,no,no,no,yes,False
102815209,METROPOLITAN NASHVILLE POLICE DEPT,20200669656,Davidson,Nashville,10/24/2020 9:16:00 PM,1,0,0,36.169000,-86.787300,HARRISON ST,,,,65.00,Feet,South,US HWY 41 ALT,,,,0.00,N,Not at Intersection,N,Non-Junction,None,,,         ,Brent,Morris,Rain,Not Collision with Motor Vehicle in Transport,no,no,no,no,no,False
102815210,METROPOLITAN NASHVILLE POLICE DEPT,20200669569,Davidson,Nashville,10/24/2020 8:04:00 PM,2,1,0,36.045270,-86.714270,OLD HICKORY BLVD,,,,199.00,Feet,East,BRENTWOOD EAST DR,,,,0.00,N,Not at Intersection,N,Non-Junction,None,,,         ,Brady,Reynolds,,Front to Rear,no,no,no,yes,no,False
102815211,METROPOLITAN NASHVILLE POLICE DEPT,20200669613,Davidson,Nashville,10/24/2020 8:40:00 PM,1,0,0,36.189830,-86.775400,I 24,,,,0.00,,,,,,,46.90,N,Not at Intersection,N,Non-Junction,None,,,         ,Ty,Cummings,,Not Collision with Motor Vehicle in Transport,no,no,no,no,yes,False
102815213,METROPOLITAN NASHVILLE POLICE DEPT,20200669587,Davidson,Not in City Limit,10/24/2020 8:24:00 PM,3,0,0,36.263090,-86.712170,OLD HICKORY BLVDW,,,,72.00,Feet,West,STATE RT 45,,,,0.00,N,Not at Intersection, ,Non-Junction,None,,,         ,Lucas,Thomas,,Front to Rear,no,no,no,no,no,False
102815214,METROPOLITAN NASHVILLE POLICE DEPT,20200669530,Davidson,Nashville,10/24/2020 7:36:00 PM,3,3,0,36.063320,-86.637390,BELL CREST DR,,,,0.00,,,BELL RD,,,,0.00,Y,Four-Way,Y,Intersection-Related,None,,,         ,Garrett,Latham,,Angle,no,no,no,no,no,False
102815215,METROPOLITAN NASHVILLE POLICE DEPT,20200669672,Davidson,Nashville,10/24/2020 12:00:00 AM,1,0,0,36.173420,-86.807900,UNDERWOOD ST,,,,104.00,Feet,East,DR D B TODD JR BLVD,,,,0.00,N,Not at Intersection, ,Non-Junction,None,,,         ,Anna,Clayton,Rain,Not Collision with Motor Vehicle in Transport,no,no,no,no,no,False
102815219,METROPOLITAN NASHVILLE POLICE DEPT,20200669216,Davidson,Nashville,10/24/2020 3:35:00 PM,2,1,0,36.168730,-86.784710,JAMES ROBERTSON PKWY,,,,163.00,Feet,East,6TH AVN,,,,0.00,N,Not at Intersection,N,Non-Junction,None,,,         ,James,Hill,,Front to Rear,no,no,no,no,no,False
102815220,METROPOLITAN NASHVILLE POLICE DEPT,20200669677,Davidson,Nashville,10/24/2020 9:45:00 PM,2,1,0,36.206250,-86.773540,W TRINITY LN,,,,0.00,,,I65 N ENT RAMP,,,,0.00,Y,T-Intersection,Y,Intersection-Related,None,,,         ,Jeremy,Smith,,Angle,no,no,no,no,no,False
102815221,METROPOLITAN NASHVILLE POLICE DEPT,20200669674,Davidson,Nashville,10/24/2020 9:43:00 PM,1,0,0,36.125510,-86.813740,I 440,,,,0.00,,,,,,,2.35,N,Not at Intersection,N,Non-Junction,None,,,         ,Emmanuel,Berger,,Not Collision with Motor Vehicle in Transport,no,no,no,no,no,False
102815242,METROPOLITAN NASHVILLE POLICE DEPT,20200669510,Davidson,Nashville,10/24/2020 6:48:00 PM,1,0,0,36.151970,-86.680000,ELM HILL PIKE,,,,264.00,Feet,East,AIRWAYS CIR,,,,0.00,N,Not at Intersection, ,Non-Junction,None,,,         ,Melina,Tamborella,Rain,Not Collision with Motor Vehicle in Transport,yes,no,no,no,no,False
102815243,METROPOLITAN NASHVILLE POLICE DEPT,20200669734,Davidson,Nashville,10/24/2020 8:00:00 PM,2,0,0,36.064760,-86.628450,HAMILTON CHURCH RD,,,,0.00,,,US HWY 41,,,,0.00,Y,Four-Way, ,Intersection,None,,,         ,Luke,Steigerwalt,Rain,Front to Rear,no,no,no,no,no,False
102815256,METROPOLITAN NASHVILLE POLICE DEPT,20200669408,Davidson,Antioch,10/24/2020 2:57:00 PM,2,0,0,36.056640,-86.598540,HOBSON PKE,,,,342.00,Feet,South,HAMILTON CIR,,,,0.00,N,Not at Intersection,N,Non-Junction,None,,,         ,Douglas,Meringer,,HeadOn,no,no,no,no,yes,False
102815281,METROPOLITAN NASHVILLE POLICE DEPT,20200669825,Davidson,Nashville,10/24/2020 11:46:00 PM,2,1,0,36.173270,-86.791400,ROSA L PARKS BLVD,,,,0.00,,,JEFFERSON ST,,,,0.00,Y,Four-Way,N,Intersection,None,,,         ,Dakota,Vermillion,Rain,Angle,no,no,no,no,yes,False
102815285,METROPOLITAN NASHVILLE POLICE DEPT,20200669838,Davidson,Nashville,10/24/2020 11:54:00 PM,2,0,0,36.079520,-86.644600,US HWY 41,,,,0.00,,,EDGE O LAKE DR,,,,0.00,Y,Four-Way, ,Intersection,None,,,         ,Jacob,Ross,Clear,Angle,no,no,no,no,no,False
102815293,METROPOLITAN NASHVILLE POLICE DEPT,20200669728,Davidson,Not in City Limit,10/24/2020 10:15:00 PM,2,0,0,36.258430,-86.713540,MADISON ST,,,,0.00,,,GALLATIN PKES,,,,0.00,Y,Four-Way,Y,Intersection,None,,,         ,Reuben,Hewit,,Front to Rear,no,no,no,no,yes,False
102815295,METROPOLITAN NASHVILLE POLICE DEPT,20200669892,Davidson,Not in City Limit,10/25/2020 12:16:00 AM,2,0,0,36.324180,-86.864390,I24 W EXT RAMP,,,,0.00,,,I 24,,,,0.00,Y,OTHER,N,Entrance/Exit Ramp Related,None,,,         ,Cameron,VanLierop,Clear,Front to Rear,no,no,no,no,no,False
102815301,METROPOLITAN NASHVILLE POLICE DEPT,20200669725,Davidson,Nashville,10/24/2020 8:51:00 PM,2,0,0,36.137810,-86.726760,I 24,,,,0.00,,,,,,,52.35,N,Not at Intersection, ,Non-Junction,None,,,         ,Jacob,Ross,Fog,Angle,no,no,no,no,yes,False
102815302,METROPOLITAN NASHVILLE POLICE DEPT,20200669976,Davidson,Nashville,10/25/2020 1:15:00 AM,2,0,0,36.232850,-86.768840,I 65,,,,0.00,,,,,,,89.20,N,Not at Intersection,N,Non-Junction,None,,,         ,Joshua,Asbell,,"Sideswipe, Same Direction",no,no,no,no,no,False