master_record_number,agency,agency_tracking_number,county,city,collision_date,vehicles_involved,number_injured,number_dead,latitude,longitude,roadway_name,roadway_suffix,roadway_number,roadway_local_id,distance_from_reference,miles-feet_indicator,direction_from_reference,intersection_road_name,intersection_road_name_suffix,intersection_road_number,intersection_local_id,mile_marker,intersection_indicator,intersect_type,interchange_related_indicator,relation_to_junction,work_zone_type,construction_maintenance_zone,construction_maintenance_zone_location,fatal_case_number,officer_first_name,officer_last_name,weather_condition(s),manner_of_crash,pedestrian,bicycle,scooter,parking,hitrun,mou
102817914,METROPOLITAN NASHVILLE POLICE DEPT,20200677154,Davidson,Nashville,10/28/2020 5:00:00 PM,2,0,0,36.161570,-86.849070,51ST AVN,,,,160.00,Feet,South,LOUISIANA AV,,,,0.00,N,Not at Intersection, ,Non-Junction,None,,,         ,Hillary,Sherman,,Angle,no,no,no,no,no,False
102817917,METROPOLITAN NASHVILLE POLICE DEPT,20200677009,Davidson,Nashville,10/28/2020 3:40:00 PM,2,0,0,36.044830,-86.668370,ARBOR COMMON,,,,5.00,Feet,South,BEECHWOOD TER,,,,0.00,N,Not at Intersection,N,Non-Junction,None,,,         ,Luis,Pena,Rain,"Sideswipe, Opposite Direction",no,no,no,no,yes,False
102817925,METROPOLITAN NASHVILLE POLICE DEPT,20200677170,Davidson,Nashville,10/28/2020 5:12:00 PM,1,1,0,36.115980,-86.797440,I 440,,,,0.00,,,,,,,3.40,N,Not at Intersection,N,Non-Junction,None,,,         ,Emmanuel,Berger,,Not Collision with Motor Vehicle in Transport,no,no,no,no,no,False
102817931,METROPOLITAN NASHVILLE POLICE DEPT,20200677126,Davidson,Nashville,10/28/2020 12:00:00 AM,2,0,0,36.086580,-86.771970,FRANKLIN PKE,,,,0.00,,,HARDING PL,,,,0.00,Y,Four-Way,N,Intersection,None,,,         ,Sekou,Samassi,,Angle,no,no,no,no,no,False
102817933,METROPOLITAN NASHVILLE POLICE DEPT,20200677143,Davidson,Goodlettsville,10/28/2020 5:09:00 PM,2,0,0,36.300520,-86.695310,GALLATIN PKEN,,,,172.00,Feet,West,SHEPHERD HILLS DR,,,,0.00,N,Not at Intersection, ,,None,,,         ,Christopher,Littles,,,no,no,no,no,no,False
102817934,METROPOLITAN NASHVILLE POLICE DEPT,20200677205,Davidson,Not in City Limit,10/28/2020 5:38:00 PM,2,0,0,36.278830,-86.801430,I 24,,,,0.00,,,,,,,40.40,N,Not at Intersection, ,Entrance/Exit Ramp Related,None,,,         ,Christopher,Littles,,"Sideswipe, Same Direction",no,no,no,no,no,False
102817939,METROPOLITAN NASHVILLE POLICE DEPT,20200677112,Davidson,Nashville,10/28/2020 12:00:00 AM,3,2,0,36.064810,-86.622100,HAMILTON CHURCH RD,,,,2.00,Feet,East,OWENDALE DR,,,,0.00,N,Not at Intersection,N,Non-Junction,None,,,         ,Maccio,Hightower,Rain,Other,no,no,no,no,no,False
102817942,GOODLETTSVILLE POLICE DEPT,20-31751,Davidson,Goodlettsville,10/28/2020 5:54:00 PM,1,0,0,36.313970,-86.698950,CONFERENCE DR,,,,240.00,Feet,South,WINDSOR GREEN BLVD,,,,0.00,N,Not at Intersection,N,Non-Junction,None,,,         ,Thomas,Eisenbraun,Rain,Not Collision with Motor Vehicle in Transport,no,no,no,no,no,False
102817944,METROPOLITAN NASHVILLE POLICE DEPT,20200677128,Davidson,Nashville,10/28/2020 4:59:00 PM,1,1,0,36.234340,-86.801500,STATE HWY 155,,,,940.00,Feet,West,CREEKBEND DR,,,,0.00,N,Not at Intersection,N,Non-Junction,None,,,         ,Wesley,Carver,,Not Collision with Motor Vehicle in Transport,no,no,no,no,no,False
102817945,METROPOLITAN NASHVILLE POLICE DEPT,20200677219,Davidson,Nashville,10/28/2020 5:42:00 PM,2,1,0,36.068160,-86.693650,APACHE TRL,,,,12.00,Feet,South,CUMBERLAND LANES PVTDR,,,,0.00,N,Not at Intersection,N,Non-Junction,None,,,         ,Megan,Arnett,Rain,HeadOn,no,no,no,no,no,False
102817946,METROPOLITAN NASHVILLE POLICE DEPT,20200677297,Davidson,Nashville,10/28/2020 6:15:00 PM,2,0,0,36.134570,-86.819650,I440 W EXT RAMP,,,,0.00,Feet,East,I 440,,,,0.00,N,Not at Intersection, ,Entrance/Exit Ramp Related,None,,,         ,Goran,Manojlovic,,Front to Rear,no,no,no,no,no,False
102817947,METROPOLITAN NASHVILLE POLICE DEPT,20200677131,Davidson,Nashville,10/28/2020 4:50:00 PM,2,0,0,36.132440,-86.893980,CHARLOTTE PKE,,,,363.00,Feet,East,I40 E ENT RAMP,,,,0.00,N,Not at Intersection,N,Non-Junction,None,,,         ,Jeremy,Huffine,,Front to Rear,no,no,no,no,no,False
102817949,METROPOLITAN NASHVILLE POLICE DEPT,20200677270,Davidson,Nashville,10/28/2020 5:20:00 PM,2,0,0,36.154880,-86.813820,CHARLOTTE AV,,,,0.00,,,,,,,0.00,,, ,Intersection,None,,,         ,Flynn,Ireland,,Front to Rear,no,no,no,no,no,False
102817951,GOODLETTSVILLE POLICE DEPT,20-31747,Davidson,Goodlettsville,10/28/2020 5:26:00 PM,2,0,0,36.294360,-86.729450,DICKERSON PKES,,,,937.00,Feet,North,THE RETREAT AT DRY CREEK FARMS,,,,0.00,N,Not at Intersection, ,Non-Junction,None,,,         ,Marcus,Zugelder,Rain,"Sideswipe, Same Direction",no,no,no,no,no,False
102817953,METROPOLITAN NASHVILLE POLICE DEPT,20200677188,Davidson,Nashville,10/28/2020 5:30:00 PM,4,0,0,36.238610,-86.755080,I 65,,,,0.00,,,,,,,90.10,N,Not at Intersection,N,Non-Junction,None,,,         ,Anna,Clayton,Rain,Front to Rear,no,no,no,no,no,False
102817955,METROPOLITAN NASHVILLE POLICE DEPT,20200677320,Davidson,Not in City Limit,10/28/2020 6:34:00 PM,2,0,0,36.261590,-86.712410,GALLATIN PKES,,,,131.00,Feet,North,MAPLE ST,,,,0.00,N,Not at Intersection, ,Non-Junction,None,,,         ,Joshua,Belk,,"Sideswipe, Same Direction",no,no,no,no,no,False
102817959,METROPOLITAN NASHVILLE POLICE DEPT,20200677274,Davidson,Nashville,10/28/2020 6:15:00 PM,2,0,0,36.157660,-86.801080,CHARLOTTE AV,,,,0.00,,,,,,,0.00,,, ,,None,,,         ,Flynn,Ireland,,,no,no,no,no,no,False
102817961,METROPOLITAN NASHVILLE POLICE DEPT,20200677299,Davidson,Nashville,10/28/2020 5:20:00 PM,2,0,0,36.091270,-86.651300,MURFREESBORO PKE,,,,11.00,Feet,North,BRITISH WOODS DR,,,,0.00,N,Not at Intersection, ,Non-Junction,None,,,         ,Andrew,Brazee,Rain,Front to Rear,no,no,no,no,no,False
102817962,METROPOLITAN NASHVILLE POLICE DEPT,20200677255,Davidson,Nashville,10/28/2020 4:39:00 PM,2,0,0,36.088320,-86.791000,LEALAND LN,,,,0.00,,,BATTERY LN,,,,0.00,Y,Four-Way, ,Intersection-Related,None,,,         ,Sekou,Samassi,,Front to Rear,no,no,no,no,no,False
102817964,METROPOLITAN NASHVILLE POLICE DEPT,20200677266,Davidson,Nashville,10/28/2020 12:00:00 AM,3,0,0,36.099220,-86.710750,I 24,,,,0.00,,,,,,,54.60,N,Not at Intersection,N,Non-Junction,None,,,         ,John,Braun,,Front to Rear,no,no,no,no,no,False
102817966,METROPOLITAN NASHVILLE POLICE DEPT,20200677407,Davidson,Not in City Limit,10/28/2020 8:02:00 PM,1,0,0,36.267190,-86.703530,CUMBERLAND AV,,,,0.00,,,DELAWARE AV,,,,0.00,Y,Four-Way,N,Intersection,None,,,         ,Christopher,Littles,,Not Collision with Motor Vehicle in Transport,no,no,no,no,yes,False
102817967,METROPOLITAN NASHVILLE POLICE DEPT,20200677317,Davidson,Nashville,10/28/2020 6:35:00 PM,2,0,0,36.136170,-86.789290,WEDGEWOOD AV,,,,183.00,Feet,West,12TH AVS,,,,0.00,N,Not at Intersection, ,Non-Junction,None,,,         ,Emmanuel,Berger,,"Sideswipe, Same Direction",no,no,no,no,no,False
102817974,METROPOLITAN NASHVILLE POLICE DEPT,20200677234,Davidson,Not in City Limit,10/28/2020 5:55:00 PM,2,0,0,36.269260,-86.755740,OLD HICKORY BLVDW,,,,0.00,Feet,West,DICKERSON PKE,,,,0.00,N,Not at Intersection,Y,Non-Junction,None,,,         ,Matthew,Herod,,Angle,no,no,no,no,no,False
102817978,GOODLETTSVILLE POLICE DEPT,20-31754,Davidson,Goodlettsville,10/28/2020 6:10:00 PM,2,0,0,36.313660,-86.698910,CONFERENCE DR,,,,354.00,Feet,South,WINDSOR GREEN BLVD,,,,0.00,N,Not at Intersection, ,,None,,,         ,Wesley,Sakarapanee,,,no,no,no,no,no,False
102817979,METROPOLITAN NASHVILLE POLICE DEPT,20200677350,Davidson,Nashville,10/28/2020 6:57:00 PM,2,0,0,36.084630,-86.704390,HARDING PL,,,,302.00,Feet,West,LARGO DR,,,,0.00,N,Not at Intersection, ,Non-Junction,None,,,         ,Garrett,Latham,,Front to Rear,no,no,no,no,no,False
102817980,METROPOLITAN NASHVILLE POLICE DEPT,20200677390,Davidson,Nashville,10/28/2020 5:30:00 PM,2,0,0,36.082110,-86.761700,SIDCO DR,,,,2.00,Feet,North,HARDING PL,,,,0.00,N,Not at Intersection,N,Non-Junction,None,,,         ,Edin,Plancic,,Front to Rear,no,no,no,no,no,False
102817985,METROPOLITAN NASHVILLE POLICE DEPT,20200677452,Davidson,Nashville,10/28/2020 8:18:00 PM,2,0,0,36.045300,-86.713970,OLD HICKORY BLVD,,,,213.00,Feet,West,NOLENSVILLE PKE,,,,0.00,N,Not at Intersection, ,Non-Junction,None,,,         ,Brady,Reynolds,,"Sideswipe, Same Direction",no,no,no,no,no,False
102817990,METROPOLITAN NASHVILLE POLICE DEPT,20200677313,Davidson,Nashville,10/28/2020 5:41:00 PM,2,0,0,36.056070,-86.675820,I 24,,,,0.00,,,,,,,58.20,N,Not at Intersection, ,Non-Junction,None,,,         ,John,Jones,,Front to Rear,no,no,no,no,no,False
102817993,METROPOLITAN NASHVILLE POLICE DEPT,20200677467,Davidson,Nashville,10/28/2020 8:42:00 PM,1,0,0,36.170290,-86.765540,S 4TH ST,,,,0.00,,,RUSSELL ST,,,,0.00,Y,OTHER,N,Intersection-Related,None,,,         ,Richard,Conger,Rain,Not Collision with Motor Vehicle in Transport,no,no,no,no,no,False
102818004,METROPOLITAN NASHVILLE POLICE DEPT,20200677262,Davidson,Nashville,10/28/2020 6:25:00 PM,2,2,0,36.125900,-86.904520,I 40,,,,0.00,,,,,,,200.60,N,Not at Intersection,N,Non-Junction,None,,,         ,Alquavious,McDaniel,Rain,Not Collision with Motor Vehicle in Transport,no,no,no,no,no,False
102818008,METROPOLITAN NASHVILLE POLICE DEPT,20200677469,Davidson,Nashville,10/28/2020 8:30:00 PM,2,0,0,36.171310,-86.655520,GUILL CT,,,,440.00,Feet,West,RIVERSTONE BLVD,,,,0.00,N,Not at Intersection,N,Non-Junction,None,,,         ,Joseph,Simon,,"Sideswipe, Opposite Direction",no,no,no,no,no,False
102818022,METROPOLITAN NASHVILLE POLICE DEPT,20200677519,Davidson,Nashville,10/28/2020 7:35:00 PM,2,0,0,36.126210,-86.845900,HARDING PKE,,,,160.00,Feet,West,RIDGEFIELD WAY,,,,0.00,N,Not at Intersection, ,Non-Junction,None,,,         ,Jared,Dick,,Angle,no,no,no,no,yes,False
102818026,METROPOLITAN NASHVILLE POLICE DEPT,20200677413,Davidson,Not in City Limit,10/28/2020 7:15:00 PM,1,0,0,36.137910,-86.949890,RIVER ROAD PKE,,,,1747.00,Feet,East,INDIAN CREEK RD,,,,0.00,N,Not at Intersection,N,Non-Junction,None,,,         ,Jeremy,Huffine,,Not Collision with Motor Vehicle in Transport,no,no,no,no,no,False
102818028,METROPOLITAN NASHVILLE POLICE DEPT,20200677259,Davidson,Nashville,10/28/2020 5:55:00 PM,3,0,0,36.154020,-86.757500,I 40,,,,0.00,,,,,,,211.10,N,Not at Intersection, ,,None,,,         ,Peter,Kinsey,,,no,no,no,no,no,False
102818029,METROPOLITAN NASHVILLE POLICE DEPT,20200677292,Davidson,Nashville,10/28/2020 6:52:00 PM,3,1,0,36.140780,-86.732390,I 40,,,,0.00,,,,,,,213.00,N,Not at Intersection,N,Non-Junction,None,,,         ,Peter,Kinsey,Rain,"Sideswipe, Same Direction",no,no,no,no,yes,False
102818033,METROPOLITAN NASHVILLE POLICE DEPT,20200677463,Davidson,Nashville,10/28/2020 5:17:00 PM,2,1,0,36.121820,-86.704830,MURFREESBORO PKE,,,,0.00,,,KERMIT DR,,,,0.00,Y,T-Intersection,N,Intersection,None,,,         ,Joshua,Zambrano-Vera,,Angle,no,no,no,no,yes,False
102818042,METROPOLITAN NASHVILLE POLICE DEPT,20200677397,Davidson,Nashville,10/28/2020 6:16:00 PM,2,0,0,36.066900,-86.774220,FRANKLIN PKE,,,,220.00,Feet,North,HOGAN RD,,,,0.00,N,Not at Intersection, ,,None,,,         ,Nicholas,Carroll,,,no,no,no,no,no,False
102818043,METROPOLITAN NASHVILLE POLICE DEPT,20200677509,Davidson,Antioch,10/28/2020 8:40:00 PM,2,1,0,36.042850,-86.606550,MURFREESBORO PKE,,,,0.00,,,HOBSON PKE,,,,0.00,Y,Four-Way,N,Intersection,None,,,         ,Cooper,HIll,Rain,Other,no,no,no,no,yes,False
102818047,GOODLETTSVILLE POLICE DEPT,20-31755,Davidson,Goodlettsville,10/28/2020 6:36:00 PM,2,0,0,36.327480,-86.699500,LONG HOLLOW PKE,,,,148.00,Feet,South,LONG HOLLOW PIKE,,,,0.00,N,Not at Intersection,N,Non-Junction,None,,,         ,Wesley,Sakarapanee,Rain,Angle,no,no,no,no,no,False
102818049,METROPOLITAN NASHVILLE POLICE DEPT,20200677532,Davidson,Nashville,10/28/2020 12:00:00 AM,2,0,0,36.176770,-86.772700,I 24,,,,0.00,,,,,,,47.90,N,Not at Intersection, ,Non-Junction,None,,,         ,Sekou,Samassi,,"Sideswipe, Same Direction",no,no,no,no,no,False
102818050,METROPOLITAN NASHVILLE POLICE DEPT,20200677453,Davidson,Nashville,10/28/2020 7:58:00 PM,2,0,0,36.104020,-86.815390,HILLSBORO PKE,,,,319.00,Feet,North,WARFIELD DR,,,,0.00,N,Not at Intersection,N,Non-Junction,None,,,         ,Emmanuel,Berger,,HeadOn,no,no,no,no,no,False
102818051,METROPOLITAN NASHVILLE POLICE DEPT,20200677439,Davidson,Nashville,10/28/2020 7:20:00 PM,2,0,0,36.136410,-86.820270,I440 W EXT RAMP,,,,0.00,,,I 440,,,,0.00,,Not at Intersection, ,Entrance/Exit Ramp Related,None,,,         ,Flynn,Ireland,,Front to Rear,no,no,no,no,no,False
102818053,METROPOLITAN NASHVILLE POLICE DEPT,20200677168,Davidson,Nashville,10/28/2020 5:17:00 PM,2,0,0,36.126530,-86.710880,MURFREESBORO PKE,,,,90.00,Feet,South,THOMPSON PL,,,,0.00,N,Not at Intersection,N,Non-Junction,None,,,         ,Joshua,Zambrano-Vera,,Front to Rear,no,no,no,no,no,False
102818075,METROPOLITAN NASHVILLE POLICE DEPT,20200677538,Davidson,Nashville,10/28/2020 9:35:00 PM,3,0,0,36.192200,-86.777290,I 65,,,,0.00,,,,,,,86.50,N,Not at Intersection,N,Non-Junction,None,,,         ,Brian,Warstadt,,Not Collision with Motor Vehicle in Transport,no,no,no,no,no,False
102818076,METROPOLITAN NASHVILLE POLICE DEPT,20200677514,Davidson,Nashville,10/28/2020 9:15:00 PM,2,0,0,36.243750,-86.747760,I 65,,,,0.00,,,,,,,90.65,N,Not at Intersection, ,Non-Junction,None,,,         ,Matthew,Hogan,,"Sideswipe, Same Direction",no,no,no,no,no,False
102818083,METROPOLITAN NASHVILLE POLICE DEPT,20200677660,Davidson,Nashville,10/28/2020 9:48:00 PM,1,0,0,36.061800,-86.625190,MURFREESBORO PKE,,,,1424.00,Feet,South,HAMILTON CHURCH RD,,,,0.00,N,Not at Intersection, ,Non-Junction,None,,,         ,Bryce,Hatten,,Not Collision with Motor Vehicle in Transport,no,no,no,no,no,False
102818084,METROPOLITAN NASHVILLE POLICE DEPT,20200677623,Davidson,Antioch,10/28/2020 11:14:00 PM,1,0,0,36.012510,-86.618230,I 24,,,,0.00,,,,,,,62.70,N,Not at Intersection,N,Non-Junction,None,,,         ,Austin,Bowles,,Not Collision with Motor Vehicle in Transport,no,no,no,no,no,False
102818092,METROPOLITAN NASHVILLE POLICE DEPT,20200677601,Davidson,Nashville,10/28/2020 7:37:00 PM,2,0,0,36.030760,-86.747210,CLOVERLAND DR,,,,0.00,,,STERLING OAKS PVTDR,,,,0.00,Y,Four-Way, ,Non-Junction,None,,,         ,John,Frazier,,Other,no,no,no,no,no,False
102818100,METROPOLITAN NASHVILLE POLICE DEPT,20200677624,Davidson,Nashville,10/28/2020 11:14:00 PM,1,0,0,36.193700,-86.776600,I 65,,,,0.00,,,,,,,86.55,N,Not at Intersection,N,Non-Junction,None,,,         ,Joshua,Asbell,Rain,Not Collision with Motor Vehicle in Transport,no,no,no,no,no,False
102818101,METROPOLITAN NASHVILLE POLICE DEPT,20200677631,Davidson,Nashville,10/28/2020 11:17:00 PM,1,0,0,36.193680,-86.776610,I 65,,,,0.00,,,,,,,86.55,N,Not at Intersection,N,Non-Junction,None,,,         ,Joshua,Asbell,Rain,Not Collision with Motor Vehicle in Transport,no,no,no,no,no,False
102818102,METROPOLITAN NASHVILLE POLICE DEPT,20200677632,Davidson,Nashville,10/28/2020 10:56:00 PM,1,0,0,36.150730,-86.625310,BELL RD,,,,550.00,Feet,South,BLACKWOOD DR,,,,0.00,N,Not at Intersection,N,OtherLocation,None,,,         ,Bridget,Griepentrog,,Not Collision with Motor Vehicle in Transport,no,no,no,no,yes,False
102818103,METROPOLITAN NASHVILLE POLICE DEPT,20200677699,Davidson,Nashville,10/28/2020 5:00:00 PM,1,0,0,36.059990,-86.874100,CHICKERING RD,,,,0.67,Miles,North,OLD HICKORY BLVD,,,,0.00,N,Not at Intersection,N,Non-Junction,None,,,         ,Kelsey,Hicks,Rain,Not Collision with Motor Vehicle in Transport,no,no,no,no,no,False
102818160,THP District 3 - Nashville,320061501,Davidson,Nashville,10/28/2020 9:43:00 AM,3,0,0,36.034740,-86.783320,I 65,,,,0.00,,,,,,,74.30,N,Not at Intersection,N,Entrance/Exit Ramp Related,None,,,         ,Christopher,Vance,Rain,Angle,no,no,no,no,no,False
102818210,METROPOLITAN NASHVILLE POLICE DEPT,20200676756,Davidson,Nashville,10/28/2020 1:24:00 PM,3,0,0,36.236440,-86.726500,BRILEY PKWY W ENT RAMP,,,,0.00,Feet,East,BRILEY PKWY W EXT RAMP,,,,0.00,N,Not at Intersection, ,Entrance/Exit Ramp Related,None,,,         ,Sierra,Walker,Rain,Angle,no,no,no,no,no,False
102818323,THP District 3 - Nashville,320060273,Davidson,Nashville,10/22/2020 2:00:00 PM,3,1,0,36.114460,-86.692780,MURFREESBORO PKE,,,,1260.00,Feet,West,MCGAVOCK PKE,,,,0.00,N,Not at Intersection,N,"Driveway, Alley Access, etc",None,,,         ,Sarah,Lund,,Angle,no,no,no,no,no,False
102818487,METROPOLITAN NASHVILLE POLICE DEPT,20200678797,Davidson,Nashville,10/28/2020 5:30:00 PM,1,0,0,36.201620,-86.689110,BRILEY PKWYS,,,,850.00,Feet,North,BRILEY PKWYN,,,,0.00,N,Not at Intersection, ,Non-Junction,None,,,         ,Russell,Freeman,Rain,Not Collision with Motor Vehicle in Transport,no,no,no,no,no,False
102818614,THP District 3 - Nashville,320061596,Davidson,Nashville,10/28/2020 9:20:00 PM,1,0,0,36.029620,-86.783710,I 65,,,,0.00,,,,,,,73.90,N,Not at Intersection,N,Non-Junction,None,,,         ,Bryan,Hawkins,Clear,Not Collision with Motor Vehicle in Transport,no,no,no,no,no,False
102818721,METROPOLITAN NASHVILLE POLICE DEPT,20200678803,Davidson,Nashville,10/24/2020 12:00:00 AM,2,0,0,36.172180,-86.748900,BOSCOBEL ST,,,,435.00,Feet,North,S 11TH ST,,,,0.00,N,Not at Intersection,N,Non-Junction,None,,,         ,Donovan,Coble,,Angle,no,no,no,no,yes,False
102819210,METROPOLITAN NASHVILLE POLICE DEPT,2020-0676418,Davidson,Nashville,10/28/2020 9:51:00 AM,2,1,0,36.037400,-86.786570,FRANKLIN PKE,,,,0.00,Feet,East,OLD HICKORY BLVD,,,,0.00,N,Not at Intersection,N,Non-Junction,None,,,         ,Sean,Williams,,Front to Rear,no,no,no,no,no,False
102819211,METROPOLITAN NASHVILLE POLICE DEPT,2020-0676582,Davidson,Nashville,10/28/2020 11:34:00 AM,2,0,0,36.045460,-86.723120,OLD HICKORY BLVD,,,,569.00,Feet,East,ENCLAVE CIR,,,,0.00,N,Not at Intersection, ,Non-Junction,None,,,         ,Sean,Williams,,"Sideswipe, Same Direction",no,no,no,no,no,False
102819936,Nashville Airport Police,2020-02815,Davidson,Nashville,10/16/2020 10:50:00 PM,2,0,0,36.130350,-86.667530,TERMINAL DR,,,,773.00,Feet,West,AIRPORT SERVICE RD,,,,0.00,N,Not at Intersection, ,Non-Junction,None,,,         ,Jamory,Stills,Clear,"Sideswipe, Same Direction",no,no,no,yes,no,False
102824962,METROPOLITAN NASHVILLE POLICE DEPT,20200694251,Davidson,Nashville,10/25/2020 12:00:00 PM,2,0,0,36.040510,-86.770320,STATE HWY 254,,,,221.00,Feet,East,VALLEY VIEW RD,,,,0.00,N,Not at Intersection,N,Non-Junction,None,,,         ,Sara,Lober,,Other,no,no,no,yes,yes,False
102827842,GOODLETTSVILLE POLICE DEPT,20-31643,Davidson,Goodlettsville,10/27/2020 6:03:00 PM,2,1,0,36.322250,-86.713290,US HWY 31W,,,,0.00,,,STATE HWY 174,,,,0.00,Y,Four-Way,Y,Intersection-Related,None,,,         ,Shane,Farrell,Cloudy,Front to Rear,no,no,no,no,no,False
102818110,METROPOLITAN NASHVILLE POLICE DEPT,20200677739,Davidson,Nashville,10/29/2020 12:28:00 AM,1,0,0,36.222370,-86.774580,I 65,,,,0.00,,,,,,,88.45,N,Not at Intersection,N,Non-Junction,None,,,         ,Joshua,Asbell,Rain,Not Collision with Motor Vehicle in Transport,no,no,no,no,no,False
102818116,METROPOLITAN NASHVILLE POLICE DEPT,20200677779,Davidson,Nashville,10/29/2020 12:47:00 AM,1,0,0,36.126849,-86.711246,EAST THOMPSON,LN,,,0.00,,,MURFREESBORO,PIKE,,,0.00,Y,Four-Way,N,Intersection-Related,None,,,         ,Corey,Ethridge,,Not Collision with Motor Vehicle in Transport,no,no,no,no,no,False
102818143,METROPOLITAN NASHVILLE POLICE DEPT,20200677802,Davidson,Not in City Limit,10/29/2020 12:50:00 AM,1,1,0,36.139280,-86.942460,RIVER ROAD PKE,,,,1569.00,Feet,West,OLD RIVER RD,,,,0.00,N,Not at Intersection,N,Non-Junction,None,,,         ,Craig,Paschetti,Fog,Not Collision with Motor Vehicle in Transport,no,no,no,no,no,False
102818144,METROPOLITAN NASHVILLE POLICE DEPT,20200677914,Davidson,Nashville,10/29/2020 2:37:00 AM,2,0,0,36.120720,-86.727810,DODGE DR,,,,297.00,Feet,South,I440 W ENT RAMP,,,,0.00,N,Not at Intersection,N,Non-Junction,None,,,         ,Autumn,Manning,,HeadOn,no,no,no,no,yes,False
102818145,METROPOLITAN NASHVILLE POLICE DEPT,20200677998,Davidson,Nashville,10/29/2020 3:30:00 AM,1,0,0,36.183620,-86.773820,DICKERSON PKE,,,,160.00,Feet,North,GRACE ST,,,,0.00,N,Not at Intersection,N,Non-Junction,None,,,         ,Edward,Holden,,Not Collision with Motor Vehicle in Transport,no,no,no,yes,yes,False
102818173,METROPOLITAN NASHVILLE POLICE DEPT,20200678140,Davidson,Nashville,10/29/2020 5:49:00 AM,2,0,0,36.089090,-86.702280,I 24,,,,0.00,,,,,,,55.45,N,Not at Intersection, ,Non-Junction,None,,,         ,Taylor,Blackwelder,,"Sideswipe, Same Direction",no,no,no,no,no,False
102818184,METROPOLITAN NASHVILLE POLICE DEPT,20200678128,Davidson,Nashville,10/29/2020 12:00:00 AM,2,1,0,36.173590,-86.602150,CENTRAL PKE,,,,0.00,,,OLD HICKORY BLVD,,,,0.00,Y,Four-Way,Y,Intersection-Related,None,,,         ,Graham,Binkley,,HeadOn,no,no,no,no,no,False
102818191,METROPOLITAN NASHVILLE POLICE DEPT,20200678091,Davidson,Nashville,10/29/2020 5:21:00 AM,1,1,0,36.166070,-86.612360,I 40,,,,0.00,,,,,,,220.20,N,Not at Intersection,N,Non-Junction,None,,,         ,Jeremy,Arnold,,Not Collision with Motor Vehicle in Transport,no,no,no,no,no,False
102818218,METROPOLITAN NASHVILLE POLICE DEPT,20200678199,Davidson,Nashville,10/29/2020 6:33:00 AM,2,0,0,36.160490,-86.794240,CHARLOTTE AV,,,,255.00,Feet,West,14TH AVN,,,,0.00,N,Not at Intersection, ,Non-Junction,None,,,         ,Earl,Davis,,"Sideswipe, Same Direction",no,no,no,no,no,False
102818239,METROPOLITAN NASHVILLE POLICE DEPT,20200678202,Davidson,Nashville,10/29/2020 7:00:00 AM,2,0,0,36.207860,-86.776310,I 65,,,,0.00,,,,,,,87.40,N,Not at Intersection, ,,None,,,         ,James,Wray,,,no,no,no,no,no,False
102818256,METROPOLITAN NASHVILLE POLICE DEPT,20200678373,Davidson,Nashville,10/29/2020 8:00:00 AM,2,0,0,36.220130,-86.774830,I 65,,,,0.00,,,,,,,88.30,N,Not at Intersection, ,Non-Junction,None,,,         ,Curtis,Rich,"Cloudy, Rain",Angle,no,no,no,no,yes,False
102818273,METROPOLITAN NASHVILLE POLICE DEPT,20200678266,Davidson,Nashville,10/29/2020 7:48:00 AM,2,0,0,36.229710,-86.732500,BROADMOOR DR,,,,0.00,,,SAUNDERS AV,,,,0.00,Y,Four-Way, ,Intersection,None,,,         ,Russell,Freeman,,Angle,no,no,no,no,no,False
102818280,METROPOLITAN NASHVILLE POLICE DEPT,20200678325,Davidson,Antioch,10/29/2020 8:00:00 AM,2,0,0,36.016850,-86.619880,FIRESTONE PKWY,,,,0.00,,,OLD HICKORY BLVD,,,,0.00,Y,Four-Way, ,,None,,,         ,Dillon,Gann,,,no,no,no,no,no,False
102818296,METROPOLITAN NASHVILLE POLICE DEPT,20200678384,Davidson,Nashville,10/29/2020 9:01:00 AM,1,0,0,36.128410,-86.900670,I 40,,,,0.00,,,,,,,200.90,N,Not at Intersection,N,Non-Junction,None,,,         ,Phillip,Murphy,Rain,Not Collision with Motor Vehicle in Transport,no,no,no,no,no,False
102818312,METROPOLITAN NASHVILLE POLICE DEPT,20200678453,Davidson,Nashville,10/29/2020 9:29:00 AM,2,1,0,36.083650,-86.647220,MURFREESBORO PKE,,,,0.00,,,BROOKSBORO PL,,,,0.00,Y,Four-Way,N,Intersection,None,,,         ,Michael,Dance,Clear,Angle,no,no,no,no,no,False
102818328,METROPOLITAN NASHVILLE POLICE DEPT,20200678483,Davidson,Nashville,10/29/2020 9:45:00 AM,2,0,0,36.038840,-86.648240,I 24,,,,0.00,,,,,,,60.15,N,Not at Intersection, ,,None,,,         ,Trevor,Duquette,,,no,no,no,no,no,False
102818335,METROPOLITAN NASHVILLE POLICE DEPT,20200678552,Davidson,Nashville,10/29/2020 10:28:00 AM,2,0,0,36.142800,-86.649150,ELM HILL PKE,,,,261.00,Feet,East,NEILWORTH LN,,,,0.00,N,Not at Intersection,N,Non-Junction,None,,,         ,Michael,Dance,Clear,Angle,no,no,no,no,no,False