master_record_number,agency,agency_tracking_number,county,city,collision_date,vehicles_involved,number_injured,number_dead,latitude,longitude,roadway_name,roadway_suffix,roadway_number,roadway_local_id,distance_from_reference,miles-feet_indicator,direction_from_reference,intersection_road_name,intersection_road_name_suffix,intersection_road_number,intersection_local_id,mile_marker,intersection_indicator,intersect_type,interchange_related_indicator,relation_to_junction,work_zone_type,construction_maintenance_zone,construction_maintenance_zone_location,fatal_case_number,officer_first_name,officer_last_name,weather_condition(s),manner_of_crash,pedestrian,bicycle,scooter,parking,hitrun,mou
102819770,METROPOLITAN NASHVILLE POLICE DEPT,20200681780,Davidson,Antioch,10/30/2020 11:18:00 PM,1,0,0,36.095740,-86.555690,HOBSON PKE,,,,266.00,Feet,South,WALKER RD,,,,0.00,N,Not at Intersection, ,Non-Junction,None,,,         ,Bryce,Hatten,Clear,Not Collision with Motor Vehicle in Transport,no,no,no,no,no,False
102819771,METROPOLITAN NASHVILLE POLICE DEPT,20200681705,Davidson,Nashville,10/30/2020 10:33:00 PM,1,1,0,36.073760,-86.661710,PEBBLE CREEK DR,,,,9.00,Feet,East,CYPRESS LEAF CT,,,,0.00,N,Not at Intersection,N,Non-Junction,None,,,         ,Garrett,Reingardt,Clear,Not Collision with Motor Vehicle in Transport,yes,no,no,no,yes,False
102819830,METROPOLITAN NASHVILLE POLICE DEPT,20200681817,Davidson,Nashville,10/30/2020 10:49:00 PM,2,0,0,36.111830,-86.700870,MCGAVOCK PKE,,,,61.00,Feet,North,SCHOOL LN,,,,0.00,N,Not at Intersection,N,Non-Junction,None,,,         ,Robert,Leverick,Clear,"Sideswipe, Same Direction",no,no,no,no,yes,False
102819838,METROPOLITAN NASHVILLE POLICE DEPT,20200681796,Davidson,Nashville,10/30/2020 11:48:00 PM,2,0,0,36.161540,-86.775970,3RD AVS,,,,0.00,Feet,East,BROADWAY,,,,0.00,N,Not at Intersection,N,Non-Junction,None,,,         ,Josh,Lauton,Cloudy,"Sideswipe, Same Direction",no,no,no,no,yes,False
102819844,METROPOLITAN NASHVILLE POLICE DEPT,20200681707,Davidson,Nashville,10/30/2020 10:44:00 PM,3,3,0,36.046400,-86.657440,BELL RD,,,,200.00,Feet,East,COLLINS PARK DR,,,,0.00,N,Not at Intersection,N,Non-Junction,None,,,         ,William,Williams,Clear,Front to Rear,no,no,no,no,no,False
102819884,METROPOLITAN NASHVILLE POLICE DEPT,20200681924,Davidson,Not in City Limit,10/31/2020 12:10:00 AM,1,0,0,36.103180,-86.551560,STATE HWY 171,,,,0.00,,,BAKERS GROVE LN,,,,0.00,Y,T-Intersection, ,Intersection,None,,,         ,Luke,Steigerwalt,Clear,Not Collision with Motor Vehicle in Transport,no,no,no,no,no,False
102819896,METROPOLITAN NASHVILLE POLICE DEPT,20200681928,Davidson,Nashville,10/30/2020 9:00:00 PM,2,0,0,36.135580,-86.757220,HERRON DR,,,,879.00,Feet,West,INTERSTATE BLVDS,,,,0.00,N,Not at Intersection,N,OtherLocation,None,,,         ,Garrett,Reingardt,Clear,"Sideswipe, Same Direction",no,no,no,yes,yes,False
102819899,METROPOLITAN NASHVILLE POLICE DEPT,20200681991,Davidson,Nashville,10/31/2020 2:08:00 AM,2,0,0,36.047550,-86.655930,BELL RD,,,,0.00,Feet,East,HICKORY HOLLOW PKWY,,,,0.00,N,Not at Intersection,Y,Non-Junction,None,,,         ,Alex,DiBernardo,Clear,Front to Rear,no,no,no,no,no,False
102819901,METROPOLITAN NASHVILLE POLICE DEPT,20200681972,Davidson,Nashville,10/31/2020 2:03:00 AM,2,1,0,36.044860,-86.660110,BELL RD,,,,109.00,Feet,East,I24 E ENT RAMP,,,,0.00,N,Not at Intersection,N,Non-Junction,None,,,         ,Jose,Oliveros,Clear,Front to Rear,no,no,no,no,yes,False
102819911,METROPOLITAN NASHVILLE POLICE DEPT,20200681941,Davidson,Nashville,10/31/2020 1:30:00 AM,1,0,0,36.125570,-86.731850,-- UNKNOWN RAMP/ROAD --,,,,0.00,Feet,East,I 440,,,,0.00,N,Not at Intersection,N,Non-Junction,None,,,         ,Holly,Davis,Clear,Not Collision with Motor Vehicle in Transport,no,no,no,no,no,False
102819920,METROPOLITAN NASHVILLE POLICE DEPT,20200681978,Davidson,Nashville,10/31/2020 2:05:00 AM,1,1,0,36.251060,-86.715580,E WEBSTER ST,,,,41.00,Feet,West,LIBERTY CIR,,,,0.00,N,Not at Intersection,N,Non-Junction,None,,,         ,Reuben,Hewit,Clear,Not Collision with Motor Vehicle in Transport,no,no,no,no,no,False
102819929,METROPOLITAN NASHVILLE POLICE DEPT,20200682038,Davidson,Nashville,10/31/2020 3:00:00 AM,2,3,0,36.090960,-86.651100,MURFREESBORO PKE,,,,0.00,Feet,,BOROWOOD DR,,,,0.00,Y,T-Intersection,N,Intersection-Related,None,,,         ,Jacob,Ross,Clear,Angle,no,no,no,no,no,False
102819957,METROPOLITAN NASHVILLE POLICE DEPT,20200682091,Davidson,Nashville,10/31/2020 4:17:00 AM,2,0,0,36.188220,-86.629320,LEBANON PKE,,,,0.00,Feet,,HICKORY HILL LN,,,,0.00,Y,T-Intersection,N,Intersection-Related,None,,,         ,Bridget,Griepentrog,,HeadOn,no,no,no,no,no,False
102819971,BERRY HILL POLICE DEPT,20-4007,Davidson,Berry Hill,10/30/2020 12:56:00 PM,2,0,0,36.121370,-86.775450,FRANKLIN PKE,,,,0.00,,,KIRKWOOD AV,,,,0.00,Y,OTHER, ,,None,,,         ,Larry,Carter,,,no,no,no,yes,no,False
102819984,METROPOLITAN NASHVILLE POLICE DEPT,20200682155,Davidson,Nashville,10/31/2020 5:47:00 AM,1,0,0,36.152940,-86.787250,I40 W EXT RAMP,,,,0.00,,,I 40,,,,0.00,Y,OTHER,Y,Entrance/Exit Ramp Related,None,,,         ,Amanda,Topping,,Not Collision with Motor Vehicle in Transport,no,no,no,no,no,False
102820000,METROPOLITAN NASHVILLE POLICE DEPT,20200682198,Davidson,Nashville,10/31/2020 7:10:00 AM,2,1,0,36.148400,-86.780530,I 40,,,,0.00,,,,,,,209.80,N,Not at Intersection,Y,Entrance/Exit Ramp Related,Construction Zone,,,         ,Cynthia,Quirouette,,Front to Rear,no,no,no,no,no,False
102820035,METROPOLITAN NASHVILLE POLICE DEPT,20200682190,Davidson,Nashville,10/31/2020 4:40:00 AM,2,0,0,36.096780,-86.656610,US HWY 41,,,,1305.00,Feet,West,FRANKLIN LIMESTONE RD,,,,0.00,N,Not at Intersection, ,Non-Junction,None,,,         ,Jason,Hees,Clear,Front to Rear,no,no,no,no,yes,False
102820055,METROPOLITAN NASHVILLE POLICE DEPT,20200682277,Davidson,Nashville,10/30/2020 12:00:00 AM,1,0,0,36.179290,-86.815710,24TH AVN,,,,0.00,,,SANTI AV,,,,0.00,Y,T-Intersection, ,Non-Junction,None,,,         ,Gretta,Ireland,Clear,Unknown,no,no,no,no,no,False
102820059,METROPOLITAN NASHVILLE POLICE DEPT,20200682225,Davidson,Nashville,10/31/2020 7:00:00 AM,1,0,0,36.229840,-86.755350,BROADMOOR DR,,,,283.00,Feet,East,HILLSIDE RD,,,,0.00,N,Not at Intersection,N,Non-Junction,None,,,         ,Maria,Reynolds,,Not Collision with Motor Vehicle in Transport,no,no,no,no,no,False
102820061,METROPOLITAN NASHVILLE POLICE DEPT,20200682306,Davidson,Nashville,10/31/2020 9:00:00 AM,2,0,0,36.055030,-86.641480,HICKORY CLUB DR,,,,0.00,,,ZELIDA AV,,,,0.00,Y,Y-Intersection, ,,None,,,         ,Dillon,Gann,,,no,no,no,no,no,False
102820062,METROPOLITAN NASHVILLE POLICE DEPT,20200682337,Davidson,Nashville,10/31/2020 9:19:00 AM,2,0,0,36.077150,-86.734090,HARDING PL,,,,1.00,Feet,West,OVERCREST DR,,,,0.00,N,Not at Intersection, ,,None,,,         ,Cynthia,Quirouette,,,no,no,no,no,no,False
102820065,METROPOLITAN NASHVILLE POLICE DEPT,20200682329,Davidson,Nashville,10/31/2020 9:00:00 AM,2,0,0,36.154580,-86.665330,DONELSON PKE,,,,139.00,Feet,South,LAKELAND DR,,,,0.00,N,Not at Intersection, ,,None,,,         ,Mark,Sydenstricker,,,no,no,no,no,no,False
102820077,METROPOLITAN NASHVILLE POLICE DEPT,20200682259,Davidson,Nashville,10/30/2020 12:55:00 PM,3,0,0,36.104390,-86.808920,RICHARD JONES RD,,,,0.00,,,HILLMONT DR,,,,0.00,Y,OTHER,N,Non-Junction,None,,,         ,Charles,Embry,Unknown,Other,no,no,no,yes,yes,False
102820089,METROPOLITAN NASHVILLE POLICE DEPT,20200682321,Davidson,Nashville,10/31/2020 8:45:00 AM,2,1,0,36.067980,-86.682820,ANTIOCH PKE,,,,513.00,Feet,South,RICHARDS RD,,,,0.00,N,Not at Intersection,N,Non-Junction,None,,,         ,Gerald,Gomes,Clear,Angle,no,no,no,no,no,False
102820090,METROPOLITAN NASHVILLE POLICE DEPT,20200682299,Davidson,Nashville,10/31/2020 8:00:00 AM,1,0,0,36.045580,-86.711080,OLD HICKORY BLVD,,,,649.00,Feet,East,NOLENSVILLE PKE,,,,0.00,N,Not at Intersection, ,Non-Junction,None,,,         ,Lee,Davis,Clear,Not Collision with Motor Vehicle in Transport,no,no,no,no,no,False
102820113,METROPOLITAN NASHVILLE POLICE DEPT,20200682301,Davidson,Nashville,10/30/2020 12:40:00 PM,2,0,0,36.219620,-86.727430,ARDEE AV,,,,0.00,,,GALLATIN PKE,,,,0.00,Y,Four-Way, ,Non-Junction,None,,,         ,Michael,Agee,Unknown,Front to Rear,no,no,no,no,yes,False
102820117,METROPOLITAN NASHVILLE POLICE DEPT,20200682416,Davidson,Nashville,10/31/2020 10:05:00 AM,2,0,0,36.190890,-86.615190,OLD LEBANON DIRT RD,,,,0.00,,,OLD HICKORY BLVD,,,,0.00,Y,Four-Way, ,,None,,,         ,William,Mckay,,,no,no,no,yes,no,False
102820124,METROPOLITAN NASHVILLE POLICE DEPT,20200682351,Davidson,Nashville,10/31/2020 9:35:00 AM,2,0,0,36.230970,-86.611100,SHUTE LN,,,,0.00,,,WILLOW BOUGH LN,,,,0.00,Y,T-Intersection,N,Intersection-Related,None,,,         ,Ian,Hammond,,"Sideswipe, Opposite Direction",no,no,no,no,no,False
102820125,METROPOLITAN NASHVILLE POLICE DEPT,20200682437,Davidson,Nashville,10/31/2020 10:38:00 AM,1,0,0,36.078640,-86.908000,HIGHWAY 70S,,,,298.00,Feet,East,ERIN LN,,,,0.00,N,Not at Intersection, ,Non-Junction,None,,,         ,Christopher,Alceus,Clear,Not Collision with Motor Vehicle in Transport,no,no,no,no,no,False
102820148,METROPOLITAN NASHVILLE POLICE DEPT,20200682533,Davidson,Nashville,10/31/2020 11:30:00 AM,2,0,0,36.037610,-86.785120,OLD HICKORY BLVD,,,,0.00,Feet,East,I65 S ENT RAMP,,,,0.00,N,Not at Intersection,N,Non-Junction,None,,,         ,Gregory,Scott,,Front to Rear,no,no,no,no,yes,False
102820149,METROPOLITAN NASHVILLE POLICE DEPT,20200682476,Davidson,Nashville,10/31/2020 11:15:00 AM,2,0,0,36.179590,-86.644120,LEBANON PKE,,,,139.00,Feet,South,DANYACREST DR,,,,0.00,N,Not at Intersection,N,Non-Junction,None,,,         ,Lynsie,Smith,,Front to Rear,no,no,no,no,no,False
102820155,METROPOLITAN NASHVILLE POLICE DEPT,20200682515,Davidson,Nashville,10/31/2020 11:40:00 AM,2,1,0,36.168380,-86.688300,LEBANON PKE,,,,99.00,Feet,West,BRILEY PKWYN,,,,0.00,N,Not at Intersection,N,Non-Junction,None,,,         ,Mark,Sydenstricker,,Front to Rear,no,no,no,no,no,False
102820180,METROPOLITAN NASHVILLE POLICE DEPT,20200682561,Davidson,Nashville,10/31/2020 12:25:00 PM,2,0,0,36.134740,-86.784080,WEDGEWOOD AV,,,,0.00,,,HILLSIDE AV,,,,0.00,Y,OTHER, ,Non-Junction,None,,,         ,Charles,Embry,Clear,Front to Rear,no,no,no,no,no,False
102820181,METROPOLITAN NASHVILLE POLICE DEPT,20200682481,Davidson,Nashville,10/31/2020 11:11:00 AM,3,0,0,36.080750,-86.696650,I 24,,,,0.00,,,,,,,56.15,N,Not at Intersection, ,Non-Junction,None,,,         ,Robert,Higgins,Clear,Front to Rear,no,no,no,no,no,False
102820183,METROPOLITAN NASHVILLE POLICE DEPT,20200682555,Davidson,Madison,10/31/2020 12:03:00 PM,2,0,0,36.264090,-86.724260,STATE HWY 45,,,,0.00,Feet,,HERITAGE DR,,,,0.00,Y,T-Intersection, ,Intersection-Related,None,,,         ,Michael,McCord,Clear,Front to Rear,no,no,no,no,no,False
102820184,METROPOLITAN NASHVILLE POLICE DEPT,20200682520,Davidson,Nashville,10/31/2020 11:40:00 AM,4,1,0,36.115830,-86.783430,I 440,,,,0.00,,,,,,,4.35,N,Not at Intersection,N,Non-Junction,None,,,         ,Jackson,Smythe,Clear,Front to Rear,no,no,no,no,no,False
102820222,METROPOLITAN NASHVILLE POLICE DEPT,20200682403,Davidson,Nashville,10/31/2020 12:00:00 AM,2,0,0,36.104630,-86.742000,NOLENSVILLE PKE,,,,202.00,Feet,North,MCIVER ST,,,,0.00,N,Not at Intersection,N,OtherLocation,None,,,         ,Cynthia,Quirouette,,Not Collision with Motor Vehicle in Transport,no,no,no,yes,yes,False
102820223,METROPOLITAN NASHVILLE POLICE DEPT,20200682591,Davidson,Nashville,10/31/2020 1:00:00 PM,2,0,0,36.082500,-86.763490,I65 N ENT RAMP,,,,0.00,Feet,East,I 65,,,,0.00,N,Not at Intersection,N,Entrance/Exit Ramp Related,None,,,         ,Cynthia,Quirouette,,Front to Rear,no,no,no,no,no,False
102820236,METROPOLITAN NASHVILLE POLICE DEPT,20200682576,Davidson,Nashville,10/31/2020 12:41:00 PM,2,0,0,36.215390,-86.588560,LEBANON PKE,,,,14.00,Feet,West,BIG HORN DR,,,,0.00,N,Not at Intersection, ,Non-Junction,None,,,         ,Rex,Engelbert,Clear,Angle,no,no,no,no,no,False
102820241,METROPOLITAN NASHVILLE POLICE DEPT,20200682553,Davidson,Nashville,10/31/2020 12:26:00 PM,2,1,0,36.137790,-86.726760,I 24,,,,0.00,,,,,,,52.35,N,Not at Intersection,N,Non-Junction,None,,,         ,MIchael,Mihajlov,Clear,Front to Rear,no,no,no,no,no,False
102820242,METROPOLITAN NASHVILLE POLICE DEPT,20200682565,Davidson,Nashville,10/31/2020 12:39:00 PM,2,0,0,36.130250,-86.900080,CHARLOTTE PKE,,,,44.00,Feet,West,I40 W EXT RAMP,,,,0.00,N,Not at Intersection, ,Non-Junction,None,,,         ,Christopher,Alceus,,Front to Rear,no,no,no,no,no,False
102820247,METROPOLITAN NASHVILLE POLICE DEPT,20200682584,Davidson,Not in City Limit,10/31/2020 12:46:00 PM,2,0,0,36.280330,-86.874870,CLARKSVILLE PKE,,,,528.00,Feet,West,OLD HICKORY BLVD,,,,0.00,N,Not at Intersection, ,Non-Junction,None,,,         ,Jordan,Shaffer,Clear,"Sideswipe, Opposite Direction",no,no,no,no,no,False
102820296,METROPOLITAN NASHVILLE POLICE DEPT,20200682641,Davidson,Nashville,10/31/2020 1:37:00 PM,2,1,0,36.168310,-86.781960,US HWY 31,,,,0.00,,,GAY ST,,,,0.00,Y,Four-Way,N,Non-Junction,None,,,         ,Miles,Posey,Clear,Angle,no,no,no,no,no,False
102820311,METROPOLITAN NASHVILLE POLICE DEPT,20200682656,Davidson,Nashville,10/31/2020 1:30:00 PM,2,1,0,36.146650,-86.809020,WEST END AV,,,,226.00,Feet,West,25TH AVS,,,,0.00,N,Not at Intersection,N,"Driveway, Alley Access, etc",None,,,         ,John,Roberson,,Angle,no,no,no,no,no,Campus
102820329,THP District 3 - Nashville,320061988,Davidson,Nashville,10/30/2020 4:32:00 PM,2,0,0,36.033990,-86.783170,I 65,,,,0.00,,,,,,,74.20,N,Not at Intersection, ,Non-Junction,None,,,         ,Bryan,Hawkins,Clear,"Sideswipe, Same Direction",no,no,no,no,no,False
102820335,METROPOLITAN NASHVILLE POLICE DEPT,20200682695,Davidson,Nashville,10/31/2020 2:17:00 PM,1,0,0,36.190340,-86.790140,I 65,,,,0.00,,,,,,,85.75,N,Not at Intersection,N,Non-Junction,None,,,         ,Roy,Sain Jr.,Clear,Not Collision with Motor Vehicle in Transport,no,no,no,no,no,False
102820340,METROPOLITAN NASHVILLE POLICE DEPT,20200682783,Davidson,Nashville,10/31/2020 3:30:00 PM,2,0,0,36.175860,-86.772080,I 24,,,,0.00,,,,,,,48.00,N,Not at Intersection, ,Non-Junction,None,,,         ,Gabriel,Vasquez,Clear,Front to Rear,no,no,no,no,no,False
102820349,METROPOLITAN NASHVILLE POLICE DEPT,20200681656,Davidson,Nashville,10/30/2020 8:30:00 PM,2,0,0,36.193900,-86.831600,CLARKSVILLE PKE,,,,143.00,Feet,West,S HAMILTON RD,,,,0.00,N,Not at Intersection,N,Non-Junction,None,,,         ,Alec,Pellissier,,Angle,no,no,no,no,no,False
102820350,METROPOLITAN NASHVILLE POLICE DEPT,20200682729,Davidson,Nashville,10/31/2020 2:10:00 PM,2,0,0,36.100340,-86.871110,PAGE RD,,,,0.00,,,HARDING PKE,,,,0.00,Y,Four-Way,N,Intersection,None,,,         ,William,Vanbergen,,Front to Rear,no,no,no,no,yes,False
102820351,METROPOLITAN NASHVILLE POLICE DEPT,20200682775,Davidson,Nashville,10/31/2020 2:30:00 PM,2,0,0,36.200370,-86.618560,US HWY 70,,,,0.00,Feet,,HERMITAGE RD,,,,0.00,Y,Four-Way,N,Intersection-Related,None,,,         ,Jarrett,Ipox,Clear,HeadOn,no,no,no,no,no,False
102820400,METROPOLITAN NASHVILLE POLICE DEPT,20200682803,Davidson,Nashville,10/31/2020 3:15:00 PM,2,0,0,36.172070,-86.767360,JAMES ROBERTSON PKWY,,,,72.00,Feet,West,JAMES ROBERTSON PKWY ENT RAMP,,,,0.00,N,Not at Intersection, ,Non-Junction,None,,,         ,Philip,Claibourne,Clear,Front to Rear,no,no,no,no,no,False
102820402,METROPOLITAN NASHVILLE POLICE DEPT,20200682700,Davidson,Nashville,10/31/2020 2:30:00 PM,2,1,0,36.194160,-86.775630,I 65,,,,0.00,,,,,,,86.45,N,Not at Intersection,N,Non-Junction,None,,,         ,Sarah,Cartwright,,Unknown,no,no,no,no,no,False
102820405,METROPOLITAN NASHVILLE POLICE DEPT,20200682689,Davidson,Nashville,10/31/2020 1:30:00 PM,3,0,0,36.098460,-86.838930,ESTES RD,,,,331.00,Feet,South,ESTESWOOD DR,,,,0.00,N,Not at Intersection,N,Non-Junction,None,,,         ,Matthew,Turppa,,Front to Rear,no,no,no,no,no,False
102820406,METROPOLITAN NASHVILLE POLICE DEPT,20200682835,Davidson,Nashville,10/31/2020 4:22:00 PM,2,0,0,36.147230,-86.743640,I 40,,,,0.00,,,,,,,212.00,N,Not at Intersection,N,Non-Junction,None,,,         ,Evan,Grace,,"Sideswipe, Same Direction",no,no,no,no,yes,False
102820415,METROPOLITAN NASHVILLE POLICE DEPT,20200682746,Davidson,Nashville,10/31/2020 1:25:00 PM,3,0,0,36.062720,-86.626210,MURFREESBORO PKE,,,,1010.00,Feet,South,HAMILTON CHURCH RD,,,,0.00,N,Not at Intersection,N,Non-Junction,None,,,         ,Luis,Pena,Clear,Front to Rear,no,no,no,no,no,False
102820416,METROPOLITAN NASHVILLE POLICE DEPT,20200682796,Davidson,Nashville,10/31/2020 3:45:00 PM,2,0,0,36.107740,-86.812700,HILLSBORO PKE,,,,23.00,Feet,South,GREEN HILLS VILLAGE DR,,,,0.00,N,Not at Intersection,N,Non-Junction,None,,,         ,Daniel,Tomlinson,,Angle,no,no,no,no,yes,False
102820419,METROPOLITAN NASHVILLE POLICE DEPT,20200682756,Davidson,Nashville,10/31/2020 2:15:00 PM,2,0,0,36.227260,-86.777940,I 24,,,,0.00,,,,,,,44.65,N,Not at Intersection, ,Entrance/Exit Ramp Related,None,,,         ,Kyle,Lund,Clear,"Sideswipe, Same Direction",no,no,no,no,yes,False
102820427,METROPOLITAN NASHVILLE POLICE DEPT,20200682811,Davidson,Nashville,10/31/2020 12:00:00 AM,2,0,0,36.148520,-86.781130,I 40,,,,0.00,,,,,,,209.75,N,Not at Intersection,N,Non-Junction,None,,,         ,Sekou,Samassi,,"Sideswipe, Same Direction",no,no,no,no,no,False
102820432,METROPOLITAN NASHVILLE POLICE DEPT,20200682856,Davidson,Nashville,10/31/2020 12:00:00 AM,1,0,0,36.157690,-86.714960,HICKORYDALE DR,,,,116.00,Feet,West,CLOVERNOOK DR,,,,0.00,N,Not at Intersection,N,Non-Junction,None,,,         ,Peter,Kinsey,,Not Collision with Motor Vehicle in Transport,no,no,no,no,yes,False
102820435,METROPOLITAN NASHVILLE POLICE DEPT,20200682852,Davidson,Nashville,10/31/2020 4:36:00 PM,3,1,0,36.115940,-86.786200,I 440,,,,0.00,,,,,,,4.20,N,Not at Intersection,N,Non-Junction,None,,,         ,Ryan,Sherry,,Front to Rear,no,no,no,no,no,False
102820436,METROPOLITAN NASHVILLE POLICE DEPT,20200682797,Davidson,Nashville,10/31/2020 3:55:00 PM,2,0,0,36.155010,-86.627110,STEWARTS FERRY PKE,,,,0.00,Feet,East,I40 E EXT RAMP,,,,0.00,N,Not at Intersection, ,Non-Junction,None,,,         ,Phillip,Burke,Clear,Front to Rear,no,no,no,no,no,False
102820467,METROPOLITAN NASHVILLE POLICE DEPT,20200682819,Davidson,Not in City Limit,10/31/2020 3:56:00 PM,2,0,0,36.262820,-86.680970,STATE RT 45,,,,0.00,,,RIO VISTA DR,,,,0.00,Y,Four-Way, ,Intersection,None,,,         ,Dylan,Bradley,,Angle,no,no,no,no,no,False
102820468,METROPOLITAN NASHVILLE POLICE DEPT,20200682889,Davidson,Nashville,10/31/2020 4:55:00 PM,2,2,0,36.252310,-86.717420,GALLATIN PKES,,,,163.00,Feet,North,E WEBSTER ST,,,,0.00,N,Not at Intersection,N,Non-Junction,None,,,         ,Dylan,Bradley,,Angle,no,no,no,no,no,False
102820482,METROPOLITAN NASHVILLE POLICE DEPT,20200682928,Davidson,Nashville,10/31/2020 3:44:00 PM,2,0,0,36.101600,-86.870520,HARDING PKE,,,,226.00,Feet,South,HARDING PL,,,,0.00,N,Not at Intersection,N,Non-Junction,None,,,         ,Matthew,Turppa,,Other,no,no,no,yes,yes,False
102820484,METROPOLITAN NASHVILLE POLICE DEPT,20200682764,Davidson,Nashville,10/31/2020 1:58:00 PM,2,0,0,36.091590,-86.827940,RAMP,,,,0.00,Feet,East,US HWY 431,,,,0.00,N,Not at Intersection, ,Non-Junction,None,,,         ,John,McDonnell,Clear,Front to Rear,no,no,no,no,no,False
102820492,METROPOLITAN NASHVILLE POLICE DEPT,20200682765,Davidson,Nashville,10/31/2020 3:32:00 PM,3,1,0,36.190310,-86.790200,I 65,,,,0.00,,,,,,,85.75,N,Not at Intersection,N,Non-Junction,None,,,         ,Matthew,Mrowiec,Clear,"Sideswipe, Same Direction",no,no,no,no,no,False
102820494,METROPOLITAN NASHVILLE POLICE DEPT,20200682904,Davidson,Not in City Limit,10/31/2020 3:55:00 PM,2,0,0,36.306290,-86.686620,GALLATIN PKEN,,,,325.00,Feet,East,NORTHSIDE DR,,,,0.00,N,Not at Intersection, ,"Driveway, Alley Access, etc",None,,,         ,Kyle,Lund,Clear,Front to Rear,no,no,no,no,no,False
102820497,METROPOLITAN NASHVILLE POLICE DEPT,20200682808,Davidson,Nashville,10/31/2020 4:04:00 PM,2,0,0,36.088620,-86.732080,US HWY 31 ALT,,,,719.00,Feet,South,ZOO RD,,,,0.00,N,Not at Intersection, ,Non-Junction,None,,,         ,John,McDonnell,Clear,Front to Rear,no,no,no,no,no,False
102820504,METROPOLITAN NASHVILLE POLICE DEPT,20200682933,Davidson,Nashville,10/31/2020 5:49:00 PM,1,0,0,36.146740,-86.643940,I 40,,,,0.00,,,,,,,218.00,N,Not at Intersection,N,Non-Junction,None,,,         ,Peter,Kinsey,,Not Collision with Motor Vehicle in Transport,no,no,no,no,no,False
102820506,METROPOLITAN NASHVILLE POLICE DEPT,20200682966,Davidson,Nashville,10/31/2020 6:10:00 PM,2,1,0,36.133150,-86.892080,CHARLOTTE PKE,,,,168.00,Feet,North,OLD CHARLOTTE PKE,,,,0.00,N,Not at Intersection,N,Non-Junction,None,,,         ,Brian,DeMarce,,Angle,no,no,no,no,no,False
102820516,METROPOLITAN NASHVILLE POLICE DEPT,20200683008,Davidson,Nashville,10/31/2020 12:00:00 AM,2,0,0,36.142740,-86.787030,EDGEHILL AV,,,,0.00,,,12TH AVS,,,,0.00,Y,Four-Way, ,Intersection,None,,,         ,Sekou,Samassi,,Angle,no,no,no,no,no,False
102820529,METROPOLITAN NASHVILLE POLICE DEPT,20200682791,Davidson,Nashville,10/31/2020 3:23:00 PM,2,2,0,36.190100,-86.790640,I 65,,,,0.00,,,,,,,85.70,N,Not at Intersection,N,Non-Junction,None,,,         ,Mandi,Maska,Clear,Front to Rear,no,no,no,no,no,False
102820530,METROPOLITAN NASHVILLE POLICE DEPT,20200682992,Davidson,Nashville,10/31/2020 6:35:00 PM,2,1,0,36.047150,-86.662410,I 24,,,,0.00,,,,,,,59.20,N,Not at Intersection,N,Non-Junction,None,,,         ,Garrett,Latham,Clear,Front to Rear,no,no,no,no,yes,False
102820534,METROPOLITAN NASHVILLE POLICE DEPT,20200682984,Davidson,Nashville,10/31/2020 6:27:00 PM,2,1,0,36.110940,-86.745220,NOLENSVILLE PKE,,,,0.00,,,THOMPSON LN,,,,0.00,Y,Four-Way,N,Intersection,None,,,         ,Daniel,Tomlinson,,Angle,no,no,no,no,yes,False
102820538,METROPOLITAN NASHVILLE POLICE DEPT,20200683028,Davidson,Nashville,10/31/2020 7:13:00 PM,2,2,0,36.170750,-86.768650,INTERSTATE DR,,,,141.00,Feet,North,WOODLAND ST,,,,0.00,N,Not at Intersection,N,Non-Junction,None,,,         ,Michael,Dance,,Front to Rear,no,no,no,no,no,False
102820540,METROPOLITAN NASHVILLE POLICE DEPT,20200683019,Davidson,Nashville,10/31/2020 7:00:00 PM,2,0,0,36.118940,-86.767050,I 440,,,,0.00,,,,,,,5.30,N,Not at Intersection, ,Non-Junction,None,,,         ,Ryan,Sherry,,"Sideswipe, Same Direction",no,no,no,no,no,False
102820541,METROPOLITAN NASHVILLE POLICE DEPT,20200682741,Davidson,Nashville,10/31/2020 3:10:00 PM,2,2,0,36.213570,-86.764520,DELLWAY VILLA RD,,,,0.00,,,DICKERSON PKE,,,,0.00,Y,T-Intersection,N,Intersection,None,,,         ,Donovan,Coble,,Angle,no,no,no,no,yes,False
102820542,METROPOLITAN NASHVILLE POLICE DEPT,20200682953,Davidson,Not in City Limit,10/31/2020 4:00:00 PM,2,0,0,35.991280,-86.683580,NOLENSVILLE RD,,,,37.00,Feet,North,BURKITT RD,,,,0.00,N,Not at Intersection, ,,None,,,         ,Gabriel,Hamilton,,,no,no,no,no,no,False
102820544,METROPOLITAN NASHVILLE POLICE DEPT,20200682989,Davidson,Nashville,10/31/2020 6:29:00 PM,3,0,0,36.152600,-86.753540,DECATUR AV,,,,3.00,Feet,West,I40 W EXT RAMP,,,,0.00,N,Not at Intersection,N,Non-Junction,None,,,         ,Evan,Grace,,Front to Rear,no,no,no,no,yes,False
102820550,METROPOLITAN NASHVILLE POLICE DEPT,20200682974,Davidson,Nashville,10/31/2020 6:05:00 PM,2,0,0,36.069100,-86.690680,I24 E ENT RAMP,,,,0.00,,,I 24,,,,0.00,Y,OTHER,N,Entrance/Exit Ramp Related,None,,,         ,Gary,Anderson,Clear,Angle,no,no,no,no,yes,False