master_record_number,agency,agency_tracking_number,county,city,collision_date,vehicles_involved,number_injured,number_dead,latitude,longitude,roadway_name,roadway_suffix,roadway_number,roadway_local_id,distance_from_reference,miles-feet_indicator,direction_from_reference,intersection_road_name,intersection_road_name_suffix,intersection_road_number,intersection_local_id,mile_marker,intersection_indicator,intersect_type,interchange_related_indicator,relation_to_junction,work_zone_type,construction_maintenance_zone,construction_maintenance_zone_location,fatal_case_number,officer_first_name,officer_last_name,weather_condition(s),manner_of_crash,pedestrian,bicycle,scooter,parking,hitrun,mou
102824268,METROPOLITAN NASHVILLE POLICE DEPT,20200692879,Davidson,Nashville,11/5/2020 4:53:00 PM,2,2,0,36.205890,-86.768610,E TRINITY LN,,,,0.00,,,DICKERSON PKE,,,,0.00,Y,Four-Way,Y,Intersection-Related,None,,,         ,Jeremy,Smith,,Angle,no,no,no,no,no,False
102824270,BELLE MEADE POLICE DEPT,20-0231,Davidson,Belle Meade,11/4/2020 2:35:00 PM,2,2,0,36.122310,-86.851320,HARDING PKE,,,,0.00,,,LYNNWOOD BLVD,,,,0.00,Y,Four-Way,Y,Intersection-Related,None,,,         ,Jon,Carter,Clear,Front to Rear,no,no,no,no,no,False
102824283,METROPOLITAN NASHVILLE POLICE DEPT,20200692829,Davidson,Nashville,11/5/2020 4:35:00 PM,1,2,0,36.099550,-86.710790,I 24,,,,0.00,,,,,,,54.60,N,Not at Intersection,N,Non-Junction,None,,,         ,Steffani,Dahlstrom,Clear,Not Collision with Motor Vehicle in Transport,no,no,no,no,no,False
102824284,BERRY HILL POLICE DEPT,20-4089,Davidson,Nashville,11/5/2020 4:00:00 PM,2,2,0,36.111590,-86.773400,FRANKLIN PKE,,,,0.00,,,FRANKLIN PKE SB ENT RAMP,,,,0.00,Y,Four-Way,N,Intersection-Related,None,,,         ,Anthony,Russo,Clear,Angle,no,no,no,no,no,False
102824288,METROPOLITAN NASHVILLE POLICE DEPT,20200692762,Davidson,Nashville,11/5/2020 3:54:00 PM,2,1,0,36.087840,-86.691250,HARDING PL,,,,319.00,Feet,East,ANTIOCH PKE,,,,0.00,N,Not at Intersection,N,Non-Junction,None,,,         ,Gary,Anderson,Clear,Front to Rear,no,no,no,no,no,False
102824291,METROPOLITAN NASHVILLE POLICE DEPT,20200692931,Davidson,Nashville,11/5/2020 5:19:00 PM,2,2,0,36.152840,-86.683350,ELM HILL PIKE,,,,0.00,,,MCGAVOCK PIKE,,,,0.00,Y,Four-Way,N,Intersection,None,,,         ,Jason,Milyaro Lucas,Clear,Angle,no,no,no,no,no,False
102824292,METROPOLITAN NASHVILLE POLICE DEPT,20200692896,Davidson,Nashville,11/5/2020 5:02:00 PM,1,1,0,36.184040,-86.747880,EASTLAND AV,,,,0.00,,,,,,,0.00,,,N,Non-Junction,None,,,         ,Richard,Conger,,Not Collision with Motor Vehicle in Transport,yes,no,no,yes,no,False
102824293,METROPOLITAN NASHVILLE POLICE DEPT,20200692948,Davidson,Not in City Limit,11/5/2020 5:31:00 PM,3,0,0,36.308440,-86.682110,GALLATIN PKEN,,,,180.00,Feet,West,RIVERCHASE BLVD,,,,0.00,N,Not at Intersection, ,Non-Junction,None,,,         ,Christopher,Littles,,Front to Rear,no,no,no,no,no,False
102824295,METROPOLITAN NASHVILLE POLICE DEPT,20200692791,Davidson,Nashville,11/5/2020 3:49:00 PM,2,0,0,36.082040,-86.761530,HARDING PL,,,,57.00,Feet,East,SIDCO DR,,,,0.00,N,Not at Intersection, ,,None,,,         ,Nicholas,Carroll,,,no,no,no,no,no,False
102824297,GOODLETTSVILLE POLICE DEPT,20-32537,Davidson,Goodlettsville,11/5/2020 4:26:00 PM,1,1,0,36.323460,-86.708300,LONG HOLLOW PKE,,,,249.00,Feet,West,CARTWRIGHT ST,,,,0.00,N,Not at Intersection,N,Non-Junction,None,,,         ,Nicholas,Given,Clear,Not Collision with Motor Vehicle in Transport,yes,no,no,yes,no,False
102824298,METROPOLITAN NASHVILLE POLICE DEPT,20200692952,Davidson,Nashville,11/5/2020 5:26:00 PM,2,0,0,36.155850,-86.767140,MIDDLETON ST,,,,44.00,Feet,West,HERMITAGE AV,,,,0.00,N,Not at Intersection,N,Non-Junction,None,,,         ,Erik,Wagner,,Front to Rear,no,no,no,no,no,False
102824302,METROPOLITAN NASHVILLE POLICE DEPT,20200692960,Davidson,Nashville,11/5/2020 5:25:00 PM,2,0,0,36.045310,-86.685610,BELL RD,,,,454.00,Feet,South,BRENTRIDGE DR,,,,0.00,N,Not at Intersection, ,Non-Junction,None,,,         ,Nadine,Klemenz,Clear,"Sideswipe, Same Direction",no,no,no,no,no,False
102824303,METROPOLITAN NASHVILLE POLICE DEPT,20200692933,Davidson,Nashville,11/5/2020 5:20:00 PM,1,1,0,36.156010,-86.767250,HERMITAGE AV,,,,60.00,Feet,West,MIDDLETON ST,,,,0.00,N,Not at Intersection,N,Non-Junction,None,,,         ,Joshua,Reece,Clear,Not Collision with Motor Vehicle in Transport,yes,no,no,no,no,False
102824306,METROPOLITAN NASHVILLE POLICE DEPT,20200693011,Davidson,Nashville,11/5/2020 5:54:00 PM,2,0,0,36.152240,-86.625070,BELL RD,,,,0.00,,,STEWARTS FERRY PKE,,,,0.00,Y,Four-Way, ,Intersection,None,,,         ,Steven,Powers,Clear,Front to Rear,no,no,no,no,yes,False
102824307,METROPOLITAN NASHVILLE POLICE DEPT,20200692998,Davidson,Nashville,11/5/2020 5:55:00 PM,2,0,0,36.120830,-86.703590,MURFREESBORO PKE,,,,0.00,,,GLENGARRY DR,,,,0.00,Y,T-Intersection, ,Intersection,None,,,         ,Steven,Powers,Clear,Front to Rear,no,no,no,no,yes,False
102824321,METROPOLITAN NASHVILLE POLICE DEPT,20200692965,Davidson,Nashville,11/5/2020 5:26:00 PM,2,0,0,36.087910,-86.701190,I24 W ENT RAMP,,,,0.00,Feet,East,I 24,,,,0.00,N,Not at Intersection, ,Non-Junction,None,,,         ,Lisa,Beck,Clear,Front to Rear,no,no,no,no,no,False
102824328,METROPOLITAN NASHVILLE POLICE DEPT,20200692811,Davidson,Nashville,11/5/2020 12:00:00 AM,2,0,0,36.106080,-86.672810,MURFREESBORO PKE,,,,87.00,Feet,East,DONELSON PKE,,,,0.00,N,Not at Intersection, ,Non-Junction,None,,,         ,Adam,Gartner,,"Sideswipe, Same Direction",no,no,no,no,yes,False
102824335,METROPOLITAN NASHVILLE POLICE DEPT,20200692915,Davidson,Nashville,11/5/2020 4:39:00 PM,2,0,0,36.139910,-86.724060,I40 E ENT RAMP,,,,1.00,Feet,East,I 40,,,,0.00,N,Not at Intersection,N,Entrance/Exit Ramp Related,None,,,         ,Joshua,Zambrano-Vera,,Angle,no,no,no,no,yes,False
102824337,METROPOLITAN NASHVILLE POLICE DEPT,20200693087,Davidson,Not in City Limit,11/5/2020 7:08:00 PM,2,0,0,36.268770,-86.755940,DICKERSON PKE,,,,191.00,Feet,South,OLD HICKORY BLVD,,,,0.00,N,Not at Intersection,N,Non-Junction,None,,,         ,Christopher,Littles,,"Sideswipe, Same Direction",no,no,no,no,yes,False
102824339,METROPOLITAN NASHVILLE POLICE DEPT,20200692963,Davidson,Nashville,11/5/2020 5:26:00 PM,2,0,0,36.216950,-86.693490,MCGAVOCK PKE WB ENT RAMP,,,,0.00,Feet,East,MCGAVOCK PKE,,,,0.00,N,Not at Intersection, ,Non-Junction,None,,,         ,Peter,Kinsey,,"Sideswipe, Same Direction",no,no,no,no,no,False
102824344,METROPOLITAN NASHVILLE POLICE DEPT,20200692927,Davidson,Nashville,11/5/2020 5:18:00 PM,2,1,0,36.076500,-86.725380,NOLENSVILLE PKE,,,,221.00,Feet,South,WALLACE RD,,,,0.00,N,Not at Intersection,N,Non-Junction,None,,,         ,Cressie,Prill,,Front to Rear,no,no,no,no,no,False
102824346,METROPOLITAN NASHVILLE POLICE DEPT,20200693053,Davidson,Not in City Limit,11/5/2020 6:45:00 PM,1,0,0,36.107940,-86.936500,CHARLOTTE PKE,,,,520.00,Feet,East,FORREST VALLEY DR,,,,0.00,N,Not at Intersection,N,Non-Junction,None,,,         ,Jeremy,Huffine,,Not Collision with Motor Vehicle in Transport,no,no,no,no,no,False
102824350,METROPOLITAN NASHVILLE POLICE DEPT,20200692929,Davidson,Nashville,11/5/2020 4:20:00 PM,2,0,0,36.149670,-86.859930,OCEOLA AV,,,,0.00,Feet,,CHARLOTTE PKE,,,,0.00,Y,OTHER, ,Intersection-Related,None,,,         ,Torian,Cox,Clear,Angle,no,no,no,no,yes,False
102824351,METROPOLITAN NASHVILLE POLICE DEPT,20200693129,Davidson,Nashville,11/5/2020 7:35:00 PM,1,0,0,36.160350,-86.786610,CHURCH ST,,,,195.00,Feet,West,10TH AVN,,,,0.00,N,Not at Intersection,N,Non-Junction,None,,,         ,Alexander,Hartle,,Not Collision with Motor Vehicle in Transport,no,no,no,no,no,False
102824368,METROPOLITAN NASHVILLE POLICE DEPT,20200693066,Davidson,Nashville,11/5/2020 6:53:00 PM,4,2,0,36.046410,-86.661150,I 24,,,,0.00,,,,,,,59.30,N,Not at Intersection,N,Entrance/Exit Ramp Related,None,,,         ,Gary,Anderson,,Front to Rear,no,no,no,no,yes,False
102824379,METROPOLITAN NASHVILLE POLICE DEPT,20200692657,Davidson,Nashville,11/5/2020 12:00:00 AM,3,0,0,36.040590,-86.771070,OLD HICKORY BLVD,,,,0.00,Feet,,SEVEN SPRINGS WAY PVTDR,,,,0.00,Y,Four-Way,N,Intersection,None,,,         ,Darci,Stechman,,Front to Rear,no,no,no,no,yes,False
102824411,METROPOLITAN NASHVILLE POLICE DEPT,20200693159,Davidson,Nashville,11/5/2020 6:27:00 PM,2,0,0,36.074920,-86.730600,EDMONDSON PKE,,,,753.00,Feet,South,MILNER DR,,,,0.00,N,Not at Intersection,N,Non-Junction,None,,,         ,Rami,Rouhi,,Angle,no,no,no,no,no,False
102824414,METROPOLITAN NASHVILLE POLICE DEPT,20200692994,Davidson,Not in City Limit,11/5/2020 6:04:00 PM,2,1,0,36.107250,-87.020500,OLD CHARLOTTE PKE,,,,1121.00,Feet,West,SEARS RD,,,,0.00,N,Not at Intersection,N,Non-Junction,None,,,         ,Jeremy,Huffine,,"Sideswipe, Opposite Direction",no,no,no,no,yes,False
102824420,METROPOLITAN NASHVILLE POLICE DEPT,20200693182,Davidson,Nashville,11/5/2020 7:50:00 PM,2,0,0,36.064330,-86.717180,NOLENSVILLE PKE,,,,525.00,Feet,North,FAIRLANE DR,,,,0.00,N,Not at Intersection,N,Non-Junction,None,,,         ,Darci,Stechman,,Front to Rear,no,no,no,no,yes,False
102824422,METROPOLITAN NASHVILLE POLICE DEPT,20200693177,Davidson,Not in City Limit,11/5/2020 8:07:00 PM,1,1,0,36.087960,-86.973610,HIGHWAY 70S,,,,2560.00,Feet,West,SADDLE RIDGE CT,,,,0.00,N,Not at Intersection,N,Non-Junction,None,,,         ,Jared,Dick,,Not Collision with Motor Vehicle in Transport,no,no,no,no,no,False
102824424,METROPOLITAN NASHVILLE POLICE DEPT,20200692992,Davidson,Nashville,11/5/2020 6:03:00 PM,2,1,0,36.045510,-86.711750,OLD HICKORY BLVD,,,,450.00,Feet,East,NOLENSVILLE PKE,,,,0.00,N,Not at Intersection,N,Non-Junction,None,,,         ,Tavin,Emlund,,Angle,no,no,no,no,no,False
102824461,METROPOLITAN NASHVILLE POLICE DEPT,20200693237,Davidson,Nashville,11/5/2020 8:45:00 PM,2,0,0,36.091380,-86.704140,I 24,,,,0.00,,,,,,,55.30,N,Not at Intersection,N,Non-Junction,None,,,         ,Timothy,Ward,Clear,Angle,no,no,no,no,no,False
102824472,METROPOLITAN NASHVILLE POLICE DEPT,20200693026,Davidson,Nashville,11/5/2020 6:20:00 PM,3,1,0,36.235910,-86.727290,BRILEY PKWYE,,,,142.00,Feet,South,BRILEY PKWY W ENT RAMP,,,,0.00,N,Not at Intersection,N,Non-Junction,None,,,         ,Dylan,Ramos,,Front to Rear,no,no,no,no,no,False
102824511,METROPOLITAN NASHVILLE POLICE DEPT,20200693318,Davidson,Antioch,11/5/2020 9:46:00 PM,2,0,0,36.068060,-86.599570,LEGEND DR,,,,425.00,Feet,North,MT VIEW RD,,,,0.00,N,Not at Intersection,N,Non-Junction,None,,,         ,Nadine,Klemenz,Clear,Angle,no,no,no,no,yes,False
102824523,METROPOLITAN NASHVILLE POLICE DEPT,20200693369,Davidson,Not in City Limit,11/5/2020 10:35:00 PM,1,0,0,36.163360,-86.948440,RIVER ROAD PKE,,,,1715.00,Feet,North,LAKEVIEW DR,,,,0.00,N,Not at Intersection, ,Non-Junction,None,,,         ,Kelsey,Hicks,Clear,Not Collision with Motor Vehicle in Transport,no,no,no,no,no,False
102824533,METROPOLITAN NASHVILLE POLICE DEPT,20200693422,Davidson,Nashville,11/5/2020 10:29:00 PM,2,0,0,36.198500,-86.620220,LEBANON PKE,,,,26.00,Feet,North,OLD HICKORY BLVD,,,,0.00,N,Not at Intersection, ,,None,,,         ,Aimee,Ortiz,,,no,no,no,no,no,False
102824546,METROPOLITAN NASHVILLE POLICE DEPT,20200693581,Davidson,Nashville,11/6/2020 12:46:00 AM,2,0,0,36.159950,-86.760490,I 24,,,,0.00,,,,,,,49.45,N,Not at Intersection,N,Non-Junction,None,,,         ,Richard,Luellen,Clear,"Sideswipe, Same Direction",no,no,no,no,yes,False
102824551,METROPOLITAN NASHVILLE POLICE DEPT,20200693412,Davidson,Nashville,11/5/2020 11:04:00 PM,2,1,0,36.148120,-86.779390,I65 S ENT RAMP,,,,0.00,Feet,East,I 40,,,,0.00,N,Not at Intersection,N,Non-Junction,None,,,         ,Tony,Mingsing,,"Sideswipe, Same Direction",no,no,no,no,yes,False
102824553,METROPOLITAN NASHVILLE POLICE DEPT,20200693520,Davidson,Nashville,11/5/2020 11:30:00 PM,2,0,0,36.138300,-86.775940,I 65,,,,0.00,,,,,,,81.70,N,Not at Intersection, ,Non-Junction,Construction Zone,,,         ,Michael,Hodges,,"Sideswipe, Same Direction",no,no,no,no,no,False
102824570,METROPOLITAN NASHVILLE POLICE DEPT,20200693586,Davidson,Nashville,11/6/2020 12:00:00 AM,1,1,0,36.256190,-86.714360,US HWY 31E,,,,16.00,Feet,North,NEELYS BEND RD,,,,0.00,N,Not at Intersection,N,Non-Junction,None,,,         ,Natalie,Robinson,Clear,Not Collision with Motor Vehicle in Transport,no,no,no,no,no,False
102824574,METROPOLITAN NASHVILLE POLICE DEPT,20200693543,Davidson,Nashville,11/6/2020 12:03:00 AM,2,0,0,36.220970,-86.773930,I 65,,,,0.00,,,,,,,88.35,N,Not at Intersection, ,Entrance/Exit Ramp Related,Construction Zone,,,         ,Coleman,McKellar,Clear,"Sideswipe, Same Direction",no,no,no,no,no,False
102824587,METROPOLITAN NASHVILLE POLICE DEPT,20200693602,Davidson,Nashville,11/6/2020 4:13:00 AM,1,0,0,36.169550,-86.583210,I 40,,,,0.00,,,,,,,221.80,N,Not at Intersection, ,Non-Junction,None,,,         ,Andrew,Richey,,Not Collision with Motor Vehicle in Transport,no,no,no,no,no,False
102824598,METROPOLITAN NASHVILLE POLICE DEPT,20200693819,Davidson,Nashville,11/6/2020 4:21:00 AM,2,0,0,36.133910,-86.779130,8TH AVS,,,,120.00,Feet,North,ROYCROFT PL,,,,0.00,N,Not at Intersection,N,Non-Junction,None,,,         ,Tony,Mingsing,,Angle,no,no,no,no,yes,False
102824603,METROPOLITAN NASHVILLE POLICE DEPT,20200693677,Davidson,Not in City Limit,11/6/2020 2:07:00 AM,2,1,0,36.073930,-86.975390,I 40,,,,0.00,,,,,,,195.10,N,Not at Intersection,N,Non-Junction,None,,,         ,David,Moser,Clear,"Sideswipe, Same Direction",no,no,no,no,no,False
102824604,METROPOLITAN NASHVILLE POLICE DEPT,20200693884,Davidson,Nashville,11/6/2020 5:00:00 AM,2,0,0,36.145320,-86.762730,1ST AVS,,,,0.00,,,N HILL ST,,,,0.00,Y,T-Intersection,N,Non-Junction,None,,,         ,Garrett,Reingardt,,"Sideswipe, Opposite Direction",no,no,no,no,yes,False
102824614,METROPOLITAN NASHVILLE POLICE DEPT,20200693933,Davidson,Antioch,11/6/2020 6:11:00 AM,1,1,0,36.046980,-86.611090,MURFREESBORO PKE,,,,861.00,Feet,North,MOUNTAIN SPRINGS RD,,,,0.00,N,Not at Intersection,N,Non-Junction,None,,,         ,Douglas,Meringer,Clear,Not Collision with Motor Vehicle in Transport,no,no,no,no,no,False
102824645,METROPOLITAN NASHVILLE POLICE DEPT,20200693983,Davidson,Nashville,11/6/2020 12:00:00 AM,1,0,0,36.144930,-86.766660,4TH AVS,,,,0.00,,,CHESTNUT ST,,,,0.00,Y,Four-Way,N,OtherLocation,None,,,         ,Earl,Davis,,Not Collision with Motor Vehicle in Transport,no,no,no,no,yes,False
102824703,METROPOLITAN NASHVILLE POLICE DEPT,20200694065,Davidson,Nashville,11/6/2020 7:25:00 AM,2,0,0,36.077570,-86.657710,UNA ANTIOCH PKE,,,,77.00,Feet,East,OKEE TRL,,,,0.00,N,Not at Intersection, ,Non-Junction,None,,,         ,Dakota,Davis,Clear,"Sideswipe, Same Direction",no,no,no,no,no,False
102824705,METROPOLITAN NASHVILLE POLICE DEPT,20200694100,Davidson,Nashville,11/6/2020 7:50:00 AM,2,1,0,36.079310,-86.727180,HARDING PL,,,,277.00,Feet,West,NOLENSVILLE PKE,,,,0.00,N,Not at Intersection,N,Non-Junction,None,,,         ,Travis,Pemberton,,Front to Rear,no,no,no,no,yes,False
102824718,METROPOLITAN NASHVILLE POLICE DEPT,20200694159,Davidson,Nashville,11/6/2020 8:45:00 AM,2,0,0,36.150750,-86.749710,I 40,,,,0.00,,,,,,,211.60,N,Not at Intersection,N,Non-Junction,None,,,         ,Michael,Dance,,Front to Rear,no,no,no,no,yes,False
102824726,METROPOLITAN NASHVILLE POLICE DEPT,20200692465,Davidson,Nashville,11/5/2020 12:43:00 PM,2,0,0,36.151040,-86.784060,DIVISION ST,,,,83.00,Feet,East,12TH AVS,,,,0.00,N,Not at Intersection, ,Non-Junction,Construction Zone,,,         ,Wesley,Henderson,Clear,"Sideswipe, Same Direction",no,no,no,no,no,False
102824739,METROPOLITAN NASHVILLE POLICE DEPT,20200694054,Davidson,Nashville,11/6/2020 7:35:00 AM,2,0,0,36.158410,-86.790610,GEORGE L DAVIS BLVD,,,,0.00,,,CHURCH ST,,,,0.00,Y,Four-Way,N,Non-Junction,None,,,         ,Jessica,Johnson,Clear,"Sideswipe, Same Direction",no,no,no,no,yes,False
102824742,METROPOLITAN NASHVILLE POLICE DEPT,20200694138,Davidson,Nashville,11/6/2020 8:30:00 AM,2,0,0,36.201700,-86.776870,I 65,,,,0.00,,,,,,,87.00,N,Not at Intersection, ,Non-Junction,None,,,         ,James,Wray,,Front to Rear,no,no,no,no,no,False
102824754,METROPOLITAN NASHVILLE POLICE DEPT,20200694173,Davidson,Nashville,11/6/2020 8:55:00 AM,2,0,0,36.131400,-86.726960,I24E,,,,411.00,Feet,North,I24 W ENT RAMP,,,,0.00,N,Not at Intersection, ,Non-Junction,None,,,         ,Michael,Moss,Clear,Front to Rear,no,no,no,no,no,False
102824757,METROPOLITAN NASHVILLE POLICE DEPT,20200694218,Davidson,Not in City Limit,11/6/2020 9:11:00 AM,2,0,0,36.260160,-86.712940,GALLATIN PKES,,,,78.00,Feet,South,HICKORY ST,,,,0.00,N,Not at Intersection, ,Non-Junction,None,,,         ,William,Coy,,Angle,no,no,no,no,no,False
102824761,TENNESSEE STATE UNIVERSITY ,20-TSU-39599,Davidson,Nashville,11/6/2020 12:00:00 AM,2,0,0,36.166970,-86.826910,33RD AVN,,,,77.00,Feet,South,JOHN A MERRITT BLVD,,,,0.00,N,Not at Intersection,N,Non-Junction,None,,,         ,Ashley,Boleyjack,Clear,Unknown,no,no,no,yes,yes,False
102824769,METROPOLITAN NASHVILLE POLICE DEPT,20200694167,Davidson,Nashville,11/6/2020 8:45:00 AM,2,0,0,36.182700,-86.748840,STRATTON AV,,,,0.00,,,GALLATIN AV,,,,0.00,Y,T-Intersection,N,Intersection,None,,,         ,William,Sutherland,,Angle,no,no,no,no,no,False
102824789,METROPOLITAN NASHVILLE POLICE DEPT,20200694310,Davidson,Nashville,11/6/2020 10:17:00 AM,2,0,0,36.215120,-86.597670,LEBANON PKE,,,,0.00,,,ANDREW JACKSON PKWY,,,,0.00,Y,Four-Way,N,Intersection,None,,,         ,Michael,Dance,,Angle,no,no,no,no,yes,False
102824794,METROPOLITAN NASHVILLE POLICE DEPT,20200694278,Davidson,Nashville,11/6/2020 10:05:00 AM,2,0,0,36.134750,-86.824820,WEST END AV,,,,80.00,Feet,East,BOWLING AV,,,,0.00,N,Not at Intersection,N,Non-Junction,None,,,         ,Darrin,Hardin,Clear,Front to Rear,no,no,no,no,yes,False
102824813,METROPOLITAN NASHVILLE POLICE DEPT,20200694400,Davidson,Not in City Limit,11/6/2020 11:03:00 AM,2,0,0,36.077210,-87.007450,I 40,,,,0.00,,,,,,,193.25,N,Not at Intersection, ,Non-Junction,None,,,         ,Kelsey,Hicks,Clear,Front to Rear,no,no,no,no,no,False
102824847,METROPOLITAN NASHVILLE POLICE DEPT,20200694435,Davidson,Nashville,11/6/2020 11:38:00 AM,2,1,0,36.142040,-86.815080,31ST AVS,,,,200.00,Feet,South,WEST END AV,,,,0.00,N,Not at Intersection,N,Non-Junction,None,,,         ,Earl,Davis,,Angle,no,no,no,no,no,Campus
102824876,METROPOLITAN NASHVILLE POLICE DEPT,20200694410,Davidson,Nashville,11/6/2020 11:06:00 AM,2,1,0,36.168400,-86.770470,RUSSELL ST,,,,0.00,,,S 2ND ST,,,,0.00,Y,T-Intersection,N,Intersection-Related,None,,,         ,Johnathan,Carlisle,Clear,Front to Rear,no,no,no,no,yes,False
102824898,METROPOLITAN NASHVILLE POLICE DEPT,20200694414,Davidson,Nashville,11/6/2020 11:19:00 AM,2,1,0,36.131680,-86.779330,SOUTH DOUGLAS AV,,,,108.00,Feet,West,8TH AVS,,,,0.00,N,Not at Intersection,N,Non-Junction,None,,,         ,Cecelia,Brown,,Rear to Side,no,no,no,no,no,False
102824900,METROPOLITAN NASHVILLE POLICE DEPT,20200694483,Davidson,Nashville,11/6/2020 12:01:00 PM,2,0,0,36.185930,-86.634270,KOHLS SHOPPING CTR PVTDR,,,,0.00,,,LEBANON PKE,,,,0.00,Y,T-Intersection, ,Non-Junction,None,,,         ,Michael,Dance,,Front to Rear,no,no,no,no,no,False
102824901,METROPOLITAN NASHVILLE POLICE DEPT,20200694462,Davidson,Nashville,11/6/2020 11:14:00 AM,2,0,0,36.048060,-86.713580,NOLENSVILLE PKE,,,,269.00,Feet,South,HICKORYVIEW DR,,,,0.00,N,Not at Intersection, ,Non-Junction,None,,,         ,Travis,Pemberton,,Angle,no,no,no,no,no,False
102824904,METROPOLITAN NASHVILLE POLICE DEPT,20200694486,Davidson,Nashville,11/6/2020 12:05:00 PM,2,0,0,36.082360,-86.762370,I65 N ENT RAMP,,,,0.00,Feet,East,I 65,,,,0.00,N,Not at Intersection, ,Non-Junction,None,,,         ,Bryson,Wilkins,,Angle,no,no,no,no,no,False
102824927,THP District 9 - Administrative,320063225,Davidson,Nashville,11/5/2020 3:37:00 PM,2,0,0,36.140680,-86.740680,FOSTER AV,,,,100.00,Feet,South,MURFREESBORO PKE,,,,0.00,N,Not at Intersection, ,Non-Junction,None,,,         ,Michael,Lowe,,Front to Rear,no,no,no,no,no,False
102824945,METROPOLITAN NASHVILLE POLICE DEPT,20200694403,Davidson,Nashville,11/6/2020 11:05:00 AM,2,0,0,36.087130,-86.648820,MURFREESBORO PKE,,,,90.00,Feet,North,NASHBORO BLVD,,,,0.00,N,Not at Intersection,N,Non-Junction,None,,,         ,James,Thomas,,Angle,no,no,no,no,no,False
102824959,METROPOLITAN NASHVILLE POLICE DEPT,20200694361,Davidson,Nashville,11/6/2020 11:00:00 AM,2,0,0,36.205960,-86.769570,W TRINITY LN,,,,282.00,Feet,West,E TRINITY LN,,,,0.00,N,Not at Intersection, ,,None,,,         ,Russell,Freeman,,,no,no,no,no,no,False
102824974,METROPOLITAN NASHVILLE POLICE DEPT,20200694596,Davidson,Nashville,11/6/2020 1:11:00 PM,2,0,0,36.134370,-86.781270,WEDGEWOOD AV,,,,86.00,Feet,West,ACKLEN AV,,,,0.00,N,Not at Intersection, ,OtherLocation,None,,,         ,Earl,Davis,,Angle,no,no,no,no,no,False
102824976,METROPOLITAN NASHVILLE POLICE DEPT,20200694557,Davidson,Nashville,11/6/2020 12:24:00 PM,2,0,0,36.227220,-86.725340,GALLATIN PKE,,,,0.00,,,MAPLEWOOD PL,,,,0.00,Y,T-Intersection, ,Intersection,None,,,         ,Maria,Reynolds,,Other,no,no,no,no,no,False
102824977,METROPOLITAN NASHVILLE POLICE DEPT,20200694482,Davidson,Nashville,11/6/2020 12:00:00 PM,2,0,0,36.205650,-86.768670,DICKERSON PKE,,,,92.00,Feet,South,E TRINITY LN,,,,0.00,N,Not at Intersection,N,Non-Junction,None,,,         ,Russell,Freeman,Clear,Front to Rear,no,no,no,no,no,False
102824990,METROPOLITAN NASHVILLE POLICE DEPT,20200694622,Davidson,Nashville,11/6/2020 1:24:00 PM,2,0,0,36.094670,-86.801260,GRANNY WHITE PKE,,,,0.00,,,LONE OAK RD,,,,0.00,Y,Four-Way, ,Intersection,None,,,         ,Earl,Davis,,Angle,no,no,no,no,no,False
102824992,THP District 9 - Administrative,320062962,Davidson,Nashville,11/2/2020 8:58:00 AM,2,0,0,36.164320,-86.787760,10TH CIRN,,,,0.00,,,,,,,0.00,,, ,"Driveway, Alley Access, etc",None,,,         ,Brian,Carmouche,Clear,Angle,no,no,no,yes,no,False
102824994,METROPOLITAN NASHVILLE POLICE DEPT,20200694498,Davidson,Nashville,11/6/2020 12:13:00 PM,2,0,0,36.166980,-86.765170,I 24,,,,0.00,,,,,,,48.90,N,Not at Intersection,N,Non-Junction,None,,,         ,Frank,Campbell,Clear,Front to Rear,no,no,no,no,no,False
102824995,METROPOLITAN NASHVILLE POLICE DEPT,20200694113,Davidson,Nashville,11/6/2020 8:17:00 AM,2,0,0,36.079600,-86.726320,HARDING PL,,,,0.00,,,NOLENSVILLE PKE,,,,0.00,Y,Four-Way, ,Intersection-Related,None,,,         ,Alex,Moore,Clear,Front to Rear,no,no,no,no,no,False
102825002,METROPOLITAN NASHVILLE POLICE DEPT,20200694551,Davidson,Nashville,11/6/2020 12:40:00 PM,2,0,0,36.084830,-86.728190,NOLENSVILLE PKE,,,,0.00,Feet,,PARAGON MILLS RD,,,,0.00,Y,Four-Way,Y,Intersection,None,,,         ,Todd,Watson,Clear,HeadOn,no,no,no,no,no,False
102825083,METROPOLITAN NASHVILLE POLICE DEPT,20200694720,Davidson,Nashville,11/6/2020 2:29:00 PM,2,0,0,36.155620,-86.769720,RUTLEDGE ST,,,,100.00,Feet,South,LEA AV,,,,0.00,N,Not at Intersection,N,Non-Junction,None,,,         ,Nicholas,Berry,,Angle,no,no,no,no,no,False
102825085,METROPOLITAN NASHVILLE POLICE DEPT,20200694772,Davidson,Nashville,11/6/2020 3:04:00 PM,2,0,0,36.086540,-86.771270,HARDING PL,,,,206.00,Feet,East,FRANKLIN PKE,,,,0.00,N,Not at Intersection, ,Non-Junction,None,,,         ,Ryan,Sherry,,Front to Rear,no,no,no,no,no,False
102825108,METROPOLITAN NASHVILLE POLICE DEPT,20200694713,Davidson,Antioch,11/6/2020 2:28:00 PM,2,0,0,36.044210,-86.607950,MURFREESBORO PKE,,,,508.00,Feet,South,MOUNTAIN SPRINGS RD,,,,0.00,N,Not at Intersection, ,Non-Junction,None,,,         ,Matthew,Swindell,Clear,"Sideswipe, Same Direction",no,no,no,no,no,False