master_record_number,agency,agency_tracking_number,county,city,collision_date,vehicles_involved,number_injured,number_dead,latitude,longitude,roadway_name,roadway_suffix,roadway_number,roadway_local_id,distance_from_reference,miles-feet_indicator,direction_from_reference,intersection_road_name,intersection_road_name_suffix,intersection_road_number,intersection_local_id,mile_marker,intersection_indicator,intersect_type,interchange_related_indicator,relation_to_junction,work_zone_type,construction_maintenance_zone,construction_maintenance_zone_location,fatal_case_number,officer_first_name,officer_last_name,weather_condition(s),manner_of_crash,pedestrian,bicycle,scooter,parking,hitrun,mou
102825109,METROPOLITAN NASHVILLE POLICE DEPT,20200694751,Davidson,Nashville,11/6/2020 3:00:00 PM,2,0,0,36.154550,-86.779220,8TH AVS,,,,36.00,Feet,South,LAFAYETTE ST,,,,0.00,N,Not at Intersection, ,Non-Junction,None,,,         ,Daniel,Tomlinson,,Angle,no,no,no,no,no,False
102825112,METROPOLITAN NASHVILLE POLICE DEPT,20200694729,Davidson,Nashville,11/6/2020 12:00:00 AM,2,0,0,36.118830,-86.782690,CLAYTON AV,,,,497.00,Feet,East,CRAIG AV,,,,0.00,N,Not at Intersection,N,Non-Junction,None,,,         ,Sekou,Samassi,,"Sideswipe, Same Direction",no,no,no,no,no,False
102825118,METROPOLITAN NASHVILLE POLICE DEPT,20200694782,Davidson,Not in City Limit,11/6/2020 3:15:00 PM,2,0,0,36.260320,-86.712640,HICKORY ST,,,,68.00,Feet,East,GALLATIN PKES,,,,0.00,N,Not at Intersection,N,Non-Junction,None,,,         ,Jarret,Sonnenberg,,Angle,no,no,no,no,no,False
102825119,METROPOLITAN NASHVILLE POLICE DEPT,20200692930,Davidson,Nashville,11/5/2020 5:18:00 PM,1,1,0,36.157320,-86.802720,CHARLOTTE AV,,,,1.00,Feet,West,JO JOHNSTON AV,,,,0.00,N,Not at Intersection,N,Non-Junction,None,,,         ,Jerica,Gladston,,Not Collision with Motor Vehicle in Transport,yes,no,no,no,no,False
102825150,METROPOLITAN NASHVILLE POLICE DEPT,20200694839,Davidson,Nashville,11/6/2020 3:58:00 PM,2,1,0,36.193930,-86.778410,BAPTIST WORLD CENTER DR,,,,0.00,Feet,West,WILLIS ST,,,,0.00,N,Not at Intersection,N,Non-Junction,None,,,         ,Brandon,Chapman,,Front to Rear,no,no,no,no,yes,False
102825167,METROPOLITAN NASHVILLE POLICE DEPT,20200694791,Davidson,Nashville,11/6/2020 1:43:00 PM,2,0,0,36.091240,-86.696350,ANTIOCH PKE,,,,1028.00,Feet,West,METROPLEX DR,,,,0.00,N,Not at Intersection,N,Non-Junction,None,,,         ,Gary,Anderson,Clear,Angle,no,no,no,no,no,False
102825169,METROPOLITAN NASHVILLE POLICE DEPT,20200694742,Davidson,Not in City Limit,11/6/2020 2:40:00 PM,2,0,0,36.081900,-86.956790,I40 W EXT RAMP,,,,0.00,Feet,East,I 40,,,,0.00,N,Not at Intersection, ,Entrance/Exit Ramp Related,None,,,         ,Alquavious,McDaniel,,"Sideswipe, Same Direction",no,no,no,no,no,False
102825183,METROPOLITAN NASHVILLE POLICE DEPT,20200694705,Davidson,Not in City Limit,11/6/2020 2:41:00 PM,1,1,0,36.269220,-86.683000,RIO VISTA DR,,,,109.00,Feet,North,CHARTER VILLAGE APTS PVTDR,,,,0.00,N,Not at Intersection,N,Non-Junction,None,,,         ,Christopher,Littles,,Not Collision with Motor Vehicle in Transport,no,no,no,no,no,False
102825184,METROPOLITAN NASHVILLE POLICE DEPT,20200694923,Davidson,Not in City Limit,11/6/2020 3:26:00 PM,2,0,0,36.273160,-86.704210,ANDERSON LN,,,,0.00,,,BIXLER AV,,,,0.00,Y,T-Intersection, ,Intersection-Related,None,,,         ,Christopher,Littles,,Front to Rear,no,no,no,no,no,False
102825185,METROPOLITAN NASHVILLE POLICE DEPT,20200694666,Davidson,Nashville,11/6/2020 2:03:00 PM,2,1,0,36.160680,-86.775410,3RD AVS,,,,40.00,Feet,North,SYMPHONY PL,,,,0.00,N,Not at Intersection,N,"Driveway, Alley Access, etc",None,,,         ,Joshua,Reece,Clear,Angle,no,no,no,no,no,False
102825186,METROPOLITAN NASHVILLE POLICE DEPT,20200694835,Davidson,Nashville,11/6/2020 12:00:00 AM,2,0,0,36.234660,-86.815640,BRILEY PKWY W EXT RAMP,,,,0.00,Feet,East,WHITES CREEK PKE,,,,0.00,N,Not at Intersection,N,Non-Junction,None,,,         ,Melvin,Taylor,,Angle,no,no,no,no,no,False
102825208,METROPOLITAN NASHVILLE POLICE DEPT,20200694852,Davidson,Not in City Limit,11/6/2020 4:00:00 PM,1,0,0,36.279550,-86.783570,BRICK CHURCH PKE,,,,0.00,Feet,East,OLD HICKORY BLVD,,,,0.00,N,Not at Intersection,N,Non-Junction,None,,,         ,Matthew,Herod,,Not Collision with Motor Vehicle in Transport,no,no,no,no,no,False
102825243,METROPOLITAN NASHVILLE POLICE DEPT,20200694532,Davidson,Nashville,11/6/2020 12:25:00 PM,3,2,0,36.150610,-86.742900,FESSLERS LN,,,,246.00,Feet,North,FESSLERS LN PVTDR,,,,0.00,N,Not at Intersection,N,Non-Junction,None,,,         ,Roger,Luther,,Front to Rear,no,no,no,no,no,False
102825245,METROPOLITAN NASHVILLE POLICE DEPT,20200694915,Davidson,Nashville,11/6/2020 2:40:00 PM,2,0,0,36.058180,-86.659500,WINTON DR,,,,0.00,,,MOSS RD,,,,0.00,Y,T-Intersection, ,Intersection,None,,,         ,Steven,Begley,Clear,"Sideswipe, Opposite Direction",no,no,no,no,no,False
102825247,METROPOLITAN NASHVILLE POLICE DEPT,20200694886,Davidson,Nashville,11/6/2020 3:25:00 PM,2,0,0,36.134450,-86.726760,I 24,,,,0.00,,,,,,,52.10,N,Not at Intersection, ,Non-Junction,None,,,         ,Steffani,Dahlstrom,Clear,Front to Rear,no,no,no,no,no,False
102825249,METROPOLITAN NASHVILLE POLICE DEPT,20200694995,Davidson,Nashville,11/6/2020 5:00:00 PM,2,0,0,36.118970,-86.774110,BERRY RD,,,,146.00,Feet,East,I440 ENT RAMP,,,,0.00,N,Not at Intersection, ,Non-Junction,None,,,         ,Cory,Stratton,,Front to Rear,no,no,no,no,yes,False
102825250,METROPOLITAN NASHVILLE POLICE DEPT,20200694838,Davidson,Nashville,11/6/2020 3:40:00 PM,2,0,0,36.091130,-86.651210,MURFREESBORO PKE,,,,47.00,Feet,South,BRITISH WOODS DR,,,,0.00,N,Not at Intersection,N,Non-Junction,None,,,         ,Michael,Fox,Clear,"Sideswipe, Same Direction",no,no,no,no,no,False
102825251,METROPOLITAN NASHVILLE POLICE DEPT,20200694985,Davidson,Nashville,11/6/2020 3:15:00 PM,2,0,0,36.193580,-86.625070,JACKSONIAN DR,,,,0.00,,,BONNAFORD DR,,,,0.00,Y,T-Intersection,Y,Intersection,None,,,         ,Douglas,Mann,Clear,Angle,no,no,no,no,no,False
102825252,METROPOLITAN NASHVILLE POLICE DEPT,20200694788,Davidson,Nashville,11/6/2020 3:00:00 PM,2,0,0,36.203180,-86.840570,CLARKSVILLE PKE,,,,0.00,,,ABERNATHY RD,,,,0.00,Y,T-Intersection,N,Intersection-Related,None,,,         ,William,Boler,,Front to Rear,no,no,no,no,yes,False
102825263,METROPOLITAN NASHVILLE POLICE DEPT,20200694930,Davidson,Madison,11/6/2020 4:36:00 PM,2,0,0,36.261730,-86.712370,GALLATIN PKES,,,,181.00,Feet,South,E OLD HICKORY BLVD,,,,0.00,N,Not at Intersection, ,Non-Junction,None,,,         ,McKenzie,Harper,,"Sideswipe, Same Direction",no,no,no,no,no,False
102825268,METROPOLITAN NASHVILLE POLICE DEPT,20200694939,Davidson,Nashville,11/6/2020 4:54:00 PM,2,2,0,36.207030,-86.791610,WHITES CREEK PKE,,,,3.00,Feet,North,W TRINITY LN,,,,0.00,N,Not at Intersection,Y,Non-Junction,None,,,         ,Brandon,Chapman,,Angle,no,no,no,no,no,False
102825270,METROPOLITAN NASHVILLE POLICE DEPT,20200694820,Davidson,Not in City Limit,11/6/2020 3:09:00 PM,3,1,0,36.264100,-86.724180,OLD HICKORY BLVDW,,,,0.00,Feet,East,HERITAGE DR,,,,0.00,N,Not at Intersection,N,Non-Junction,None,,,         ,Michael,Foster,Clear,Front to Rear,no,no,no,no,yes,False
102825272,METROPOLITAN NASHVILLE POLICE DEPT,20200695013,Davidson,Nashville,11/6/2020 4:00:00 PM,1,0,0,36.171490,-86.863020,BOMAR BLVD,,,,50.00,Feet,North,CENTENNIAL BLVD,,,,0.00,N,Not at Intersection, ,Non-Junction,None,,,         ,Hillary,Sherman,,Not Collision with Motor Vehicle in Transport,no,no,no,no,no,False
102825273,METROPOLITAN NASHVILLE POLICE DEPT,20200694966,Davidson,Nashville,11/6/2020 3:05:00 PM,2,0,0,36.164160,-86.584710,S NEW HOPE RD,,,,0.00,,,PORT JAMAICA DR,,,,0.00,Y,Four-Way,N,Intersection,None,,,         ,Destiny,Zunic,,Angle,no,no,no,no,no,False
102825292,METROPOLITAN NASHVILLE POLICE DEPT,20200694993,Davidson,Nashville,11/6/2020 5:25:00 PM,2,0,0,36.173950,-86.864810,BOMAR BLVD,,,,512.00,Feet,North,CENTENNIAL BLVD,,,,0.00,N,Not at Intersection,N,Non-Junction,None,,,         ,Ryan,Malone,,"Sideswipe, Opposite Direction",no,no,no,yes,no,False
102825293,GOODLETTSVILLE POLICE DEPT,20-32664,Davidson,Goodlettsville,11/6/2020 5:55:00 PM,1,0,0,36.335490,-86.687330,LONG HOLLOW PIKE,,,,988.00,Feet,North,CAROL ANN DR,,,,0.00,N,Not at Intersection, ,Non-Junction,None,,,         ,Marcus,Zugelder,Clear,Not Collision with Motor Vehicle in Transport,no,no,no,no,no,False
102825301,METROPOLITAN NASHVILLE POLICE DEPT,20200694934,Davidson,Antioch,11/6/2020 3:18:00 PM,2,0,0,36.012480,-86.618190,I 24,,,,0.00,,,,,,,62.70,N,Not at Intersection, ,Non-Junction,None,,,         ,Nadine,Klemenz,Clear,"Sideswipe, Same Direction",no,no,no,no,no,False
102825312,METROPOLITAN NASHVILLE POLICE DEPT,20200695137,Davidson,Goodlettsville,11/6/2020 5:54:00 PM,2,0,0,36.305910,-86.693820,CONFERENCE DR,,,,0.00,,,RIVERGATE MALL PVTDR,,,,0.00,Y,T-Intersection,N,Intersection,None,,,         ,Christopher,Littles,,Front to Rear,no,no,no,yes,yes,False
102825322,VANDERBILT UNIVERSITY POLICE,20200694968,Davidson,Nashville,11/6/2020 4:45:00 PM,2,0,0,36.144100,-86.799850,21ST AVS,,,,0.00,,,EDGEHILL AV,,,,0.00,Y,Four-Way, ,Intersection,None,,,         ,Christopher,Dion,Clear,Front to Rear,no,no,no,no,no,Campus
102825323,METROPOLITAN NASHVILLE POLICE DEPT,20200695077,Davidson,Nashville,11/6/2020 6:20:00 PM,2,0,0,36.152270,-86.858480,I 40,,,,0.00,,,,,,,203.90,N,Not at Intersection,N,Non-Junction,None,,,         ,Ryan,Malone,,Front to Rear,no,no,no,no,no,False
102825326,METROPOLITAN NASHVILLE POLICE DEPT,20200694895,Davidson,Nashville,11/6/2020 4:25:00 PM,1,0,0,36.177760,-86.678460,MCGAVOCK PKE,,,,0.00,,,LINCOYA DR,,,,0.00,Y,T-Intersection, ,,None,,,         ,Peter,Kinsey,,,no,yes,no,no,no,False
102825327,METROPOLITAN NASHVILLE POLICE DEPT,20200695109,Davidson,Nashville,11/6/2020 12:00:00 AM,2,0,0,36.206320,-86.774210,W TRINITY LN,,,,216.00,Feet,West,I65 N ENT RAMP,,,,0.00,N,Not at Intersection,N,Entrance/Exit Ramp Related,None,,,         ,Melvin,Taylor,,Front to Rear,no,no,no,no,yes,False
102825328,METROPOLITAN NASHVILLE POLICE DEPT,20200695117,Davidson,Nashville,11/6/2020 6:41:00 PM,2,0,0,36.081500,-86.726900,US HWY 31 ALT,,,,394.00,Feet,North,RAMP,,,,0.00,N,Not at Intersection,N,Non-Junction,None,,,         ,John,McDonnell,Clear,Front to Rear,no,no,no,no,no,False
102825332,METROPOLITAN NASHVILLE POLICE DEPT,20200695147,Davidson,Nashville,11/6/2020 6:59:00 PM,2,0,0,36.145180,-86.666750,DONELSON PKE,,,,16.00,Feet,South,SHACKLETT DR,,,,0.00,N,Not at Intersection,N,Non-Junction,None,,,         ,Adam,Warren,,Angle,no,no,no,yes,yes,False
102825333,METROPOLITAN NASHVILLE POLICE DEPT,20200695130,Davidson,Nashville,11/6/2020 6:50:00 PM,2,1,0,36.077750,-86.642290,MURFREESBORO PKE,,,,297.00,Feet,East,DOVER GLEN PVTDR,,,,0.00,N,Not at Intersection,N,Non-Junction,None,,,         ,Steven,Powers,Clear,Front to Rear,no,no,no,no,no,False
102825334,METROPOLITAN NASHVILLE POLICE DEPT,20200695003,Davidson,Nashville,11/6/2020 5:20:00 PM,2,0,0,36.149610,-86.783070,I 40,,,,0.00,,,,,,,209.65,N,Not at Intersection,N,Non-Junction,None,,,         ,Jacob,Robbins,,Front to Rear,no,no,no,no,no,False
102825335,METROPOLITAN NASHVILLE POLICE DEPT,20200695171,Davidson,Antioch,11/6/2020 7:16:00 PM,2,0,0,36.014590,-86.621580,I24 E EXT RAMP,,,,0.00,Feet,East,I 24,,,,0.00,N,Not at Intersection, ,Entrance/Exit Ramp Related,None,,,         ,Matthew,Swindell,Clear,"Sideswipe, Same Direction",no,no,no,no,no,False
102825338,METROPOLITAN NASHVILLE POLICE DEPT,20200695129,Davidson,Nashville,11/6/2020 5:53:00 PM,2,0,0,36.200750,-86.776750,I 65,,,,0.00,,,,,,,86.90,N,Not at Intersection, ,Non-Junction,None,,,         ,Brandon,Chapman,,Front to Rear,no,no,no,no,yes,False
102825343,METROPOLITAN NASHVILLE POLICE DEPT,20200694884,Davidson,Nashville,11/6/2020 4:20:00 PM,3,3,0,36.221140,-86.804900,WHITES CREEK PKE,,,,0.00,,,REVELS DR,,,,0.00,Y,Four-Way,N,Intersection-Related,None,,,         ,William,Boler,,Angle,no,no,no,no,yes,False
102825348,METROPOLITAN NASHVILLE POLICE DEPT,20200695100,Davidson,Nashville,11/6/2020 5:30:00 PM,2,0,0,36.182090,-86.749090,GALLATIN AV,,,,0.00,,,MAXWELL AV,,,,0.00,Y,T-Intersection, ,Non-Junction,None,,,         ,Marc,Kozen,,Front to Rear,no,no,no,no,no,False
102825356,VANDERBILT UNIVERSITY POLICE,20200694991,Davidson,Nashville,11/6/2020 5:24:00 PM,2,0,0,36.138290,-86.807750,BLAKEMORE AV,,,,57.00,Feet,East,26TH AVS,,,,0.00,N,Not at Intersection, ,Non-Junction,None,,,         ,Christopher,Dion,Clear,"Sideswipe, Same Direction",no,no,no,no,no,Campus
102825358,METROPOLITAN NASHVILLE POLICE DEPT,20200695090,Davidson,Nashville,11/6/2020 6:29:00 PM,3,2,0,36.069410,-86.687930,HAYWOOD LN,,,,116.00,Feet,West,I24 W ENT RAMP,,,,0.00,N,Not at Intersection,N,Non-Junction,None,,,         ,Steven,Begley,Clear,Front to Rear,no,no,no,no,no,False
102825376,METROPOLITAN NASHVILLE POLICE DEPT,20200695112,Davidson,Nashville,11/6/2020 6:20:00 PM,1,0,0,36.154060,-86.822920,I 440,,,,0.00,,,,,,,0.75,N,Not at Intersection,N,Non-Junction,None,,,         ,Hillary,Sherman,,Not Collision with Motor Vehicle in Transport,no,no,no,no,no,False
102825391,METROPOLITAN NASHVILLE POLICE DEPT,20200695225,Davidson,Nashville,11/6/2020 5:48:00 PM,2,0,0,36.149700,-86.859840,CHARLOTTE PKE,,,,28.00,Feet,East,OCEOLA AV,,,,0.00,N,Not at Intersection,N,Non-Junction,None,,,         ,Ryan,Malone,,HeadOn,no,no,no,no,no,False
102825393,METROPOLITAN NASHVILLE POLICE DEPT,20200695114,Davidson,Nashville,11/6/2020 6:16:00 PM,2,0,0,36.198240,-86.776360,I 65,,,,0.00,,,,,,,86.75,N,Not at Intersection, ,Non-Junction,None,,,         ,Gabriel,Centeno,,"Sideswipe, Same Direction",no,no,no,no,yes,False
102825394,METROPOLITAN NASHVILLE POLICE DEPT,20200694941,Davidson,Nashville,11/6/2020 4:42:00 PM,2,0,0,36.187300,-86.794860,I 65,,,,0.00,,,,,,,85.40,N,Not at Intersection,Y,Entrance/Exit Ramp Related,None,,,         ,Tyler,Heckaman,,"Sideswipe, Same Direction",no,no,no,no,yes,False
102825395,METROPOLITAN NASHVILLE POLICE DEPT,20200695149,Davidson,Nashville,11/6/2020 7:03:00 PM,1,1,0,36.202390,-86.677690,MCGAVOCK PKE,,,,210.00,Feet,South,WILFORD DR,,,,0.00,N,Not at Intersection,N,Non-Junction,None,,,         ,Evan,Grace,,Not Collision with Motor Vehicle in Transport,no,no,no,no,no,False
102825397,METROPOLITAN NASHVILLE POLICE DEPT,20200695228,Davidson,Nashville,11/6/2020 7:47:00 PM,2,0,0,36.079860,-86.726070,RAMP,,,,0.00,Feet,East,STATE HWY 255,,,,0.00,N,Not at Intersection, ,Non-Junction,None,,,         ,John,McDonnell,Clear,Front to Rear,no,no,no,no,no,False
102825400,METROPOLITAN NASHVILLE POLICE DEPT,20200695167,Davidson,Nashville,11/6/2020 6:54:00 PM,3,0,0,36.054750,-86.672320,BLUE HOLE RD PVTDR,,,,71.00,Feet,North,MILL CREEK BLUE HOLE GRNWY,,,,0.00,N,Not at Intersection,N,Non-Junction,None,,,         ,Tyler,Geiger,Clear,Front to Rear,no,no,no,no,no,False
102825414,METROPOLITAN NASHVILLE POLICE DEPT,20200695267,Davidson,Nashville,11/6/2020 7:15:00 PM,2,0,0,36.063420,-86.677890,ANTIOCH PKE,,,,744.00,Feet,South,MILL CREEK BLUE HOLE GRNWY,,,,0.00,N,Not at Intersection,N,Non-Junction,None,,,         ,Thomas,Parsons,Clear,Front to Rear,no,no,no,no,no,False
102825428,METROPOLITAN NASHVILLE POLICE DEPT,20200695226,Davidson,Nashville,11/6/2020 7:12:00 PM,1,0,0,36.215930,-86.689210,MCGAVOCK PKE,,,,0.00,,,PENNINGTON BEND RD,,,,0.00,Y,Y-Intersection, ,Non-Junction,None,,,         ,Peter,Kinsey,,Not Collision with Motor Vehicle in Transport,no,no,no,no,no,False
102825452,METROPOLITAN NASHVILLE POLICE DEPT,20200695249,Davidson,Nashville,11/6/2020 7:55:00 PM,1,0,0,36.131000,-86.769600,VINE HILL RD,,,,183.00,Feet,North,HONEYSUCKLE RD,,,,0.00,N,Not at Intersection, ,Non-Junction,None,,,         ,Sekou,Samassi,,Not Collision with Motor Vehicle in Transport,no,no,no,no,no,False
102825481,METROPOLITAN NASHVILLE POLICE DEPT,20200695360,Davidson,Nashville,11/6/2020 9:05:00 PM,2,0,0,36.151150,-86.762130,CHARLES E DAVIS BLVD,,,,64.00,Feet,North,CANNON ST,,,,0.00,N,Not at Intersection,N,Non-Junction,None,,,         ,Benny,Pittman,,Angle,no,no,no,no,yes,False
102825507,METROPOLITAN NASHVILLE POLICE DEPT,20200695370,Davidson,Not in City Limit,11/6/2020 9:15:00 PM,1,1,0,36.281410,-86.748730,DICKERSON PKE,,,,693.00,Feet,South,DICKERSON PKES,,,,0.00,N,Not at Intersection,N,Non-Junction,None,,,         ,Christopher,Littles,,Not Collision with Motor Vehicle in Transport,no,no,no,no,no,False
102825540,METROPOLITAN NASHVILLE POLICE DEPT,20200695058,Davidson,Nashville,11/6/2020 6:05:00 PM,2,1,0,36.152520,-86.857300,I 40,,,,0.00,,,,,,,204.00,N,Not at Intersection,N,Non-Junction,None,,,         ,Andrew,McCarron,,Angle,no,no,no,no,no,False
102825544,METROPOLITAN NASHVILLE POLICE DEPT,20200695319,Davidson,Old Hickory,11/6/2020 8:41:00 PM,2,2,0,36.247470,-86.641270,OLD HICKORY BLVD,,,,0.00,Feet,,24TH ST,,,,0.00,Y,Four-Way,Y,Intersection-Related,None,,,         ,Jeffrey,Mullins,,HeadOn,no,no,no,no,yes,False
102825563,METROPOLITAN NASHVILLE POLICE DEPT,20200695297,Davidson,Nashville,11/6/2020 6:22:00 PM,2,0,0,36.081190,-86.696920,I 24,,,,0.00,,,,,,,56.10,N,Not at Intersection,N,Non-Junction,None,,,         ,Marcus,Darden,,"Sideswipe, Same Direction",no,no,no,no,yes,False
102825564,METROPOLITAN NASHVILLE POLICE DEPT,20200695263,Davidson,Nashville,11/6/2020 7:40:00 PM,3,2,0,36.174090,-86.762060,MAIN ST,,,,249.00,Feet,East,N 6TH ST,,,,0.00,N,Not at Intersection,N,Non-Junction,None,,,         ,Christopher,Beery,,Angle,no,no,no,no,no,False
102825565,METROPOLITAN NASHVILLE POLICE DEPT,20200695151,Davidson,Nashville,11/6/2020 6:57:00 PM,2,0,0,36.207580,-86.858060,ASHLAND CITY HWY,,,,0.00,,,DRAKES BRANCH RD,,,,0.00,Y,T-Intersection,Y,Intersection-Related,None,,,         ,William,Boler,,"Sideswipe, Same Direction",no,no,no,no,no,False
102825583,METROPOLITAN NASHVILLE POLICE DEPT,20200695367,Davidson,Nashville,11/6/2020 7:57:00 PM,2,0,0,36.069030,-86.681680,RICHARDS RD,,,,143.00,Feet,West,CUMMINGS PARK DR,,,,0.00,N,Not at Intersection,N,Non-Junction,None,,,         ,Tyler,Geiger,,HeadOn,no,no,no,no,no,False
102825609,METROPOLITAN NASHVILLE POLICE DEPT,20200695333,Davidson,Nashville,11/6/2020 8:33:00 PM,2,0,0,36.163320,-86.613120,BELL RD,,,,0.00,,,DODSON CHAPEL RD,,,,0.00,,Not at Intersection,N,OtherLocation,None,,,         ,Michael,Fox,Clear,Rear to Rear,no,no,no,yes,yes,False
102825612,METROPOLITAN NASHVILLE POLICE DEPT,20200694738,Davidson,Not in City Limit,11/6/2020 3:00:00 PM,4,0,0,36.263800,-86.703970,STATE RT 45,,,,144.00,Feet,East,DELAWARE AV,,,,0.00,N,Not at Intersection, ,Non-Junction,None,,,         ,Spencer,Arroyo,,Front to Rear,no,no,no,no,yes,False
102825620,METROPOLITAN NASHVILLE POLICE DEPT,20200695200,Davidson,Nashville,11/6/2020 7:05:00 PM,2,0,0,36.167040,-86.759590,S 6TH ST,,,,77.00,Feet,South,SYLVAN ST,,,,0.00,N,Not at Intersection,N,Non-Junction,None,,,         ,Christopher,Beery,,"Sideswipe, Same Direction",no,no,no,no,no,False
102825623,METROPOLITAN NASHVILLE POLICE DEPT,20200695454,Davidson,Nashville,11/6/2020 9:35:00 PM,2,0,0,36.184730,-86.773700,DICKERSON PKE,,,,115.00,Feet,North,HANCOCK ST,,,,0.00,N,Not at Intersection,N,Non-Junction,None,,,         ,Sarah,Cartwright,,Angle,no,no,no,yes,yes,False
102825627,METROPOLITAN NASHVILLE POLICE DEPT,20200695451,Davidson,Nashville,11/6/2020 10:20:00 PM,1,1,0,36.141970,-86.674700,I 40,,,,0.00,,,,,,,215.00,N,Not at Intersection,N,Non-Junction,None,,,         ,Peter,Kinsey,Clear,Not Collision with Motor Vehicle in Transport,no,no,no,no,no,False
102825633,METROPOLITAN NASHVILLE POLICE DEPT,20200695473,Davidson,Nashville,11/6/2020 10:49:00 PM,1,0,0,36.135900,-86.727430,I24 E EXT RAMP,,,,0.00,Feet,East,I 24,,,,0.00,N,Not at Intersection,N,Entrance/Exit Ramp Related,None,,,         ,Garrett,Reingardt,,Not Collision with Motor Vehicle in Transport,no,no,no,no,no,False
102825641,METROPOLITAN NASHVILLE POLICE DEPT,20200695398,Davidson,Nashville,11/6/2020 9:15:00 PM,2,0,0,36.150750,-86.759480,CANNON ST,,,,0.00,Feet,West,MAURY ST,,,,0.00,N,Not at Intersection,N,Non-Junction,None,,,         ,Peter,Vaught,,"Sideswipe, Same Direction",no,no,no,no,yes,False
102825645,METROPOLITAN NASHVILLE POLICE DEPT,20200695358,Davidson,Nashville,11/6/2020 9:04:00 PM,2,1,0,36.059100,-86.714290,RAYWOOD LN,,,,0.00,,,TUSCULUM RD,,,,0.00,Y,Four-Way,N,Intersection,None,,,         ,Megan,Arnett,,Angle,no,no,no,no,yes,False
102825646,METROPOLITAN NASHVILLE POLICE DEPT,20200695476,Davidson,Nashville,11/6/2020 9:58:00 PM,1,0,0,36.185560,-86.635590,LEBANON PKE,,,,284.00,Feet,East,JACKSON DOWNS BLVD,,,,0.00,N,Not at Intersection,N,Non-Junction,None,,,         ,Randall,Ward,,Not Collision with Motor Vehicle in Transport,no,no,no,no,yes,False
102825652,METROPOLITAN NASHVILLE POLICE DEPT,20200695410,Davidson,Nashville,11/6/2020 8:59:00 PM,2,2,0,36.150670,-86.758500,CANNON ST,,,,113.00,Feet,West,LEWIS ST,,,,0.00,N,Not at Intersection,N,Non-Junction,None,,,         ,Christopher,Lawson,,"Sideswipe, Opposite Direction",no,no,no,no,yes,False
102825677,METROPOLITAN NASHVILLE POLICE DEPT,20200695598,Davidson,Antioch,11/6/2020 11:15:00 PM,1,0,0,36.065750,-86.582850,SMITH SPRINGS PKWY,,,,50.00,Feet,North,DORY DR,,,,0.00,N,Not at Intersection,N,Non-Junction,None,,,         ,Luke,Steigerwalt,Clear,Not Collision with Motor Vehicle in Transport,no,no,no,no,no,False
102825686,METROPOLITAN NASHVILLE POLICE DEPT,20200695669,Davidson,Nashville,11/7/2020 12:52:00 AM,2,0,0,36.042450,-86.712940,SWISS AV,,,,0.00,,,NOLENSVILLE PKE,,,,0.00,Y,Four-Way, ,Intersection,None,,,         ,Bryce,Hatten,,Angle,no,no,no,no,no,False
102825689,METROPOLITAN NASHVILLE POLICE DEPT,20200695636,Davidson,Nashville,11/7/2020 12:35:00 AM,3,0,0,36.142040,-86.678590,I 40,,,,0.00,,,,,,,215.95,N,Not at Intersection,N,Non-Junction,None,,,         ,Torry,Hill,,"Sideswipe, Same Direction",no,no,no,no,yes,False
102825719,METROPOLITAN NASHVILLE POLICE DEPT,20200695723,Davidson,Nashville,11/7/2020 12:00:00 AM,1,1,0,36.119630,-86.772950,I65 N ENT RAMP,,,,0.00,,,I 440,,,,0.00,Y,OTHER,N,Entrance/Exit Ramp Related,None,,,         ,Steven,Luckey,Clear,Unknown,no,no,no,no,no,False
102825727,METROPOLITAN NASHVILLE POLICE DEPT,20200695645,Davidson,Nashville,11/7/2020 12:48:00 AM,1,1,0,36.247030,-86.776620,VILLAGE TRL,,,,90.00,Feet,West,OLD TRAIL CT,,,,0.00,N,Not at Intersection,N,Non-Junction,None,,,         ,Joshua,Dodge,Clear,Not Collision with Motor Vehicle in Transport,no,no,no,no,no,False
102825731,METROPOLITAN NASHVILLE POLICE DEPT,20200695586,Davidson,Not in City Limit,11/6/2020 10:15:00 PM,2,0,0,36.322460,-86.860120,I 24,,,,0.00,,,,,,,35.40,N,Not at Intersection,N,Non-Junction,None,,,         ,Jonathan,Phipps,Clear,"Sideswipe, Same Direction",no,no,no,no,yes,False
102825743,METROPOLITAN NASHVILLE POLICE DEPT,20200695829,Davidson,Nashville,11/7/2020 3:45:00 AM,2,1,0,36.045370,-86.713260,OLD HICKORY BLVD,,,,0.00,,,NOLENSVILLE PKE,,,,0.00,Y,Four-Way,N,Intersection,None,,,         ,Ricardo,Cruz,,Angle,no,no,no,no,no,False
102825745,METROPOLITAN NASHVILLE POLICE DEPT,20200695859,Davidson,Nashville,11/7/2020 4:00:00 AM,2,0,0,36.129800,-86.714330,MILLWOOD DR,,,,158.00,Feet,North,MURFREESBORO PKE,,,,0.00,N,Not at Intersection,N,Non-Junction,None,,,         ,Torry,Hill,,Front to Rear,no,no,no,no,yes,False