master_record_number,agency,agency_tracking_number,county,city,collision_date,vehicles_involved,number_injured,number_dead,latitude,longitude,roadway_name,roadway_suffix,roadway_number,roadway_local_id,distance_from_reference,miles-feet_indicator,direction_from_reference,intersection_road_name,intersection_road_name_suffix,intersection_road_number,intersection_local_id,mile_marker,intersection_indicator,intersect_type,interchange_related_indicator,relation_to_junction,work_zone_type,construction_maintenance_zone,construction_maintenance_zone_location,fatal_case_number,officer_first_name,officer_last_name,weather_condition(s),manner_of_crash,pedestrian,bicycle,scooter,parking,hitrun,mou
102828264,METROPOLITAN NASHVILLE POLICE DEPT,20200701426,Davidson,Nashville,11/10/2020 10:55:00 AM,1,0,0,36.169060,-86.682400,FAIRWAY DR,,,,0.00,,,LEBANON PKE,,,,0.00,Y,Four-Way, ,Intersection-Related,None,,,         ,Austin,Roemeling,Cloudy,Not Collision with Motor Vehicle in Transport,no,no,no,no,no,False
102828273,METROPOLITAN NASHVILLE POLICE DEPT,20200701409,Davidson,Nashville,11/10/2020 10:41:00 AM,2,0,0,36.180030,-86.809770,BUCHANAN ST,,,,0.00,,,16TH AVN,,,,0.00,Y,Four-Way,N,Intersection,None,,,         ,Royce,McLester,Cloudy,Angle,no,no,no,no,no,False
102828274,METROPOLITAN NASHVILLE POLICE DEPT,20200701573,Davidson,Nashville,11/10/2020 12:29:00 PM,1,0,0,36.118510,-86.913670,I 40,,,,0.00,,,,,,,199.90,N,Not at Intersection,N,Non-Junction,None,,,         ,Curtis,Rich,Cloudy,Not Collision with Motor Vehicle in Transport,no,no,no,no,no,False
102828310,METROPOLITAN NASHVILLE POLICE DEPT,20200701654,Davidson,Not in City Limit,11/10/2020 1:05:00 PM,1,1,0,36.145550,-86.952470,RIVER ROAD PKE,,,,1011.00,Feet,South,RIVER ROAD PKE PVTDR,,,,0.00,N,Not at Intersection,N,Non-Junction,None,,,         ,Benjamin,Cantrell,Cloudy,Not Collision with Motor Vehicle in Transport,no,no,no,no,no,False
102828316,METROPOLITAN NASHVILLE POLICE DEPT,20200701570,Davidson,Nashville,11/10/2020 12:25:00 PM,3,0,0,36.167530,-86.662880,LEBANON PKE,,,,137.00,Feet,East,DONELSON PKE,,,,0.00,N,Not at Intersection,N,Non-Junction,None,,,         ,Michael,Brooks,,Front to Rear,no,no,no,no,no,False
102828317,METROPOLITAN NASHVILLE POLICE DEPT,20200701660,Davidson,Nashville,11/10/2020 1:08:00 PM,2,0,0,36.082100,-86.761700,I65 N EXT RAMP,,,,0.00,,,HARDING PL,,,,0.00,Y,Four-Way, ,Intersection-Related,Construction Zone,,,         ,Earl,Davis,,Front to Rear,no,no,no,no,no,False
102828338,METROPOLITAN NASHVILLE POLICE DEPT,20200701692,Davidson,Nashville,11/10/2020 1:27:00 PM,2,0,0,36.143290,-86.698180,BRILEY PKWYN,,,,184.00,Feet,West,I40 E EXT RAMP,,,,0.00,N,Not at Intersection, ,Non-Junction,None,,,         ,MIchael,Mihajlov,,"Sideswipe, Same Direction",no,no,no,no,no,False
102828341,METROPOLITAN NASHVILLE POLICE DEPT,20200701548,Davidson,Nashville,11/10/2020 12:00:00 AM,1,1,0,36.229730,-86.780910,EXIT 88B,,,,0.00,Feet,East,I 24,,,,0.00,N,Not at Intersection,N,Unknown,None,,,         ,David,Williford,Cloudy,Not Collision with Motor Vehicle in Transport,no,no,no,no,no,False
102828358,METROPOLITAN NASHVILLE POLICE DEPT,2020701651,Davidson,Nashville,11/10/2020 1:10:00 PM,2,0,0,36.163810,-86.779050,4TH AVN,,,,49.00,Feet,North,CHURCH ST,,,,0.00,N,Not at Intersection, ,Non-Junction,None,,,         ,Cory,West,Cloudy,"Sideswipe, Same Direction",no,no,no,no,yes,False
102828365,METROPOLITAN NASHVILLE POLICE DEPT,20200701603,Davidson,Nashville,11/10/2020 12:45:00 PM,1,0,0,36.141720,-86.778670,CHESTNUT ST,,,,0.00,,,8TH AVS,,,,0.00,Y,Four-Way, ,Non-Junction,Work Zone,,,         ,Blas,Hernandez,,Not Collision with Motor Vehicle in Transport,no,no,no,no,yes,False
102828384,METROPOLITAN NASHVILLE POLICE DEPT,20200701435,Davidson,Nashville,11/10/2020 10:33:00 AM,2,0,0,36.044780,-86.661670,BELL RD,,,,41.00,Feet,West,CANE RIDGE RD,,,,0.00,N,Not at Intersection, ,Non-Junction,None,,,         ,Robert,Erickson,Clear,Front to Rear,no,no,no,no,no,False
102828390,METROPOLITAN NASHVILLE POLICE DEPT,20200701680,Davidson,Nashville,11/10/2020 1:18:00 PM,2,1,0,36.153790,-86.794410,17TH AVS,,,,0.00,Feet,,WEST END AV,,,,0.00,Y,Four-Way,Y,Intersection,None,,,         ,Joel,Cottrill,Cloudy,Angle,no,no,no,no,no,False
102828392,TENNESSEE STATE UNIVERSITY ,20-TSU-40047,Davidson,Nashville,11/10/2020 11:30:00 AM,2,0,0,36.170320,-86.823000,SCHRADER LN,,,,0.00,,,SCHRADER ACRES DR,,,,0.00,Y,OTHER, ,Non-Junction,None,,,         ,Harold,Taylor,Clear,Unknown,no,no,no,yes,yes,False
102828399,METROPOLITAN NASHVILLE POLICE DEPT,20200701491,Davidson,Nashville,11/10/2020 11:30:00 AM,3,1,0,36.205900,-86.768710,W TRINITY LN,,,,30.00,Feet,West,E TRINITY LN,,,,0.00,N,Not at Intersection,N,Non-Junction,None,,,         ,Russell,Freeman,Cloudy,Front to Rear,no,no,no,no,no,False
102828404,METROPOLITAN NASHVILLE POLICE DEPT,20200701761,Davidson,Nashville,11/10/2020 2:02:00 PM,2,0,0,36.149280,-86.769540,4TH AVS,,,,250.00,Feet,North,OAK ST,,,,0.00,N,Not at Intersection, ,Non-Junction,None,,,         ,Earl,Davis,,"Sideswipe, Same Direction",no,no,no,no,no,False
102828412,METROPOLITAN NASHVILLE POLICE DEPT,20200701511,Davidson,Not in City Limit,11/10/2020 11:50:00 AM,1,0,0,36.289770,-86.898490,GRAYS POINT RD,,,,214.00,Feet,West,CRAFT RD,,,,0.00,N,Not at Intersection,N,Non-Junction,None,,,         ,Jordan,Shaffer,,Not Collision with Motor Vehicle in Transport,no,no,no,no,no,False
102828450,METROPOLITAN NASHVILLE POLICE DEPT,20200701804,Davidson,Not in City Limit,11/10/2020 2:36:00 PM,2,2,0,36.263230,-86.698320,LOMBARDIA LN,,,,0.00,,,E OLD HICKORY BLVD,,,,0.00,Y,T-Intersection,N,Intersection-Related,None,,,         ,Christopher,Littles,,Front to Rear,no,no,no,no,no,False
102828454,METROPOLITAN NASHVILLE POLICE DEPT,20200701500,Davidson,Nashville,11/10/2020 11:45:00 AM,2,0,0,36.096880,-86.705710,ANTIOCH PKE,,,,342.00,Feet,East,SPACE PARK SOUTH DR,,,,0.00,N,Not at Intersection,N,Non-Junction,None,,,         ,Brian,Sherman,,Front to Rear,no,no,no,no,no,False
102828455,METROPOLITAN NASHVILLE POLICE DEPT,20200701846,Davidson,Nashville,11/10/2020 1:41:00 PM,2,0,0,36.157980,-86.675260,AIRWOOD DR,,,,653.00,Feet,West,WOODBERRY DR,,,,0.00,N,Not at Intersection, ,Non-Junction,None,,,         ,Adam,Warren,,Front to Rear,no,no,no,no,no,False
102828458,METROPOLITAN NASHVILLE POLICE DEPT,20200701796,Davidson,Nashville,11/10/2020 2:40:00 PM,2,1,0,36.103660,-86.729600,SOUTHLAKE DR,,,,67.00,Feet,West,HOLBROOK DR,,,,0.00,N,Not at Intersection,N,Non-Junction,None,,,         ,Edward,Starke,Clear,"Sideswipe, Same Direction",no,no,no,no,no,False
102828469,METROPOLITAN NASHVILLE POLICE DEPT,20200701866,Davidson,Nashville,11/10/2020 12:00:00 AM,2,0,0,36.151760,-86.768630,2ND AVS,,,,0.00,,,I40 W EXT RAMP,,,,0.00,Y,OTHER, ,Intersection-Related,None,,,         ,Trevor,Taylor,Rain,"Sideswipe, Same Direction",no,no,no,no,no,False
102828476,METROPOLITAN NASHVILLE POLICE DEPT,2020-0700512,Davidson,Nashville,11/9/2020 10:14:00 PM,2,0,0,36.128500,-86.777850,FRANKLIN PKE,,,,34.00,Feet,South,8TH AVS,,,,0.00,N,Not at Intersection, ,,None,,,         ,Savannah,Starbuck,,,no,no,no,no,no,False
102828481,METROPOLITAN NASHVILLE POLICE DEPT,20200701883,Davidson,Nashville,11/10/2020 3:10:00 PM,2,0,0,36.226310,-86.603190,SAUNDERSVILLE RD,,,,0.00,,,SHUTE LN,,,,0.00,Y,Four-Way, ,,None,,,         ,Heather,Fox,,,no,no,no,no,no,False
102828482,METROPOLITAN NASHVILLE POLICE DEPT,20200701802,Davidson,Nashville,11/10/2020 2:24:00 PM,2,0,0,36.147930,-86.776350,I40 E ENT RAMP,,,,0.00,Feet,East,I 40,,,,0.00,N,Not at Intersection,Y,Entrance/Exit Ramp Related,None,,,         ,Douglas,Sykes,,Front to Rear,no,no,no,no,no,False
102828483,METROPOLITAN NASHVILLE POLICE DEPT,20200701824,Davidson,Nashville,11/10/2020 2:44:00 PM,2,2,0,36.154370,-86.740830,LEBANON PKE,,,,11.00,Feet,West,LANNOM AV,,,,0.00,N,Not at Intersection,N,Non-Junction,None,,,         ,Joseph,Simon,,Front to Rear,no,no,no,no,no,False
102828486,METROPOLITAN NASHVILLE POLICE DEPT,20200701903,Davidson,Nashville,11/10/2020 3:29:00 PM,1,0,0,36.171890,-86.682350,FAIRWAY DR,,,,549.00,Feet,North,THE CROSSINGS PVTDR,,,,0.00,N,Not at Intersection, ,,None,,,         ,Peter,Kinsey,,,no,no,no,no,no,False
102828487,METROPOLITAN NASHVILLE POLICE DEPT,20200701909,Davidson,Nashville,11/10/2020 3:39:00 PM,2,0,0,36.115260,-86.810680,HILLSBORO PKE,,,,194.00,Feet,South,HAMPTON PL,,,,0.00,N,Not at Intersection, ,Non-Junction,None,,,         ,Ryan,Sherry,,Front to Rear,no,no,no,no,no,False
102828490,METROPOLITAN NASHVILLE POLICE DEPT,20200701873,Davidson,Nashville,11/10/2020 2:26:00 PM,2,0,0,36.126700,-86.711090,EAST THOMPSON LN,,,,0.00,,,MURFREESBORO PKE,,,,0.00,Y,Four-Way, ,Intersection,None,,,         ,Andrew,Brazee,Cloudy,"Sideswipe, Same Direction",no,no,no,no,no,False
102828494,METROPOLITAN NASHVILLE POLICE DEPT,20200701837,Davidson,Nashville,11/10/2020 2:18:00 PM,2,0,0,36.170160,-86.868940,BRILEY PKWY N ENT RAMP,,,,0.00,,,BRILEY PKWYN,,,,0.00,Y,Roundabout, ,,None,,,         ,Mary,Hall,,,no,no,no,no,no,False
102828502,METROPOLITAN NASHVILLE POLICE DEPT,20200701964,Davidson,Nashville,11/10/2020 1:06:00 PM,2,0,0,36.045960,-86.675360,BELL RD,,,,308.00,Feet,West,BLUE HOLE RD,,,,0.00,N,Not at Intersection,N,Non-Junction,None,,,         ,Edward,Starke,Clear,"Sideswipe, Opposite Direction",no,no,no,yes,yes,False
102828504,METROPOLITAN NASHVILLE POLICE DEPT,20200701935,Davidson,Nashville,11/10/2020 3:43:00 PM,2,0,0,36.122500,-86.752120,I 440,,,,0.00,,,,,,,6.25,N,Not at Intersection, ,Non-Junction,None,,,         ,Edin,Plancic,,Front to Rear,no,no,no,no,no,False
102828505,METROPOLITAN NASHVILLE POLICE DEPT,20200701970,Davidson,Not in City Limit,11/10/2020 4:20:00 PM,2,0,0,36.269340,-86.736550,I65 N ENT RAMP,,,,0.00,,,I 65,,,,0.00,Y,Y-Intersection, ,,None,,,         ,Christopher,Littles,,,no,no,no,no,no,False
102828514,METROPOLITAN NASHVILLE POLICE DEPT,20200701914,Davidson,Nashville,11/10/2020 3:43:00 PM,2,0,0,36.156570,-86.775870,KOREAN VETERANS BLVD,,,,0.00,,,5TH AVS,,,,0.00,Y,Four-Way,N,Intersection,None,,,         ,Erik,Wagner,Cloudy,Front to Rear,no,no,no,no,no,False
102828523,METROPOLITAN NASHVILLE POLICE DEPT,20200702016,Davidson,Nashville,11/10/2020 4:45:00 PM,2,0,0,36.226490,-86.603160,SHUTE LN,,,,66.00,Feet,North,SAUNDERSVILLE RD,,,,0.00,N,Not at Intersection, ,Non-Junction,None,,,         ,Heather,Fox,,Front to Rear,no,no,no,no,no,False
102828525,METROPOLITAN NASHVILLE POLICE DEPT,20200700485,Davidson,Nashville,11/9/2020 9:43:00 PM,1,1,0,36.196610,-86.828550,BUENA VISTA PKE,,,,202.00,Feet,South,CLIFF DR,,,,0.00,N,Not at Intersection,N,Non-Junction,None,,,         ,Russell,Ward,Clear,Not Collision with Motor Vehicle in Transport,yes,no,no,no,no,False
102828532,METROPOLITAN NASHVILLE POLICE DEPT,20200701889,Davidson,Nashville,11/10/2020 3:20:00 PM,2,1,0,36.129720,-86.839550,VINE CT,,,,0.00,,,HARDING PKE,,,,0.00,Y,OTHER,N,Intersection-Related,None,,,         ,Torian,Cox,Rain,Front to Rear,no,no,no,no,no,False
102828534,METROPOLITAN NASHVILLE POLICE DEPT,20200702046,Davidson,Nashville,11/10/2020 4:29:00 PM,2,0,0,36.208830,-86.717690,STRATFORD AV,,,,0.00,,,INGLEWOOD CIRS,,,,0.00,Y,Four-Way, ,Intersection,None,,,         ,Jonathan,Foote,,Front to Rear,no,no,no,no,no,False
102828536,METROPOLITAN NASHVILLE POLICE DEPT,20200702060,Davidson,Nashville,11/10/2020 5:12:00 PM,2,0,0,36.074480,-86.638650,MURFREESBORO PKE,,,,0.00,,,RURAL HILL RD,,,,0.00,Y,Four-Way, ,Intersection,None,,,         ,Steven,Powers,Rain,Front to Rear,no,no,no,no,yes,False
102828541,METROPOLITAN NASHVILLE POLICE DEPT,20200701826,Davidson,Nashville,11/10/2020 1:50:00 PM,3,0,0,36.045740,-86.674350,BELL RD,,,,0.00,,East,BLUE HOLE RD,,,,0.00,N,Not at Intersection,N,Non-Junction,None,,,         ,Keegan,Winchell,,Angle,no,no,no,no,no,False
102828542,BELLE MEADE POLICE DEPT,20-0240,Davidson,Belle Meade,11/9/2020 11:30:00 AM,2,0,0,36.090580,-86.859960,BELLE MEADE BLVD,,,,0.00,,,TYNE BLVD,,,,0.00,Y,T-Intersection, ,Intersection,None,,,         ,Jon,Carter,Clear,Angle,no,no,no,no,no,False
102828551,METROPOLITAN NASHVILLE POLICE DEPT,20200702088,Davidson,Not in City Limit,11/10/2020 5:38:00 PM,3,0,0,36.278500,-86.734200,I 65,,,,0.00,,,,,,,93.25,N,Not at Intersection,N,Non-Junction,None,,,         ,Christopher,Littles,,Front to Rear,no,no,no,no,no,False
102828559,METROPOLITAN NASHVILLE POLICE DEPT,20200702105,Davidson,Nashville,11/10/2020 5:40:00 PM,2,0,0,36.168830,-86.607020,I 40,,,,0.00,,,,,,,220.50,N,Not at Intersection,Y,Non-Junction,None,,,         ,Heather,Fox,,Angle,no,no,no,no,yes,False
102828578,METROPOLITAN NASHVILLE POLICE DEPT,20200701886,Davidson,Nashville,11/10/2020 3:27:00 PM,2,4,0,36.077150,-86.734090,OVERCREST DR,,,,0.00,,,HARDING PL,,,,0.00,Y,T-Intersection,N,Non-Junction,None,,,         ,Tavin,Emlund,,Angle,no,no,no,no,no,False
102828581,METROPOLITAN NASHVILLE POLICE DEPT,20200702112,Davidson,Nashville,11/10/2020 5:56:00 PM,2,0,0,36.166010,-86.764650,EXIT 49,,,,0.00,Feet,East,I 24,,,,0.00,N,Not at Intersection,N,Non-Junction,None,,,         ,Brent,Morris,Cloudy,Front to Rear,no,no,no,no,yes,False
102828586,METROPOLITAN NASHVILLE POLICE DEPT,20200702049,Davidson,Nashville,11/10/2020 5:05:00 PM,1,1,0,36.186980,-86.773420,DICKERSON PKE,,,,167.00,Feet,South,CLEVELAND ST,,,,0.00,N,Not at Intersection,N,Non-Junction,None,,,         ,Nicholas,Silinsky,,Not Collision with Motor Vehicle in Transport,yes,no,no,no,no,False
102828596,METROPOLITAN NASHVILLE POLICE DEPT,20200702041,Davidson,Nashville,11/10/2020 4:44:00 PM,2,0,0,36.072130,-86.589030,MT VIEW RD,,,,67.00,Feet,West,SMITH SPRINGS PKWY,,,,0.00,N,Not at Intersection,N,Non-Junction,None,,,         ,Edward,Starke,,"Sideswipe, Opposite Direction",no,no,no,no,no,False
102828601,METROPOLITAN NASHVILLE POLICE DEPT,20200702081,Davidson,Nashville,11/10/2020 5:32:00 PM,2,1,0,36.167800,-86.609430,I 40,,,,0.00,,,,,,,220.40,N,Not at Intersection,N,Non-Junction,None,,,         ,Phillip,Burke,,"Sideswipe, Same Direction",no,no,no,no,yes,False
102828604,METROPOLITAN NASHVILLE POLICE DEPT,20200701931,Davidson,Nashville,11/10/2020 3:20:00 PM,2,1,0,36.129720,-86.839550,VINE CT,,,,0.00,,,HARDING PKE,,,,0.00,Y,OTHER,N,Intersection-Related,None,,,         ,Torian,Cox,Rain,Front to Rear,no,no,no,no,yes,False
102828606,METROPOLITAN NASHVILLE POLICE DEPT,20200702200,Davidson,Nashville,11/10/2020 6:15:00 PM,2,0,0,36.116580,-86.915570,I 40,,,,0.00,,,,,,,199.75,N,Not at Intersection, ,Non-Junction,None,,,         ,Andrew,McCarron,Cloudy,Front to Rear,no,no,no,no,no,False
102828608,METROPOLITAN NASHVILLE POLICE DEPT,20200702125,Davidson,Nashville,11/10/2020 5:33:00 PM,1,0,0,36.211840,-86.894200,ASHLAND CITY HWY,,,,387.00,Feet,East,WWCR AV,,,,0.00,N,Not at Intersection, ,Non-Junction,None,,,         ,Melvin,Taylor,,Not Collision with Motor Vehicle in Transport,no,no,no,no,no,False
102828611,METROPOLITAN NASHVILLE POLICE DEPT,20200702207,Davidson,Nashville,11/10/2020 5:49:00 PM,2,0,0,36.115880,-86.784690,I 440,,,,0.00,,,,,,,4.30,N,Not at Intersection,N,Non-Junction,None,,,         ,Ryan,Sherry,,Front to Rear,no,no,no,no,no,False
102828614,METROPOLITAN NASHVILLE POLICE DEPT,20200702142,Davidson,Nashville,11/10/2020 5:49:00 PM,3,0,0,36.120700,-86.807970,LOMBARDY AV,,,,0.00,,,SHARONDALE DR,,,,0.00,Y,OTHER,Y,Intersection,None,,,         ,Douglas,Sykes,,"Sideswipe, Same Direction",no,no,no,no,yes,False
102828615,METROPOLITAN NASHVILLE POLICE DEPT,20200702214,Davidson,Nashville,11/10/2020 12:00:00 AM,2,0,0,36.126810,-86.710650,THOMPSON PL,,,,136.00,Feet,East,MURFREESBORO PKE,,,,0.00,N,Not at Intersection, ,Non-Junction,None,,,         ,Adam,Gartner,,Front to Rear,no,no,no,no,no,False
102828617,METROPOLITAN NASHVILLE POLICE DEPT,20200702130,Davidson,Nashville,11/10/2020 6:11:00 PM,3,1,0,36.086150,-86.691230,ANTIOCH PKE,,,,269.00,Feet,North,PERIMETER HILL DR,,,,0.00,N,Not at Intersection,N,Non-Junction,None,,,         ,Edward,Starke,Clear,Angle,no,no,no,no,no,False
102828623,METROPOLITAN NASHVILLE POLICE DEPT,20200702151,Davidson,Nashville,11/10/2020 6:21:00 PM,2,0,0,36.051600,-86.714380,NOLENSVILLE PKE,,,,33.00,Feet,North,OCALA DR,,,,0.00,N,Not at Intersection,N,Non-Junction,None,,,         ,Ryan,Sherry,,"Sideswipe, Same Direction",no,no,no,no,no,False
102828628,METROPOLITAN NASHVILLE POLICE DEPT,20200702227,Davidson,Nashville,11/10/2020 12:00:00 PM,2,0,0,36.147670,-86.814390,28TH AVN,,,,316.00,Feet,North,CENTENNIAL PARK PVTDR,,,,0.00,N,Not at Intersection, ,Non-Junction,None,,,         ,Emmanuel,Berger,,"Sideswipe, Same Direction",no,no,no,no,no,False
102828631,THP District 3 - Nashville,320064100,Davidson,Nashville,11/9/2020 3:50:00 PM,2,0,0,36.106210,-86.673060,DONELSON PKE,,,,0.00,,,MURFREESBORO PKE,,,,0.00,Y,Four-Way, ,Intersection-Related,None,,,         ,Matthew,Priest,Clear,Angle,no,no,no,no,no,False
102828633,METROPOLITAN NASHVILLE POLICE DEPT,20200698181,Davidson,Nashville,11/8/2020 4:29:00 PM,2,0,0,36.085640,-86.761900,SIDCO DR,,,,270.00,Feet,North,ELYSIAN FIELDS RD,,,,0.00,N,Not at Intersection, ,Non-Junction,None,,,         ,Ebony,Brown,,Other,no,no,no,no,no,False
102828636,METROPOLITAN NASHVILLE POLICE DEPT,20200702028,Davidson,Nashville,11/10/2020 4:30:00 PM,7,1,0,36.128690,-86.906710,RIVER RD,,,,8.00,Feet,West,CHARLOTTE PKE PVTDR,,,,0.00,N,Not at Intersection,Y,Non-Junction,None,,,         ,Billy,Price,Rain,Other,no,no,no,no,no,False
102828640,METROPOLITAN NASHVILLE POLICE DEPT,20200702199,Davidson,Nashville,11/10/2020 4:15:00 PM,2,0,0,36.107490,-86.822590,CROSS CREEK RD,,,,0.00,,,SUGARTREE RD,,,,0.00,Y,T-Intersection, ,,None,,,         ,Matthew,Turppa,,,no,no,no,no,no,False
102828649,METROPOLITAN NASHVILLE POLICE DEPT,20200702297,Davidson,Nashville,11/10/2020 4:20:00 PM,2,0,0,36.167150,-86.796370,12TH AVN,,,,0.00,,,HERMAN ST,,,,0.00,Y,Four-Way,N,Intersection-Related,None,,,         ,Anna,Clayton,Clear,Other,no,no,no,no,yes,False
102828654,METROPOLITAN NASHVILLE POLICE DEPT,20200702286,Davidson,Nashville,11/10/2020 5:37:00 PM,2,0,0,36.149430,-86.774050,I 40,,,,0.00,,,,,,,210.20,N,Not at Intersection, ,Non-Junction,None,,,         ,Nicholas,Berry,Rain,"Sideswipe, Same Direction",no,no,no,no,no,False
102828658,METROPOLITAN NASHVILLE POLICE DEPT,20200702284,Davidson,Nashville,11/10/2020 7:55:00 PM,1,0,0,36.176140,-86.595560,ROCKWOOD DR,,,,328.00,Feet,West,TULIP GROVE RD,,,,0.00,N,Not at Intersection,N,Non-Junction,None,,,         ,Heather,Fox,,Not Collision with Motor Vehicle in Transport,no,no,no,yes,yes,False
102828661,METROPOLITAN NASHVILLE POLICE DEPT,20200701978,Davidson,Nashville,11/10/2020 4:06:00 PM,2,0,0,36.062319,-86.942751,OLD HARDING PK,,,,0.00,,,SAWYER BROWN RD,,,,0.00,Y,Four-Way,N,Intersection-Related,None,,,         ,Jeremy,Huffine,Rain,Angle,no,no,no,no,no,False
102828666,METROPOLITAN NASHVILLE POLICE DEPT,20200702133,Davidson,Nashville,11/10/2020 6:03:00 PM,2,0,0,36.148850,-86.746120,I 40,,,,0.00,,,,,,,211.85,N,Not at Intersection, ,Non-Junction,None,,,         ,Peter,Kinsey,,Front to Rear,no,no,no,no,no,False
102828681,METROPOLITAN NASHVILLE POLICE DEPT,20200702347,Davidson,Not in City Limit,11/10/2020 8:55:00 PM,2,0,0,36.264070,-86.690290,STATE RT 45,,,,0.00,,,MYATT DR,,,,0.00,Y,Four-Way,N,Intersection,None,,,         ,Christopher,Littles,,Angle,no,no,no,no,yes,False
102828686,VANDERBILT UNIVERSITY POLICE,20200702168,Davidson,Nashville,11/10/2020 6:40:00 PM,2,0,0,36.138670,-86.810870,BLAKEMORE AV,,,,0.00,,,31ST AVS,,,,0.00,Y,Four-Way,N,Non-Junction,None,,,         ,V,Greene,Clear,Front to Rear,no,no,no,no,no,Campus
102828703,METROPOLITAN NASHVILLE POLICE DEPT,20200702363,Davidson,Not in City Limit,11/10/2020 12:00:00 AM,1,0,0,36.333280,-86.845500,UNION HILL RD,,,,937.00,Feet,South,MORGAN RD,,,,0.00,N,Not at Intersection,N,Non-Junction,None,,,         ,Melvin,Taylor,,Not Collision with Motor Vehicle in Transport,no,no,no,yes,no,False
102828721,METROPOLITAN NASHVILLE POLICE DEPT,20200702407,Davidson,Nashville,11/10/2020 9:32:00 PM,2,0,0,36.089140,-86.627450,BELL RD,,,,0.00,,,NASHBORO BLVD,,,,0.00,Y,T-Intersection, ,Intersection,None,,,         ,Steven,Powers,Cloudy,Front to Rear,no,no,no,no,yes,False
102828739,METROPOLITAN NASHVILLE POLICE DEPT,20200702414,Davidson,Nashville,11/10/2020 9:15:00 PM,2,2,0,36.128730,-86.906700,CHARLOTTE PKE PVTDR,,,,16.00,Feet,North,RIVER RD,,,,0.00,N,Not at Intersection,N,Non-Junction,None,,,         ,Billy,Price,Clear,Angle,no,no,no,no,no,False
102828741,METROPOLITAN NASHVILLE POLICE DEPT,20200701921,Davidson,Nashville,11/10/2020 3:14:00 PM,2,0,0,36.072741,-86.926447,HICKS RD,,,,0.00,,,OLD HARDING PK,,,,0.00,Y,Four-Way, ,Intersection,None,,,         ,Jeremy,Huffine,Rain,Angle,no,no,no,no,no,False
102828755,METROPOLITAN NASHVILLE POLICE DEPT,20200702361,Davidson,Nashville,11/10/2020 9:09:00 PM,3,1,0,36.074380,-86.743160,BLACKMAN RD,,,,29.00,Feet,East,TIMBERDALE DR,,,,0.00,N,Not at Intersection,N,Non-Junction,None,,,         ,Tavin,Emlund,,Front to Rear,no,no,no,no,no,False
102828765,METROPOLITAN NASHVILLE POLICE DEPT,20200702376,Davidson,Nashville,11/10/2020 9:13:00 PM,2,2,0,36.211240,-86.599130,ANDREW JACKSON PKWY,,,,383.00,Feet,West,BATON ROUGE DR,,,,0.00,N,Not at Intersection,N,Non-Junction,None,,,         ,Melina,Tamborella,Clear,Front to Rear,no,no,no,no,no,False
102828773,METROPOLITAN NASHVILLE POLICE DEPT,20200702139,Davidson,Nashville,11/10/2020 5:41:00 PM,2,0,0,36.066860,-86.916940,OLD HICKORY BLVD,,,,11.00,Feet,North,DEVON VALLEY DR,,,,0.00,N,Not at Intersection, ,Non-Junction,Construction Zone,,,         ,Jeremy,Huffine,Clear,Angle,no,no,no,no,no,False
102828802,METROPOLITAN NASHVILLE POLICE DEPT,20200702467,Davidson,Nashville,11/10/2020 10:53:00 PM,1,0,0,36.205640,-86.589860,TULIP GROVE RD,,,,209.00,Feet,North,LEESA ANN LN,,,,0.00,N,Not at Intersection, ,Non-Junction,None,,,         ,Bridget,Griepentrog,,Not Collision with Motor Vehicle in Transport,no,no,no,no,no,False
102828803,METROPOLITAN NASHVILLE POLICE DEPT,20200702448,Davidson,Nashville,11/10/2020 10:36:00 PM,2,0,0,36.046900,-86.643950,UPSALL DR,,,,164.00,Feet,West,BELL FORGE PKWY,,,,0.00,N,Not at Intersection,N,Non-Junction,None,,,         ,Austin,Bowles,,Angle,no,no,no,yes,yes,False
102828811,METROPOLITAN NASHVILLE POLICE DEPT,20200702565,Davidson,Nashville,11/10/2020 11:52:00 PM,1,1,0,36.050830,-86.612940,MURFREESBORO PKE,,,,2325.00,Feet,North,MOUNTAIN SPRINGS RD,,,,0.00,N,Not at Intersection,N,Non-Junction,None,,,         ,Kaleigh,Pearce,,Not Collision with Motor Vehicle in Transport,no,no,no,no,no,False
102828815,METROPOLITAN NASHVILLE POLICE DEPT,20200702488,Davidson,Nashville,11/10/2020 12:00:00 AM,1,0,0,36.172290,-86.768730,I 24,,,,0.00,,,,,,,48.30,N,Not at Intersection,Y,Entrance/Exit Ramp Related,None,,,         ,Kiana,Perry,Unknown,Not Collision with Motor Vehicle in Transport,no,no,no,no,yes,False
102828816,METROPOLITAN NASHVILLE POLICE DEPT,20200702653,Davidson,Antioch,11/10/2020 11:10:00 PM,2,0,0,36.016810,-86.619870,STATE HWY 171,,,,0.00,,,FIRESTONE PKWY,,,,0.00,Y,Four-Way,Y,Intersection,None,,,         ,Luke,Steigerwalt,Rain,Front to Rear,no,no,no,no,yes,False
102828817,METROPOLITAN NASHVILLE POLICE DEPT,20200702547,Davidson,Not in City Limit,11/10/2020 11:46:00 PM,1,0,0,36.081140,-86.929340,HICKS RD,,,,345.00,Feet,East,POST CREEK RD,,,,0.00,N,Not at Intersection,N,Non-Junction,None,,,         ,David,Moser,Rain,Not Collision with Motor Vehicle in Transport,no,no,no,no,no,False