master_record_number,agency,agency_tracking_number,county,city,collision_date,vehicles_involved,number_injured,number_dead,latitude,longitude,roadway_name,roadway_suffix,roadway_number,roadway_local_id,distance_from_reference,miles-feet_indicator,direction_from_reference,intersection_road_name,intersection_road_name_suffix,intersection_road_number,intersection_local_id,mile_marker,intersection_indicator,intersect_type,interchange_related_indicator,relation_to_junction,work_zone_type,construction_maintenance_zone,construction_maintenance_zone_location,fatal_case_number,officer_first_name,officer_last_name,weather_condition(s),manner_of_crash,pedestrian,bicycle,scooter,parking,hitrun,mou
102829610,METROPOLITAN NASHVILLE POLICE DEPT,20200703430,Davidson,Nashville,11/11/2020 12:34:00 PM,2,0,0,36.143240,-86.791870,VILLA PL,,,,0.00,,,EDGEHILL AV,,,,0.00,Y,Four-Way,N,Intersection-Related,None,,,         ,Earl,Davis,,Front to Rear,no,no,no,no,yes,False
102829619,METROPOLITAN NASHVILLE POLICE DEPT,20200704746,Davidson,Nashville,11/12/2020 12:00:00 AM,1,0,0,36.195440,-86.772160,DICKERSON PKE,,,,55.00,Feet,South,EASTMORELAND ST,,,,0.00,N,Not at Intersection,N,Non-Junction,None,,,         ,Edward,Holden,,Not Collision with Motor Vehicle in Transport,no,no,no,no,yes,False
102829623,METROPOLITAN NASHVILLE POLICE DEPT,20200704716,Davidson,Nashville,11/12/2020 5:31:00 AM,2,0,0,36.106210,-86.673060,MURFREESBORO PKE,,,,0.00,,,DONELSON PKE,,,,0.00,Y,Four-Way, ,Intersection,None,,,         ,Bridget,Griepentrog,Clear,Front to Rear,no,no,no,no,no,False
102829628,METROPOLITAN NASHVILLE POLICE DEPT,20200704728,Davidson,Not in City Limit,11/12/2020 5:38:00 AM,1,0,0,36.034750,-86.972120,HIGHWAY 100,,,,186.00,Feet,West,WESTHAVEN DR,,,,0.00,N,Not at Intersection, ,Non-Junction,None,,,         ,David,Moser,Clear,Not Collision with Motor Vehicle in Transport,no,no,no,no,no,False
102829630,METROPOLITAN NASHVILLE POLICE DEPT,20200704711,Davidson,Nashville,11/12/2020 5:22:00 AM,2,0,0,36.235620,-86.785220,I24 W EXT RAMP,,,,0.00,,,I 24,,,,0.00,,,Y,Entrance/Exit Ramp Related,None,,,         ,Patrick,McGinnis,,"Sideswipe, Same Direction",no,no,no,no,no,False
102829636,METROPOLITAN NASHVILLE POLICE DEPT,20200704790,Davidson,Nashville,11/12/2020 6:41:00 AM,1,0,0,36.216330,-86.584730,LEBANON PKE,,,,437.00,Feet,East,LADY NASHVILLE DR,,,,0.00,N,Not at Intersection,N,Non-Junction,None,,,         ,Michael,Brooks,Clear,Not Collision with Motor Vehicle in Transport,no,no,no,no,no,False
102829666,METROPOLITAN NASHVILLE POLICE DEPT,20200704855,Davidson,Nashville,11/12/2020 7:22:00 AM,2,0,0,36.158900,-86.791630,I 40,,,,0.00,,,,,,,208.90,N,Not at Intersection,N,Non-Junction,None,,,         ,Michael,Brooks,Clear,Front to Rear,no,no,no,no,yes,False
102829670,METROPOLITAN NASHVILLE POLICE DEPT,20200681695,Davidson,Nashville,10/30/2020 10:21:00 PM,1,0,1,36.186850,-86.819650,CLARKSVILLE PIKE,,,,312.00,Feet,West,26TH AVE N,,,,0.00,N,Not at Intersection,N,Non-Junction,None,,,20-1003  ,Donald,Davidson,Clear,Not Collision with Motor Vehicle in Transport,yes,no,no,no,yes,False
102829673,METROPOLITAN NASHVILLE POLICE DEPT,20200704767,Davidson,Not in City Limit,11/12/2020 6:00:00 AM,2,1,0,36.262620,-86.775910,BELLSHIRE DR,,,,0.00,,,BRICK CHURCH PKE,,,,0.00,Y,T-Intersection,N,Intersection,None,,,         ,Michael,Reid,,Angle,no,no,no,no,no,False
102829674,GOODLETTSVILLE POLICE DEPT,20-33260,Davidson,Goodlettsville,11/12/2020 6:07:00 AM,2,0,0,36.298410,-86.712980,I 65,,,,0.00,,,,,,,95.00,N,Not at Intersection,N,Non-Junction,None,,,         ,Daniel,Knalls,Clear,Front to Rear,no,no,no,no,no,False
102829681,METROPOLITAN NASHVILLE POLICE DEPT,20200704810,Davidson,Nashville,11/12/2020 6:55:00 AM,2,0,0,36.191140,-86.799040,ROSA L PARKS BLVD,,,,53.00,Feet,North,VANTAGE WAY,,,,0.00,N,Not at Intersection, ,Non-Junction,None,,,         ,Robert,Marquez,Clear,Front to Rear,no,no,no,no,no,False
102829690,METROPOLITAN NASHVILLE POLICE DEPT,20200704858,Davidson,Nashville,11/12/2020 7:25:00 AM,2,0,0,36.168160,-86.690160,LEBANON PKE,,,,0.00,,,BRILEY PKWY S EXT RAMP,,,,0.00,Y,T-Intersection, ,Intersection,None,,,         ,Michael,Dance,Clear,"Sideswipe, Same Direction",no,no,no,no,no,False
102829694,METROPOLITAN NASHVILLE POLICE DEPT,20200704813,Davidson,Nashville,11/12/2020 6:30:00 AM,1,0,0,36.046970,-86.680070,BELL RD,,,,200.00,Feet,West,BRITTANY PARK DR,,,,0.00,N,Not at Intersection, ,Non-Junction,None,,,         ,Thomas,White,Clear,Not Collision with Motor Vehicle in Transport,no,no,no,no,no,False
102829700,METROPOLITAN NASHVILLE POLICE DEPT,20200683134,Davidson,Nashville,10/31/2020 8:35:00 PM,1,0,2,36.093460,-86.658280,FRANKLIN LIMESTONE RD,,,,411.00,Feet,West,FORGE RIDGE CIR,,,,0.00,N,Not at Intersection,N,Non-Junction,None,,,20-0949  ,Donald,Davidson,Clear,Not Collision with Motor Vehicle in Transport,no,no,no,no,no,False
102829701,METROPOLITAN NASHVILLE POLICE DEPT,20200704874,Davidson,Nashville,11/12/2020 7:41:00 AM,2,0,0,36.146150,-86.741960,I 40,,,,0.00,,,,,,,212.15,N,Not at Intersection, ,Non-Junction,None,,,         ,Michael,Dance,Clear,Front to Rear,no,no,no,no,no,False
102829715,METROPOLITAN NASHVILLE POLICE DEPT,20200704812,Davidson,Nashville,11/12/2020 5:45:00 AM,2,0,0,36.110220,-86.737380,THOMPSON LN,,,,277.00,Feet,East,ST EDWARDS DR,,,,0.00,N,Not at Intersection,N,Non-Junction,None,,,         ,James,Thomas,Clear,Front to Rear,no,no,no,no,yes,False
102829723,METROPOLITAN NASHVILLE POLICE DEPT,20200703908,Davidson,Nashville,11/11/2020 5:59:00 PM,1,0,1,36.194980,-86.618870,OLD HICKORY BLVD,,,,290.00,Feet,South,HERMITAGE MARKETPLACE PVTDR,,,,0.00,N,Not at Intersection,N,Non-Junction,None,,,20-0995  ,Christopher,Augustin,Clear,Not Collision with Motor Vehicle in Transport,yes,no,no,no,no,False
102829726,METROPOLITAN NASHVILLE POLICE DEPT,20200704996,Davidson,Goodlettsville,11/12/2020 8:45:00 AM,2,0,0,36.296920,-86.699170,RIVERGATE PKWY,,,,2.00,Feet,West,GALLATIN PKEN,,,,0.00,N,Not at Intersection,N,Non-Junction,None,,,         ,Ian,Wilson,,Front to Rear,no,no,no,no,yes,False
102829744,METROPOLITAN NASHVILLE POLICE DEPT,20200704916,Davidson,Nashville,11/12/2020 7:40:00 AM,2,1,0,36.046570,-86.683380,BRENTRIDGE DR,,,,15.00,Feet,North,BELL RD,,,,0.00,N,Not at Intersection,N,Non-Junction,None,,,         ,Dakota,Davis,Clear,Angle,no,no,no,no,no,False
102829748,METROPOLITAN NASHVILLE POLICE DEPT,20200705044,Davidson,Nashville,11/12/2020 9:20:00 AM,2,0,0,36.137250,-86.817850,ACKLEN AV,,,,200.00,Feet,West,LOVE CIR,,,,0.00,N,Not at Intersection, ,Non-Junction,None,,,         ,Earl,Davis,,"Sideswipe, Opposite Direction",no,no,no,no,no,False
102829770,METROPOLITAN NASHVILLE POLICE DEPT,20200705033,Davidson,Antioch,11/12/2020 7:20:00 AM,2,0,0,36.061660,-86.594230,HOBSON PKE,,,,0.00,,,WINDCREST TRL,,,,0.00,Y,T-Intersection,N,Intersection,None,,,         ,Thomas,White,Clear,Front to Rear,no,no,no,no,yes,False
102829805,METROPOLITAN NASHVILLE POLICE DEPT,20200705160,Davidson,Nashville,11/12/2020 10:29:00 AM,2,0,0,36.115920,-86.798620,BELMONT BLVD,,,,0.00,,,STOKES LN,,,,0.00,Y,Four-Way, ,Intersection-Related,None,,,         ,Earl,Davis,,Angle,no,no,no,no,no,False
102829815,METROPOLITAN NASHVILLE POLICE DEPT,20200705097,Davidson,Nashville,11/12/2020 9:48:00 AM,2,0,0,36.162670,-86.618310,I 40,,,,0.00,,,,,,,219.80,N,Not at Intersection,N,Non-Junction,None,,,         ,Michael,Dance,Clear,Not Collision with Motor Vehicle in Transport,no,no,no,no,yes,False
102829822,METROPOLITAN NASHVILLE POLICE DEPT,20200705183,Davidson,Nashville,11/12/2020 10:29:00 AM,2,0,0,36.127470,-86.629550,BELL RD,,,,0.00,,,PRIEST WOODS DR,,,,0.00,Y,Four-Way,N,Intersection,None,,,         ,Michael,Dance,Clear,Front to Rear,no,no,no,no,no,False
102829823,METROPOLITAN NASHVILLE POLICE DEPT,20200705083,Davidson,Nashville,11/12/2020 9:27:00 AM,2,0,0,36.045400,-86.712900,OLD HICKORY BLVD,,,,110.00,Feet,East,NOLENSVILLE PKE,,,,0.00,N,Not at Intersection, ,Non-Junction,None,,,         ,Thomas,White,Clear,Front to Rear,no,no,no,no,no,False
102829826,METROPOLITAN NASHVILLE POLICE DEPT,20200705130,Davidson,Nashville,11/12/2020 10:07:00 AM,3,0,0,36.136430,-86.726680,I40 E ENT RAMP,,,,0.00,,,I 24,,,,0.00,Y,OTHER,Y,Entrance/Exit Ramp Related,None,,,         ,Michael,Brooks,Clear,"Sideswipe, Same Direction",no,no,no,no,no,False
102829868,BELLE MEADE POLICE DEPT,20-0243,Davidson,Belle Meade,11/12/2020 7:15:00 AM,2,0,0,36.119600,-86.854940,BELLE MEADE BLVD,,,,0.00,,,HARDING PKE,,,,0.00,Y,T-Intersection, ,Intersection,None,,,         ,Charles,Williams,Clear,Front to Rear,no,no,no,no,no,False
102829915,METROPOLITAN NASHVILLE POLICE DEPT,20200705337,Davidson,Nashville,11/12/2020 11:23:00 AM,2,0,0,36.169360,-86.679890,LEBANON PKE,,,,0.00,,,MCGAVOCK PKE,,,,0.00,Y,Four-Way, ,Intersection,None,,,         ,Michael,Dance,Clear,Front to Rear,no,no,no,no,no,False
102829918,METROPOLITAN NASHVILLE POLICE DEPT,20200704973,Davidson,Nashville,11/12/2020 8:30:00 AM,2,0,0,36.178220,-86.751540,MAIN ST,,,,0.00,,,N 10TH ST,,,,0.00,Y,Four-Way, ,Intersection-Related,Utility Zone,,,         ,Russell,Freeman,Clear,Angle,no,no,no,no,no,False
102829944,METROPOLITAN NASHVILLE POLICE DEPT,20200705402,Davidson,Nashville,11/12/2020 12:57:00 PM,2,0,0,36.201170,-86.776820,I 65,,,,0.00,,,,,,,87.00,N,Not at Intersection, ,Non-Junction,None,,,         ,Ronald,Bright,Clear,Front to Rear,no,no,no,no,no,False
102829954,METROPOLITAN NASHVILLE POLICE DEPT,20200704938,Davidson,Nashville,11/12/2020 12:00:00 AM,1,1,0,36.155780,-86.766710,US HWY 70,,,,106.00,Feet,East,MIDDLETON ST,,,,0.00,N,Not at Intersection,N,Non-Junction,None,,,         ,James,Thornton,Clear,Not Collision with Motor Vehicle in Transport,no,no,no,no,no,False
102829956,METROPOLITAN NASHVILLE POLICE DEPT,20200705291,Davidson,Nashville,11/12/2020 11:52:00 AM,3,1,0,36.156560,-86.760330,I40 E ENT RAMP,,,,0.00,Feet,East,I 24,,,,0.00,N,Not at Intersection,Y,Entrance/Exit Ramp Related,None,,,         ,Shedie,Herbert III,Clear,Front to Rear,no,no,no,no,no,False
102829970,METROPOLITAN NASHVILLE POLICE DEPT,20200704891,Davidson,Nashville,11/12/2020 7:54:00 AM,4,3,0,36.048040,-86.865420,OLD HICKORY BLVD,,,,278.00,Feet,East,CHICKERING WOOD DR,,,,0.00,N,Not at Intersection,N,Non-Junction,None,,,         ,Phillip,Murphy,,Front to Rear,no,no,no,no,no,False
102829971,METROPOLITAN NASHVILLE POLICE DEPT,20200705401,Davidson,Nashville,11/12/2020 12:25:00 PM,2,0,0,36.109690,-86.729880,THOMPSON LN,,,,357.00,Feet,East,MASHBURN RD,,,,0.00,N,Not at Intersection,N,Non-Junction,None,,,         ,James,Thomas,,Front to Rear,no,no,no,no,yes,False
102829976,METROPOLITAN NASHVILLE POLICE DEPT,20200705406,Davidson,Goodlettsville,11/12/2020 1:04:00 PM,2,0,0,36.302150,-86.692680,TWIN HILLS DR,,,,0.00,,,US HWY 31E,,,,0.00,Y,T-Intersection,N,Intersection,None,,,         ,Michael,McCord,Clear,Angle,no,no,no,no,no,False
102829984,METROPOLITAN NASHVILLE POLICE DEPT,20200705372,Davidson,Nashville,11/12/2020 12:51:00 PM,2,0,0,36.198850,-86.776480,I 65,,,,0.00,,,,,,,86.80,N,Not at Intersection,N,Non-Junction,None,,,         ,James,Wray,Clear,Front to Rear,no,no,no,no,no,False
102829985,METROPOLITAN NASHVILLE POLICE DEPT,20200705415,Davidson,Nashville,11/12/2020 12:58:00 PM,2,0,0,36.158760,-86.789910,CHURCH ST,,,,244.00,Feet,East,GEORGE L DAVIS BLVD,,,,0.00,N,Not at Intersection,N,"Driveway, Alley Access, etc",None,,,         ,Joshua,Reece,Clear,Angle,no,no,no,no,yes,False
102829991,METROPOLITAN NASHVILLE POLICE DEPT,20200704827,Davidson,Not in City Limit,11/12/2020 7:05:00 AM,2,0,0,36.322390,-86.859830,I 24,,,,0.00,,,,,,,35.45,N,Not at Intersection, ,Non-Junction,None,,,         ,Tyler,Adcock,Clear,"Sideswipe, Same Direction",no,no,no,no,no,False
102829994,METROPOLITAN NASHVILLE POLICE DEPT,20200705275,Davidson,Nashville,11/12/2020 11:40:00 AM,1,0,0,36.178150,-86.751660,MAIN ST,,,,0.00,,,S 10TH ST,,,,0.00,Y,Four-Way,N,Intersection,Utility Zone,,,         ,Russell,Freeman,Clear,Not Collision with Motor Vehicle in Transport,no,no,no,no,no,False
102829995,METROPOLITAN NASHVILLE POLICE DEPT,20200705481,Davidson,Nashville,11/12/2020 1:30:00 PM,2,0,0,36.234380,-86.720620,BRILEY PKWYW,,,,119.00,Feet,West,BRILEY PKWYE,,,,0.00,N,Not at Intersection, ,Non-Junction,None,,,         ,Michael,Dance,,"Sideswipe, Same Direction",no,no,no,no,no,False
102830001,METROPOLITAN NASHVILLE POLICE DEPT,20200705469,Davidson,Nashville,11/12/2020 12:45:00 PM,2,3,0,36.075930,-86.660000,UNA ANTIOCH PKE,,,,0.00,,,TREETOP DR,,,,0.00,Y,T-Intersection,N,Intersection-Related,None,,,         ,Joe,Hooper,,Angle,no,no,no,no,no,False
102830009,METROPOLITAN NASHVILLE POLICE DEPT,20200705468,Davidson,Nashville,11/12/2020 12:00:00 AM,2,0,0,36.187240,-86.794930,I65 N ENT RAMP,,,,0.00,Feet,East,I 65,,,,0.00,N,Not at Intersection,N,Non-Junction,None,,,         ,Jordan,Shaffer,Clear,Front to Rear,no,no,no,no,yes,False
102830014,METROPOLITAN NASHVILLE POLICE DEPT,20200705473,Davidson,Nashville,11/12/2020 1:48:00 PM,2,2,0,36.142590,-86.815500,WEST END AV,,,,0.00,Feet,,31ST AVN,,,,0.00,Y,Four-Way,Y,Intersection,None,,,         ,William,Caillouette,,Front to Rear,no,no,no,no,no,Campus
102830015,METROPOLITAN NASHVILLE POLICE DEPT,20200705483,Davidson,Nashville,11/12/2020 1:47:00 PM,2,2,0,36.139500,-86.700200,KNIGHTS OF COLUMBUS BLVD,,,,0.00,,,I40 E ENT RAMP,,,,0.00,Y,Four-Way,N,Intersection,None,,,         ,Michael,Brooks,,Angle,no,no,no,no,yes,False
102830016,METROPOLITAN NASHVILLE POLICE DEPT,20200705485,Davidson,Nashville,11/12/2020 2:00:00 PM,2,1,0,36.205990,-86.768570,DICKERSON PKE,,,,0.00,,,E TRINITY LN,,,,0.00,Y,Four-Way,N,Intersection-Related,None,,,         ,Russell,Freeman,Clear,Front to Rear,no,no,no,no,no,False
102830041,METROPOLITAN NASHVILLE POLICE DEPT,20200705363,Davidson,Nashville,11/12/2020 12:45:00 PM,5,5,0,36.149160,-86.773860,I 40,,,,0.00,,,,,,,210.20,N,Not at Intersection,N,Non-Junction,None,,,         ,Earl,Davis,,Front to Rear,no,no,no,no,no,False
102830042,METROPOLITAN NASHVILLE POLICE DEPT,20200705575,Davidson,Nashville,11/12/2020 2:54:00 PM,2,0,0,36.147600,-86.859680,OCEOLA AV,,,,133.00,Feet,South,LENOX AV,,,,0.00,N,Not at Intersection, ,,None,,,         ,Ryan,Malone,,,no,no,no,no,no,False
102830048,METROPOLITAN NASHVILLE POLICE DEPT,20200705548,Davidson,Nashville,11/12/2020 2:38:00 PM,2,0,0,36.152350,-86.769010,2ND AVS,,,,0.00,,,LINDSLEY AV,,,,0.00,Y,OTHER, ,Intersection,None,,,         ,Erik,Wagner,,Angle,no,no,no,no,no,False
102830049,METROPOLITAN NASHVILLE POLICE DEPT,20200705574,Davidson,Nashville,11/12/2020 1:45:00 PM,2,0,0,36.154710,-86.788660,I 40,,,,0.00,,,,,,,209.20,N,Not at Intersection, ,Non-Junction,None,,,         ,Zachary,Plese,Clear,Front to Rear,no,no,no,no,no,False
102830057,METROPOLITAN NASHVILLE POLICE DEPT,20200705576,Davidson,Nashville,11/12/2020 3:00:00 PM,2,0,0,36.134280,-86.779900,WEDGEWOOD AV,,,,196.00,Feet,East,BEECH AV,,,,0.00,N,Not at Intersection,N,Non-Junction,None,,,         ,Rami,Rouhi,,Angle,no,no,no,no,yes,False
102830060,METROPOLITAN NASHVILLE POLICE DEPT,20200705584,Davidson,Nashville,11/12/2020 12:45:00 PM,1,0,0,36.161600,-86.777580,4TH AVN,,,,239.00,Feet,North,BROADWAY,,,,0.00,N,Not at Intersection,Y,OtherLocation,None,,,         ,Trevor,Taylor,Clear,Not Collision with Motor Vehicle in Transport,yes,no,no,no,yes,False
102830062,METROPOLITAN NASHVILLE POLICE DEPT,20200705545,Davidson,Nashville,11/12/2020 1:47:00 PM,2,1,0,36.075450,-86.725050,NOLENSVILLE PKE,,,,149.00,Feet,North,FLORA MAXWELL RD,,,,0.00,N,Not at Intersection,N,Non-Junction,None,,,         ,Edward,Starke,,"Sideswipe, Same Direction",no,no,no,no,yes,False
102830067,METROPOLITAN NASHVILLE POLICE DEPT,20200705595,Davidson,Not in City Limit,11/12/2020 2:35:00 PM,2,0,0,36.259890,-86.713050,GALLATIN PKES,,,,0.00,Feet,East,WOODRUFF ST,,,,0.00,N,Not at Intersection, ,Non-Junction,None,,,         ,Joshua,Belk,,Angle,no,no,no,no,yes,False
102830070,METROPOLITAN NASHVILLE POLICE DEPT,20200705588,Davidson,Nashville,11/12/2020 2:20:00 PM,2,0,0,36.141690,-86.765570,HUMPHREYS ST,,,,207.00,Feet,East,PILLOW ST,,,,0.00,N,Not at Intersection,N,Non-Junction,None,,,         ,Douglas,Sykes,,Front to Rear,no,no,no,no,yes,False
102830074,METROPOLITAN NASHVILLE POLICE DEPT,20200705613,Davidson,Nashville,11/12/2020 3:14:00 PM,2,1,0,36.154690,-86.786000,DEMONBREUN ST,,,,80.00,Feet,East,12TH AVS,,,,0.00,N,Not at Intersection,N,Non-Junction,None,,,         ,Joshua,Reece,Clear,Front to Rear,no,no,no,no,no,False
102830078,METROPOLITAN NASHVILLE POLICE DEPT,20200705610,Davidson,Nashville,11/12/2020 3:00:00 PM,2,0,0,36.153290,-86.842620,ALABAMA AV,,,,106.00,Feet,West,I40 E ENT RAMP,,,,0.00,N,Not at Intersection,N,Non-Junction,None,,,         ,Hillary,Sherman,,Front to Rear,no,no,no,no,yes,False
102830082,METROPOLITAN NASHVILLE POLICE DEPT,20200705598,Davidson,Nashville,11/12/2020 3:05:00 PM,2,1,0,36.050720,-86.878880,OLD HICKORY BLVD,,,,653.00,Feet,West,CHICKERING RD,,,,0.00,N,Not at Intersection,N,Non-Junction,None,,,         ,Matthew,Turppa,,Front to Rear,no,no,no,no,no,False
102830104,GOODLETTSVILLE POLICE DEPT,20-33317,Davidson,Goodlettsville,11/12/2020 3:25:00 PM,2,1,0,36.310500,-86.702350,I 65,,,,0.00,,,,,,,96.05,N,Not at Intersection,N,Entrance/Exit Ramp Related,None,,,         ,Daniel,Knalls,Clear,Front to Rear,no,no,no,no,no,False
102830108,METROPOLITAN NASHVILLE POLICE DEPT,20200705594,Davidson,Nashville,11/12/2020 2:20:00 PM,3,0,0,36.201900,-86.849080,ASHLAND CITY HWY,,,,0.00,Feet,East,JORDAN DR,,,,0.00,N,Not at Intersection, ,Non-Junction,None,,,         ,Jacob,Krispin,,Front to Rear,no,no,no,no,no,False
102830130,METROPOLITAN NASHVILLE POLICE DEPT,20200705657,Davidson,Not in City Limit,11/12/2020 2:36:00 PM,1,0,0,36.093730,-86.938110,I 40,,,,0.00,,,,,,,197.70,N,Not at Intersection,N,Non-Junction,None,,,         ,Jeremy,Huffine,,Not Collision with Motor Vehicle in Transport,no,no,no,no,yes,False
102830135,METROPOLITAN NASHVILLE POLICE DEPT,20200705729,Davidson,Nashville,11/12/2020 3:21:00 PM,2,0,0,36.090170,-86.829400,HILLSBORO PKE,,,,486.00,Feet,South,HARDING PL,,,,0.00,N,Not at Intersection,N,Non-Junction,None,,,         ,Matthew,Turppa,,Front to Rear,no,no,no,no,no,False
102830137,METROPOLITAN NASHVILLE POLICE DEPT,20200705553,Davidson,Nashville,11/12/2020 2:34:00 PM,2,0,0,36.237460,-86.731350,BRILEY PKWYW,,,,150.00,Feet,East,BRILEY PKWYE,,,,0.00,N,Not at Intersection, ,Non-Junction,None,,,         ,Lucas,Thomas,,Angle,no,no,no,no,no,False
102830141,METROPOLITAN NASHVILLE POLICE DEPT,20200705578,Davidson,Nashville,11/12/2020 1:36:00 PM,2,2,0,36.144620,-86.749840,MURFREESBORO PKE,,,,0.00,,,ELM HILL PKE,,,,0.00,Y,T-Intersection,Y,Intersection,None,,,         ,Joseph,Simon,,Angle,no,no,no,no,no,False
102830186,METROPOLITAN NASHVILLE POLICE DEPT,20200705789,Davidson,Nashville,11/12/2020 4:08:00 PM,2,0,0,36.012660,-86.620850,OLD HICKORY BLVD,,,,60.00,Feet,South,I24 E ENT RAMP,,,,0.00,N,Not at Intersection,N,Non-Junction,None,,,         ,Edward,Starke,,Front to Rear,no,no,no,no,yes,False
102830217,METROPOLITAN NASHVILLE POLICE DEPT,20200705839,Davidson,Not in City Limit,11/12/2020 5:19:00 PM,1,0,0,36.316550,-86.834170,I 24,,,,0.00,,,,,,,37.10,N,Not at Intersection, ,,None,,,         ,Melvin,Taylor,,,no,no,no,no,no,False
102830220,METROPOLITAN NASHVILLE POLICE DEPT,20200705642,Davidson,Nashville,11/12/2020 3:30:00 PM,2,0,0,36.220760,-86.624860,SOUTHFORK BLVD,,,,0.00,,,OLD HICKORY BLVD,,,,0.00,Y,T-Intersection,N,Intersection,None,,,         ,Wyatt,Blacker,,"Sideswipe, Same Direction",no,no,no,no,no,False
102830230,METROPOLITAN NASHVILLE POLICE DEPT,20200705612,Davidson,Nashville,11/12/2020 3:16:00 PM,1,1,0,36.078220,-86.744150,HARDING PL,,,,350.00,Feet,East,DANBY DR,,,,0.00,N,Not at Intersection,N,Non-Junction,None,,,         ,Tavin,Emlund,,Not Collision with Motor Vehicle in Transport,no,no,no,no,no,False
102830236,METROPOLITAN NASHVILLE POLICE DEPT,20200705900,Davidson,Nashville,11/12/2020 6:00:00 PM,1,0,0,36.040040,-86.603700,MURFREESBORO PKE,,,,313.00,Feet,North,OLD HICKORY BLVD,,,,0.00,N,Not at Intersection,N,Non-Junction,None,,,         ,Edward,Starke,,Not Collision with Motor Vehicle in Transport,no,no,no,yes,no,False
102830244,METROPOLITAN NASHVILLE POLICE DEPT,20200705905,Davidson,Nashville,11/12/2020 2:18:00 PM,2,0,0,36.073830,-86.920720,OLD HICKORY BLVD,,,,19.00,Feet,North,BELLEVUE VALLEY PLAZA PVTDR,,,,0.00,N,Not at Intersection, ,Non-Junction,None,,,         ,Brandon,Pedigo,,"Sideswipe, Same Direction",no,no,no,no,no,False
102830245,METROPOLITAN NASHVILLE POLICE DEPT,20200705617,Davidson,Nashville,11/12/2020 2:05:00 PM,3,0,0,36.193740,-86.760520,N 6TH ST,,,,85.00,Feet,South,DOUGLAS AV,,,,0.00,N,Not at Intersection,N,Non-Junction,None,,,         ,Ty,Cummings,,HeadOn,no,no,no,no,yes,False
102830252,METROPOLITAN NASHVILLE POLICE DEPT,20200705837,Davidson,Nashville,11/12/2020 5:16:00 PM,2,1,0,36.165840,-86.835240,DR WALTER S DAVIS BLVD,,,,150.00,Feet,South,39TH AVN,,,,0.00,N,Not at Intersection,N,Non-Junction,None,,,         ,Ryan,Malone,Clear,Front to Rear,no,no,no,no,no,False
102830253,METROPOLITAN NASHVILLE POLICE DEPT,20200705890,Davidson,Nashville,11/12/2020 12:00:00 AM,2,2,0,36.041140,-86.776210,OLD HICKORY BLVD,,,,0.00,,,BRENTWOOD COMMONS WAY,,,,0.00,Y,Four-Way,N,Intersection,None,,,         ,Sekou,Samassi,,Angle,no,no,no,no,yes,False
102830254,METROPOLITAN NASHVILLE POLICE DEPT,20200705842,Davidson,Nashville,11/12/2020 4:15:00 PM,2,0,0,36.233580,-86.723950,GALLATIN PKE SB EXT RAMP,,,,0.00,Feet,East,BRILEY PKWY E ENT RAMP,,,,0.00,N,Not at Intersection, ,Entrance/Exit Ramp Related,None,,,         ,Matthew,Hogan,,Front to Rear,no,no,no,no,no,False
102830267,METROPOLITAN NASHVILLE POLICE DEPT,20200705903,Davidson,Nashville,11/12/2020 6:00:00 PM,2,1,0,36.072130,-86.732890,WHISPERING HILLS DR,,,,0.00,,,EDMONDSON PKE,,,,0.00,Y,Four-Way,N,Intersection,None,,,         ,Cory,Stratton,,HeadOn,no,no,no,no,no,False
102830273,METROPOLITAN NASHVILLE POLICE DEPT,20200705882,Davidson,Nashville,11/12/2020 5:44:00 PM,1,0,0,36.042760,-86.840270,OLD HICKORY BLVD,,,,609.00,Feet,East,KINGSBURY DR,,,,0.00,N,Not at Intersection,N,Non-Junction,None,,,         ,Tavin,Emlund,,Not Collision with Motor Vehicle in Transport,no,no,no,no,no,False
102830283,METROPOLITAN NASHVILLE POLICE DEPT,20200705956,Davidson,Not in City Limit,11/12/2020 6:45:00 PM,1,0,0,36.279190,-86.690880,MYATT DR,,,,296.00,Feet,South,MYATT INDUSTRIAL DR,,,,0.00,N,Not at Intersection,N,Non-Junction,None,,,         ,Ian,Herlein,Clear,Not Collision with Motor Vehicle in Transport,no,no,no,no,no,False
102830286,METROPOLITAN NASHVILLE POLICE DEPT,20200705692,Davidson,Nashville,11/12/2020 3:58:00 PM,2,0,0,36.127130,-86.728330,I 24,,,,0.00,,,,,,,51.40,N,Not at Intersection,N,Non-Junction,None,,,         ,Marcus,Darden,,Angle,no,no,no,no,no,False
102830287,METROPOLITAN NASHVILLE POLICE DEPT,20200705952,Davidson,Nashville,11/12/2020 4:41:00 PM,2,0,0,36.037540,-86.785490,OLD HICKORY BLVD,,,,105.00,Feet,East,WILSON PIKE CIR,,,,0.00,N,Not at Intersection,Y,OtherLocation,None,,,         ,Douglas,Sykes,,Front to Rear,no,no,no,no,no,False
102830299,METROPOLITAN NASHVILLE POLICE DEPT,20200705987,Davidson,Nashville,11/12/2020 6:54:00 PM,2,0,0,36.045220,-86.661570,CANE RIDGE RD,,,,162.00,Feet,North,BELL RD,,,,0.00,N,Not at Intersection,N,Non-Junction,None,,,         ,Edward,Starke,,Angle,no,no,no,yes,yes,False