master_record_number,agency,agency_tracking_number,county,city,collision_date,vehicles_involved,number_injured,number_dead,latitude,longitude,roadway_name,roadway_suffix,roadway_number,roadway_local_id,distance_from_reference,miles-feet_indicator,direction_from_reference,intersection_road_name,intersection_road_name_suffix,intersection_road_number,intersection_local_id,mile_marker,intersection_indicator,intersect_type,interchange_related_indicator,relation_to_junction,work_zone_type,construction_maintenance_zone,construction_maintenance_zone_location,fatal_case_number,officer_first_name,officer_last_name,weather_condition(s),manner_of_crash,pedestrian,bicycle,scooter,parking,hitrun,mou
102832721,METROPOLITAN NASHVILLE POLICE DEPT,20200710600,Davidson,Nashville,11/15/2020 1:50:00 PM,1,0,0,36.204930,-86.765880,MERIDIAN ST,,,,132.00,Feet,North,EDWIN ST,,,,0.00,N,Not at Intersection,N,Non-Junction,None,,,         ,Zachary,Aldrich,,Not Collision with Motor Vehicle in Transport,no,no,no,yes,yes,False
102832722,BERRY HILL POLICE DEPT,20-4205,Davidson,Berry Hill,11/15/2020 3:05:00 PM,3,0,0,36.124040,-86.776360,FRANKLIN PKE,,,,358.00,Feet,South,INVERNESS AV,,,,0.00,N,Not at Intersection,N,Non-Junction,None,,,         ,Anthony,Russo,Clear,Front to Rear,no,no,no,no,no,False
102832725,METROPOLITAN NASHVILLE POLICE DEPT,20200710625,Davidson,Nashville,11/15/2020 1:56:00 PM,2,0,0,36.160400,-86.776250,SYMPHONY PL,,,,0.00,,,,,,,0.00,,,N,Non-Junction,None,,,         ,James,Hill,Clear,Angle,no,no,no,no,yes,False
102832729,METROPOLITAN NASHVILLE POLICE DEPT,20200710727,Davidson,Nashville,11/15/2020 4:01:00 PM,1,0,0,36.038010,-86.658190,CANE RIDGE RD,,,,458.00,Feet,South,MOUNTAINHIGH DR,,,,0.00,N,Not at Intersection,N,Non-Junction,None,,,         ,Lisa,Beck,,Not Collision with Motor Vehicle in Transport,no,no,no,no,yes,False
102832730,METROPOLITAN NASHVILLE POLICE DEPT,20200710626,Davidson,Nashville,11/15/2020 3:07:00 PM,2,0,0,36.037200,-86.788900,STATE HWY 254,,,,604.00,Feet,East,EASTPARK DR,,,,0.00,N,Not at Intersection, ,Non-Junction,None,,,         ,John,McDonnell,Clear,"Sideswipe, Same Direction",no,no,no,no,no,False
102832738,GOODLETTSVILLE POLICE DEPT,20-33620,Davidson,Goodlettsville,11/15/2020 4:36:00 PM,1,0,0,36.316080,-86.713350,S MAIN ST,,,,0.00,,,HOLLYWOOD ST,,,,0.00,Y,T-Intersection, ,Non-Junction,None,,,         ,Benny,Alexander,Clear,Not Collision with Motor Vehicle in Transport,no,no,no,no,no,False
102832745,METROPOLITAN NASHVILLE POLICE DEPT,20200710609,Davidson,Nashville,11/15/2020 2:14:00 PM,3,0,0,36.238810,-86.723870,WALTON LN,,,,11.00,Feet,East,US HWY 31E,,,,0.00,N,Not at Intersection, ,Non-Junction,None,,,         ,Matthew,Hogan,Clear,Front to Rear,no,no,no,no,yes,False
102832748,METROPOLITAN NASHVILLE POLICE DEPT,20200710684,Davidson,Nashville,11/15/2020 3:44:00 PM,1,2,0,36.130160,-86.816890,I 440,,,,0.00,,,,,,,2.00,N,Not at Intersection,N,Non-Junction,None,,,         ,Emmanuel,Berger,,Not Collision with Motor Vehicle in Transport,no,no,no,no,no,False
102832766,METROPOLITAN NASHVILLE POLICE DEPT,20200710731,Davidson,Nashville,11/15/2020 1:50:00 PM,2,0,0,36.039350,-86.785650,CONNECTING ROAD,,,,0.00,,,US HWY 31,,,,0.00,Y,T-Intersection,Y,Intersection,None,,,         ,John,McDonnell,Clear,Front to Rear,no,no,no,no,no,False
102832777,METROPOLITAN NASHVILLE POLICE DEPT,20200710835,Davidson,Nashville,11/15/2020 5:34:00 PM,2,0,0,36.053630,-86.672830,BLUE HOLE RD,,,,367.00,Feet,South,BLUE HOLE RD PVTDR,,,,0.00,N,Not at Intersection, ,Non-Junction,None,,,         ,Garrett,Latham,Clear,Front to Rear,no,no,no,no,no,False
102832780,METROPOLITAN NASHVILLE POLICE DEPT,20200710630,Davidson,Nashville,11/15/2020 3:12:00 PM,1,1,0,36.090730,-86.606670,PRIEST LAKE DR,,,,90.00,Feet,West,ANDERSON RD,,,,0.00,N,Not at Intersection,N,"Driveway, Alley Access, etc",None,,,         ,Michael,Fox,Clear,Not Collision with Motor Vehicle in Transport,no,yes,no,no,no,False
102832782,METROPOLITAN NASHVILLE POLICE DEPT,20200710854,Davidson,Not in City Limit,11/15/2020 5:44:00 PM,1,0,0,36.004710,-86.625500,OLD HICKORY BLVD,,,,387.00,Feet,East,BATTLE RD,,,,0.00,N,Not at Intersection,N,Non-Junction,None,,,         ,Nadine,Klemenz,Clear,Not Collision with Motor Vehicle in Transport,no,no,no,no,yes,False
102832792,GOODLETTSVILLE POLICE DEPT,20-33618,Davidson,Goodlettsville,11/15/2020 4:23:00 PM,4,1,0,36.309490,-86.689440,VIETNAM VETERANS BLVD SB EXT R,,,,1734.00,Feet,East,CONFERENCE DR,,,,0.00,N,Not at Intersection,N,Non-Junction,None,,,         ,Jeffery,Hunter,Clear,Front to Rear,no,no,no,no,no,False
102832795,METROPOLITAN NASHVILLE POLICE DEPT,20200710871,Davidson,Nashville,11/15/2020 6:05:00 PM,2,0,0,36.157280,-86.772190,2ND AVE S,,,,186.00,Feet,North,PEABODY ST,,,,0.00,N,Not at Intersection, ,Non-Junction,None,,,         ,Mathew,Clement,Clear,Angle,no,no,no,no,no,False
102832798,METROPOLITAN NASHVILLE POLICE DEPT,20200710765,Davidson,Nashville,11/15/2020 2:06:00 PM,2,0,0,36.193670,-86.807030,10TH AVN,,,,0.00,,,GREAT CIRCLE RD,,,,0.00,Y,Four-Way, ,Non-Junction,None,,,         ,Chad,Connors,,Front to Rear,no,no,no,no,no,False
102832806,METROPOLITAN NASHVILLE POLICE DEPT,20200710914,Davidson,Nashville,11/15/2020 12:00:00 AM,2,2,0,36.068200,-86.719110,NOLENSVILLE PKE,,,,0.00,,,HAYWOOD LN,,,,0.00,Y,T-Intersection,N,Intersection-Related,None,,,         ,Darci,Stechman,,"Sideswipe, Same Direction",no,no,no,no,yes,False
102832811,METROPOLITAN NASHVILLE POLICE DEPT,20200710915,Davidson,Nashville,11/15/2020 5:58:00 PM,2,0,0,36.164240,-86.819900,28TH AVN,,,,0.00,,,ALBION ST,,,,0.00,Y,Four-Way, ,Intersection,None,,,         ,Jacob,Krispin,,Angle,no,no,no,no,no,False
102832826,METROPOLITAN NASHVILLE POLICE DEPT,20200710964,Davidson,Nashville,11/15/2020 7:16:00 PM,2,1,0,36.062900,-86.716910,NOLENSVILLE PKE,,,,0.00,,,FAIRLANE DR,,,,0.00,Y,T-Intersection,Y,Intersection,None,,,         ,Laura,Williams,,Angle,no,no,no,no,no,False
102832833,METROPOLITAN NASHVILLE POLICE DEPT,20200710884,Davidson,Nashville,11/15/2020 5:59:00 PM,2,0,0,36.157630,-86.822750,I 40,,,,0.00,,,,,,,205.95,N,Not at Intersection,N,Non-Junction,None,,,         ,Ryan,Malone,Clear,Front to Rear,no,no,no,no,yes,False
102832835,METROPOLITAN NASHVILLE POLICE DEPT,20200710978,Davidson,Nashville,11/15/2020 7:22:00 PM,2,0,0,36.064760,-86.621700,HAMILTON CHURCH RD,,,,121.00,Feet,East,OWENDALE DR,,,,0.00,N,Not at Intersection, ,Non-Junction,None,,,         ,Lisa,Beck,,"Sideswipe, Same Direction",no,no,no,no,yes,False
102832847,METROPOLITAN NASHVILLE POLICE DEPT,20200710777,Davidson,Nashville,11/15/2020 4:06:00 PM,2,0,0,36.156900,-86.833950,CLIFTON AV,,,,0.00,,,,,,,0.00,,,N,Non-Junction,None,,,         ,Andrew,McCarron,Clear,Front to Rear,no,no,no,yes,yes,False
102832849,METROPOLITAN NASHVILLE POLICE DEPT,20200710994,Davidson,Nashville,11/15/2020 7:40:00 PM,2,1,0,36.233110,-86.724810,GALLATIN PKE,,,,164.00,Feet,South,JOYCE LN,,,,0.00,N,Not at Intersection,N,Non-Junction,None,,,         ,Randy,Puckett,,Front to Rear,yes,no,no,no,no,False
102832850,METROPOLITAN NASHVILLE POLICE DEPT,20200711039,Davidson,Nashville,11/15/2020 12:00:00 AM,1,0,0,36.141650,-86.627760,BELL RD,,,,198.00,Feet,North,ELM HILL PKE,,,,0.00,N,Not at Intersection, ,,None,,,         ,Zaire,Murray,,,no,no,no,no,no,False
102832857,METROPOLITAN NASHVILLE POLICE DEPT,20200710845,Davidson,Nashville,11/15/2020 5:35:00 PM,2,0,0,36.128900,-86.790740,ASHWOOD AV,,,,155.00,Feet,West,EASTWOOD AV,,,,0.00,N,Not at Intersection, ,Non-Junction,None,,,         ,Savannah,Starbuck,,Front to Rear,no,no,no,no,no,False
102832874,METROPOLITAN NASHVILLE POLICE DEPT,20200710811,Davidson,Nashville,11/15/2020 5:10:00 PM,1,0,0,36.145560,-86.858020,WHITE BRIDGE PKE,,,,204.00,Feet,North,BURGESS AV,,,,0.00,N,Not at Intersection,N,Non-Junction,None,,,         ,Andrew,McCarron,Clear,Not Collision with Motor Vehicle in Transport,no,no,no,no,yes,False
102832875,GOODLETTSVILLE POLICE DEPT,20-33572,Davidson,Goodlettsville,11/15/2020 4:26:00 AM,1,0,0,36.318680,-86.702310,I 65,,,,0.00,,,,,,,96.60,N,Not at Intersection,N,Non-Junction,None,,,         ,Nicholas,Given,Clear,Not Collision with Motor Vehicle in Transport,no,no,no,no,yes,False
102832887,METROPOLITAN NASHVILLE POLICE DEPT,20200710859,Davidson,Nashville,11/15/2020 5:55:00 PM,2,0,0,36.250460,-86.688830,CENTER ST,,,,0.00,Feet,,NEELYS BEND RD,,,,0.00,Y,Four-Way,N,Intersection,None,,,         ,Matthew,Hogan,Clear,Angle,no,no,no,no,no,False
102832899,METROPOLITAN NASHVILLE POLICE DEPT,20200711060,Davidson,Nashville,11/15/2020 8:41:00 PM,2,1,0,36.154720,-86.779120,8TH AVS,,,,33.00,Feet,North,LAFAYETTE ST,,,,0.00,N,Not at Intersection,N,Non-Junction,None,,,         ,Matthew,Mrowiec,Clear,Angle,no,no,no,no,no,False
102832900,METROPOLITAN NASHVILLE POLICE DEPT,20200711144,Davidson,Nashville,11/15/2020 9:45:00 PM,2,2,0,36.050730,-86.646910,BELL RD,,,,0.00,,,HICKORY HOLLOW TER,,,,0.00,Y,Four-Way,N,Intersection,None,,,         ,John,Jones,,Front to Rear,no,no,no,no,no,False
102832931,METROPOLITAN NASHVILLE POLICE DEPT,20200711178,Davidson,Nashville,11/15/2020 10:42:00 PM,2,0,0,36.138240,-86.765180,HAMILTON AV,,,,309.00,Feet,West,RAINS AV,,,,0.00,N,Not at Intersection,N,Non-Junction,None,,,         ,Tim,Le,,"Sideswipe, Same Direction",no,no,no,no,yes,False
102832934,GOODLETTSVILLE POLICE DEPT,20-33643,Davidson,Goodlettsville,11/15/2020 10:34:00 PM,2,0,0,36.295710,-86.726820,DICKERSON PKES,,,,50.00,Feet,West,ROBERT CARTWRIGHT DR,,,,0.00,N,Not at Intersection,N,Non-Junction,None,,,         ,Alexander,Bardill,Clear,Angle,no,no,no,no,no,False
102832941,METROPOLITAN NASHVILLE POLICE DEPT,20200711172,Davidson,Nashville,11/15/2020 10:30:00 PM,2,0,0,36.183540,-86.610730,DODSON CHAPEL RD,,,,4.00,Feet,South,STATE HWY 45,,,,0.00,N,Not at Intersection,Y,Non-Junction,None,,,         ,Clayton,Smith,Clear,Angle,no,no,no,no,no,False
102832960,METROPOLITAN NASHVILLE POLICE DEPT,20200711351,Davidson,Nashville,11/16/2020 12:15:00 AM,2,0,0,36.068170,-86.682990,ANTIOCH PKE,,,,428.00,Feet,South,RICHARDS RD,,,,0.00,N,Not at Intersection,N,Non-Junction,None,,,         ,Alex,DiBernardo,,Angle,no,no,no,no,yes,False
102832967,METROPOLITAN NASHVILLE POLICE DEPT,20200711379,Davidson,Nashville,11/16/2020 1:00:00 AM,1,0,0,36.126910,-86.695940,BRILEY PKWY,,,,116.00,Feet,South,INTERNATIONAL PLZ,,,,0.00,N,Not at Intersection,N,Non-Junction,None,,,         ,Bridget,Griepentrog,,Not Collision with Motor Vehicle in Transport,no,no,no,no,yes,False
102832983,METROPOLITAN NASHVILLE POLICE DEPT,20200711306,Davidson,Nashville,11/16/2020 12:05:00 AM,2,0,0,36.158480,-86.777120,DEMONBREUN ST,,,,0.00,Feet,,5TH AVS,,,,0.00,Y,Four-Way,N,Intersection,None,,,         ,Michael,Suagua,Clear,Front to Rear,no,no,no,no,yes,False
102832999,METROPOLITAN NASHVILLE POLICE DEPT,20200711407,Davidson,Nashville,11/16/2020 12:00:00 AM,1,1,0,36.123550,-86.773090,I 65,,,,0.00,,,,,,,80.60,N,Not at Intersection,N,Non-Junction,None,,,         ,Steven,Luckey,,Not Collision with Motor Vehicle in Transport,no,no,no,no,no,False
102833012,METROPOLITAN NASHVILLE POLICE DEPT,20200711570,Davidson,Nashville,11/16/2020 5:00:00 AM,2,0,0,36.194860,-86.779790,BAPTIST WORLD CENTER DR,,,,0.00,,,VASHTI ST,,,,0.00,Y,T-Intersection, ,Intersection,None,,,         ,Joshua,Asbell,,Angle,no,no,no,no,no,False
102833013,METROPOLITAN NASHVILLE POLICE DEPT,2020-0711535,Davidson,Nashville,11/16/2020 3:30:00 AM,1,0,0,36.251660,-86.842360,CLARKSVILLE PKE,,,,0.00,,,LLOYD RD,,,,0.00,Y,T-Intersection, ,Intersection-Related,None,,,         ,Thomas,Clingan,Clear,Not Collision with Motor Vehicle in Transport,no,no,no,no,no,False
102833020,METROPOLITAN NASHVILLE POLICE DEPT,20200711608,Davidson,Nashville,11/16/2020 12:00:00 AM,1,0,0,36.159030,-86.703950,QUINN CIR,,,,127.00,Feet,South,LISA LN,,,,0.00,N,Not at Intersection,N,Non-Junction,None,,,         ,Meghan,Pope,,Unknown,no,no,no,no,yes,False
102833022,METROPOLITAN NASHVILLE POLICE DEPT,20200711269,Davidson,Nashville,11/15/2020 11:46:00 PM,2,0,0,36.174730,-86.614260,CENTRAL PKE,,,,0.00,,,DODSON CHAPEL RD,,,,0.00,Y,Four-Way, ,Intersection,None,,,         ,Jeremy,Arnold,,Angle,no,no,no,no,no,False
102833066,METROPOLITAN NASHVILLE POLICE DEPT,20200711685,Davidson,Nashville,11/16/2020 7:12:00 AM,2,0,0,36.133240,-86.764950,RAINS AV,,,,100.00,Feet,North,WEDGEWOOD AV,,,,0.00,N,Not at Intersection, ,Non-Junction,None,,,         ,Earl,Davis,,Angle,no,no,no,no,no,False
102833081,METROPOLITAN NASHVILLE POLICE DEPT,20200711741,Davidson,Nashville,11/16/2020 7:50:00 AM,2,0,0,36.045640,-86.720090,OLD HICKORY BLVD,,,,95.00,Feet,West,ZERMATT AV,,,,0.00,N,Not at Intersection,N,Non-Junction,None,,,         ,Gregory,Scott,,Front to Rear,no,no,no,no,no,False
102833100,METROPOLITAN NASHVILLE POLICE DEPT,20200711713,Davidson,Nashville,11/16/2020 7:34:00 AM,2,0,0,36.052850,-86.674660,TUSCULUM RD,,,,0.00,,,SHACKLETT LANE CT,,,,0.00,Y,Four-Way, ,Intersection-Related,None,,,         ,Stanley,Collins,Clear,Angle,no,no,no,no,no,False
102833120,METROPOLITAN NASHVILLE POLICE DEPT,20200711745,Davidson,Nashville,11/16/2020 7:50:00 AM,2,0,0,36.206440,-86.776490,I 65,,,,0.00,,,,,,,87.30,N,Not at Intersection,N,Non-Junction,None,,,         ,Jedidayah,Merriweather,,Front to Rear,no,no,no,no,no,False
102833128,METROPOLITAN NASHVILLE POLICE DEPT,20200711790,Davidson,Nashville,11/16/2020 8:10:00 AM,3,0,0,36.086860,-86.695950,HARDING PL,,,,0.00,,,S PERIMETER PARK DR,,,,0.00,Y,T-Intersection,N,Intersection-Related,None,,,         ,Joe,Hooper,Clear,"Sideswipe, Same Direction",no,no,no,no,yes,False
102833144,METROPOLITAN NASHVILLE POLICE DEPT,20200711802,Davidson,Nashville,11/16/2020 8:32:00 AM,2,0,0,36.160250,-86.782960,COMMERCE ST,,,,0.00,,,ROSA L PARKS BLVD,,,,0.00,Y,Four-Way,N,Intersection,None,,,         ,Erik,Wagner,,Angle,no,no,no,no,no,False
102833156,METROPOLITAN NASHVILLE POLICE DEPT,20200711938,Davidson,Nashville,11/16/2020 10:16:00 AM,2,0,0,36.173590,-86.602150,CENTRAL PKE,,,,0.00,,,OLD HICKORY BLVD,,,,0.00,Y,Four-Way,N,Intersection,None,,,         ,Michael,Dance,Clear,Angle,no,no,no,no,yes,False
102833157,METROPOLITAN NASHVILLE POLICE DEPT,20200705713,Davidson,Nashville,11/12/2020 4:03:00 PM,2,1,0,36.100110,-86.871250,US HWY 70S,,,,32.00,Feet,West,STATE HWY 100,,,,0.00,N,Not at Intersection,N,Non-Junction,None,,,         ,Joseph,Jakes,Clear,Angle,no,no,no,no,no,False
102833168,METROPOLITAN NASHVILLE POLICE DEPT,20200711664,Davidson,Nashville,11/16/2020 6:30:00 AM,2,0,0,36.146880,-86.777120,I40 W ENT RAMP,,,,0.00,,,I40 E ENT RAMP,,,,0.00,Y,OTHER, ,Non-Junction,None,,,         ,Sean,Pulizzano,Clear,"Sideswipe, Same Direction",no,no,no,no,no,False
102833173,METROPOLITAN NASHVILLE POLICE DEPT,20200711911,Davidson,Nashville,11/16/2020 10:02:00 AM,3,0,0,36.111030,-86.746800,THOMPSON LN,,,,0.00,,,GRANDVIEW AV,,,,0.00,Y,T-Intersection, ,Intersection,None,,,         ,Earl,Davis,,Angle,no,no,no,no,no,False
102833174,METROPOLITAN NASHVILLE POLICE DEPT,20200711910,Davidson,Nashville,11/16/2020 9:40:00 AM,2,0,0,36.065230,-86.626540,HAMILTON CHURCH RD,,,,592.00,Feet,East,MURFREESBORO PKE,,,,0.00,N,Not at Intersection, ,Non-Junction,None,,,         ,Jason,Hees,,Front to Rear,no,no,no,no,no,False
102833190,METROPOLITAN NASHVILLE POLICE DEPT,20200711906,Davidson,Nashville,11/16/2020 9:56:00 AM,2,0,0,36.139510,-86.700310,KAREN DR,,,,0.00,,,BRILEY PKWY,,,,0.00,Y,Four-Way, ,,None,,,         ,Michael,Brooks,,,no,no,no,no,no,False
102833203,METROPOLITAN NASHVILLE POLICE DEPT,20200711999,Davidson,Nashville,11/16/2020 10:40:00 AM,2,0,0,36.191090,-86.775430,I 24,,,,0.00,,,,,,,46.80,N,Not at Intersection,N,Non-Junction,None,,,         ,Brandon,Evans,,Front to Rear,no,no,no,no,no,False
102833216,METROPOLITAN NASHVILLE POLICE DEPT,20200712085,Davidson,Nashville,11/16/2020 11:51:00 AM,2,0,0,36.238810,-86.723860,GALLATIN PKES,,,,0.00,,,GALLATIN PKE,,,,0.00,Y,T-Intersection,N,Intersection,None,,,         ,Dillon,Hunt,,Front to Rear,no,no,no,no,yes,False
102833227,METROPOLITAN NASHVILLE POLICE DEPT,20200711863,Davidson,Nashville,11/16/2020 9:18:00 AM,2,3,0,36.217970,-86.746120,ELLINGTON PKWY N ENT RAMP,,,,0.00,Feet,East,ELLINGTON PKWY N EXT RAMP,,,,0.00,N,Not at Intersection,N,Non-Junction,None,,,         ,Torrance,Bennett,,Front to Rear,no,no,no,no,no,False
102833230,METROPOLITAN NASHVILLE POLICE DEPT,20200711751,Davidson,OTHER,11/16/2020 7:50:00 AM,2,0,0,36.059400,-86.599650,HAMILTON CHURCH RD,,,,646.00,Feet,West,HOBSON PKE,,,,0.00,N,Not at Intersection,N,Non-Junction,None,,,         ,Shawn,Kaelin,Clear,"Sideswipe, Opposite Direction",no,no,no,no,no,False
102833233,METROPOLITAN NASHVILLE POLICE DEPT,20200712062,Davidson,Nashville,11/16/2020 11:30:00 AM,2,0,0,36.038210,-86.720490,SWISS AV,,,,359.00,Feet,South,ZERMATT AV,,,,0.00,N,Not at Intersection, ,Non-Junction,None,,,         ,Earl,Davis,,"Sideswipe, Same Direction",no,no,no,no,no,False
102833235,METROPOLITAN NASHVILLE POLICE DEPT,20200712059,Davidson,Nashville,11/16/2020 11:26:00 AM,4,1,0,36.150960,-86.750180,I 40,,,,0.00,,,,,,,211.60,N,Not at Intersection,N,Non-Junction,None,,,         ,Michael,Dance,,"Sideswipe, Same Direction",no,no,no,no,no,False
102833240,METROPOLITAN NASHVILLE POLICE DEPT,2020-0710526,Davidson,Nashville,11/15/2020 1:22:00 PM,2,0,0,36.065780,-86.717530,NOLENSVILLE PKE,,,,343.00,Feet,South,NORTHCREST DR,,,,0.00,N,Not at Intersection, ,Non-Junction,None,,,         ,Sean,Williams,,Front to Rear,no,no,no,no,no,False
102833242,METROPOLITAN NASHVILLE POLICE DEPT,20200712056,Davidson,Nashville,11/16/2020 10:45:00 AM,2,0,0,36.046430,-86.654700,HICKORY HOLLOW PKWY,,,,0.00,,,HICKORY HOLLOW LN,,,,0.00,Y,Four-Way,N,Intersection,None,,,         ,Joe,Hooper,,Angle,no,no,no,no,no,False
102833263,METROPOLITAN NASHVILLE POLICE DEPT,20200712109,Davidson,Nashville,11/16/2020 8:34:00 AM,1,0,0,36.055500,-86.678470,TOMARAND RD,,,,231.00,Feet,North,SHIHMEN DR,,,,0.00,N,Not at Intersection, ,Non-Junction,None,,,         ,Stanley,Collins,,Not Collision with Motor Vehicle in Transport,no,no,no,yes,yes,False
102833266,METROPOLITAN NASHVILLE POLICE DEPT,20200712007,Davidson,Nashville,11/16/2020 10:35:00 AM,2,0,0,36.149210,-86.774940,I 40,,,,0.00,,,,,,,210.10,N,Not at Intersection, ,Non-Junction,None,,,         ,Rachel,Susee,,Angle,no,no,no,no,no,False
102833274,METROPOLITAN NASHVILLE POLICE DEPT,20200712119,Davidson,Nashville,11/16/2020 12:11:00 PM,2,1,0,36.040870,-86.773710,OLD HICKORY BLVD,,,,75.00,Feet,West,HEALTH PARK DR,,,,0.00,N,Not at Intersection,N,Non-Junction,None,,,         ,Earl,Davis,,Front to Rear,no,no,no,no,no,False
102833314,METROPOLITAN NASHVILLE POLICE DEPT,20200711892,Davidson,Not in City Limit,11/16/2020 9:10:00 AM,2,0,0,36.266530,-86.690110,N DUPONT AV,,,,0.00,,,MYATT DR,,,,0.00,Y,Four-Way,Y,Intersection,None,,,         ,Michael,Evans,,Angle,no,no,no,no,no,False
102833325,METROPOLITAN NASHVILLE POLICE DEPT,20200712204,Davidson,Nashville,11/16/2020 12:50:00 PM,2,0,0,36.140300,-86.879030,CHARLOTTE PKE,,,,82.00,Feet,East,RUSSLEO DR,,,,0.00,N,Not at Intersection,N,Non-Junction,None,,,         ,Esther,Poysti,Clear,Angle,no,no,no,no,no,False
102833326,METROPOLITAN NASHVILLE POLICE DEPT,20200712076,Davidson,Nashville,11/16/2020 12:00:00 AM,2,0,0,36.168860,-86.600540,OLD HICKORY BLVD,,,,130.00,Feet,North,MILLS RD,,,,0.00,N,Not at Intersection,Y,Non-Junction,None,,,         ,MIchael,Mihajlov,,Angle,no,no,no,no,no,False
102833327,METROPOLITAN NASHVILLE POLICE DEPT,20200712241,Davidson,Nashville,11/16/2020 1:27:00 PM,2,0,0,36.075270,-86.639390,MURFREESBORO PKE,,,,362.00,Feet,North,RURAL HILL RD,,,,0.00,N,Not at Intersection,N,Non-Junction,None,,,         ,Michael,Dance,,Angle,no,no,no,no,no,False
102833339,METROPOLITAN NASHVILLE POLICE DEPT,20200712191,Davidson,Nashville,11/16/2020 12:55:00 PM,2,0,0,36.188710,-86.816710,25TH AVN,,,,134.00,Feet,North,DOWLAN ST,,,,0.00,N,Not at Intersection, ,Non-Junction,None,,,         ,Keith,Parlato,Clear,Rear to Side,no,no,no,no,no,False
102833340,METROPOLITAN NASHVILLE POLICE DEPT,20200712181,Davidson,Nashville,11/16/2020 12:47:00 PM,1,0,0,36.118010,-86.800850,I 440,,,,0.00,,,,,,,3.15,N,Not at Intersection,N,Non-Junction,None,,,         ,Earl,Davis,,Not Collision with Motor Vehicle in Transport,no,no,no,no,yes,False
102833346,METROPOLITAN NASHVILLE POLICE DEPT,20200712215,Davidson,Not in City Limit,11/16/2020 12:47:00 PM,2,0,0,35.996870,-86.689890,CONCORD RD,,,,0.00,Feet,North,NOLENSVILLE PKE,,,,0.00,N,Not at Intersection, ,,None,,,         ,Cynthia,Quirouette,,,no,no,no,no,no,False
102833350,METROPOLITAN NASHVILLE POLICE DEPT,20200710682,Davidson,Nashville,11/15/2020 3:53:00 PM,2,0,0,36.251150,-86.718220,GALLATIN PKES,,,,11.00,Feet,North,BRINK HAVEN AV,,,,0.00,N,Not at Intersection, ,Non-Junction,None,,,         ,Dylan,Ramos,,"Sideswipe, Opposite Direction",no,no,no,yes,yes,False
102833351,METROPOLITAN NASHVILLE POLICE DEPT,20200712207,Davidson,Nashville,11/16/2020 1:06:00 PM,2,0,0,36.158410,-86.790610,GEORGE L DAVIS BLVD,,,,0.00,,,CHURCH ST,,,,0.00,Y,Four-Way, ,Intersection,None,,,         ,Joshua,Reece,Clear,Angle,no,no,no,no,no,False
102833361,METROPOLITAN NASHVILLE POLICE DEPT,20200712248,Davidson,Nashville,11/16/2020 1:10:00 PM,1,0,0,36.217120,-86.746900,ELLINGTON PKWY N EXT RAMP,,,,0.00,Feet,East,ELLINGTON PKWYN,,,,0.00,N,Not at Intersection,N,Entrance/Exit Ramp Related,None,,,         ,Brandon,Evans,,Not Collision with Motor Vehicle in Transport,no,no,no,no,no,False
102833384,METROPOLITAN NASHVILLE POLICE DEPT,20200712338,Davidson,Nashville,11/16/2020 12:00:00 AM,1,1,0,36.155650,-86.789720,I40 E ENT RAMP,,,,0.00,Feet,,BROADWAY,,,,0.00,Y,Four-Way,N,Intersection-Related,None,,,         ,Jacob,Robbins,,Not Collision with Motor Vehicle in Transport,yes,no,no,no,yes,False
102833389,METROPOLITAN NASHVILLE POLICE DEPT,20200712362,Davidson,Nashville,11/16/2020 2:51:00 PM,2,0,0,36.144000,-86.718080,ELM HILL PKE,,,,396.00,Feet,East,WRIGHT INDUSTRIES PVTDR,,,,0.00,N,Not at Intersection,N,Non-Junction,None,,,         ,Adam,Warren,,Angle,no,no,no,no,no,False
102833395,METROPOLITAN NASHVILLE POLICE DEPT,20200712310,Davidson,Nashville,11/16/2020 2:20:00 PM,2,0,0,36.133660,-86.896010,I 40,,,,0.00,,,,,,,201.30,N,Not at Intersection, ,Non-Junction,None,,,         ,Gerry,Hutcheson,Clear,Front to Rear,no,no,no,no,no,False
102833405,METROPOLITAN NASHVILLE POLICE DEPT,20200712311,Davidson,Nashville,11/16/2020 2:23:00 PM,1,1,0,36.150750,-86.781870,DIVISION ST,,,,178.00,Feet,West,10TH AVS,,,,0.00,N,Not at Intersection,N,Non-Junction,None,,,         ,Russell,Freeman,Clear,Not Collision with Motor Vehicle in Transport,no,no,no,no,no,False
102833409,METROPOLITAN NASHVILLE POLICE DEPT,20200712343,Davidson,Nashville,11/16/2020 2:43:00 PM,2,0,0,36.152030,-86.784110,11TH AVS,,,,60.00,Feet,North,12TH AVS,,,,0.00,N,Not at Intersection, ,Non-Junction,None,,,         ,Joshua,Reece,Clear,Other,no,no,no,no,no,False
102833410,THP District 9 - Administrative,320065035,Davidson,Nashville,11/13/2020 2:30:00 PM,2,0,0,36.167150,-86.779610,3RD AVN,,,,0.00,,,JAMES ROBERTSON PKWY,,,,0.00,Y,Four-Way,N,Intersection,None,,,         ,Trae,Dickson,Clear,Angle,no,no,no,no,no,False
102833411,METROPOLITAN NASHVILLE POLICE DEPT,20200712356,Davidson,Nashville,11/16/2020 3:00:00 PM,2,0,0,36.158560,-86.790310,CHURCH ST,,,,104.00,Feet,East,GEORGE L DAVIS BLVD,,,,0.00,N,Not at Intersection, ,Non-Junction,None,,,         ,Russell,Freeman,Clear,Front to Rear,no,no,no,no,no,False