master_record_number,agency,agency_tracking_number,county,city,collision_date,vehicles_involved,number_injured,number_dead,latitude,longitude,roadway_name,roadway_suffix,roadway_number,roadway_local_id,distance_from_reference,miles-feet_indicator,direction_from_reference,intersection_road_name,intersection_road_name_suffix,intersection_road_number,intersection_local_id,mile_marker,intersection_indicator,intersect_type,interchange_related_indicator,relation_to_junction,work_zone_type,construction_maintenance_zone,construction_maintenance_zone_location,fatal_case_number,officer_first_name,officer_last_name,weather_condition(s),manner_of_crash,pedestrian,bicycle,scooter,parking,hitrun,mou
102833418,METROPOLITAN NASHVILLE POLICE DEPT,20200712387,Davidson,Antioch,11/16/2020 1:40:00 PM,1,0,0,36.072330,-86.598340,DOVE CREEK RD,,,,219.00,Feet,North,QUAISE MOORE,,,,0.00,N,Not at Intersection, ,,None,,,         ,Luis,Pena,,,no,no,no,no,no,False
102833419,METROPOLITAN NASHVILLE POLICE DEPT,20200712418,Davidson,Not in City Limit,11/16/2020 3:20:00 PM,1,1,0,36.261340,-86.776150,BRICK CHURCH PKE,,,,471.00,Feet,South,BELLSHIRE DR,,,,0.00,N,Not at Intersection,N,Non-Junction,None,,,         ,Joshua,Goepper,Clear,Not Collision with Motor Vehicle in Transport,no,no,no,no,no,False
102833421,METROPOLITAN NASHVILLE POLICE DEPT,20200712381,Davidson,Not in City Limit,11/16/2020 2:50:00 PM,2,0,0,36.326350,-86.883080,I 24,,,,0.00,,,,,,,34.15,N,Not at Intersection,N,Non-Junction,None,,,         ,William,Boler,,Angle,no,no,no,no,yes,False
102833430,METROPOLITAN NASHVILLE POLICE DEPT,20200712408,Davidson,Nashville,11/16/2020 3:10:00 PM,2,0,0,36.241960,-86.757080,DICKERSON PKE,,,,0.00,,,DICKERSON PKE ENT RAMP,,,,0.00,Y,Four-Way,N,Intersection-Related,None,,,         ,Kyle,Lund,,Angle,no,no,no,no,no,False
102833433,METROPOLITAN NASHVILLE POLICE DEPT,20200712536,Davidson,Nashville,11/16/2020 4:20:00 PM,2,0,0,36.165710,-86.764170,I 24,,,,0.00,,,,,,,49.00,N,Not at Intersection, ,Non-Junction,None,,,         ,Donovan,Coble,Clear,Front to Rear,no,no,no,no,no,False
102833440,METROPOLITAN NASHVILLE POLICE DEPT,20200712521,Davidson,Nashville,11/16/2020 4:24:00 PM,1,1,0,36.101900,-86.764020,I65 N ENT RAMP,,,,0.00,Feet,East,I 65,,,,0.00,N,Not at Intersection,Y,Entrance/Exit Ramp Related,None,,,         ,Douglas,Sykes,,Not Collision with Motor Vehicle in Transport,no,no,no,no,no,False
102833445,METROPOLITAN NASHVILLE POLICE DEPT,20200712471,Davidson,Nashville,11/16/2020 3:40:00 PM,1,0,0,36.129720,-86.839550,VINE CT,,,,0.00,,,HARDING PKE,,,,0.00,Y,Four-Way,Y,Intersection-Related,None,,,         ,Brian,DeMarce,Clear,Not Collision with Motor Vehicle in Transport,no,no,no,no,no,False
102833446,METROPOLITAN NASHVILLE POLICE DEPT,20200712436,Davidson,Antioch,11/16/2020 3:29:00 PM,2,1,0,36.042010,-86.591440,POST OAK DR,,,,59.00,Feet,North,OLD HICKORY BLVD,,,,0.00,N,Not at Intersection,N,"Driveway, Alley Access, etc",None,,,         ,Matthew,Swindell,Clear,Angle,no,no,no,yes,no,False
102833447,METROPOLITAN NASHVILLE POLICE DEPT,20200712572,Davidson,Nashville,11/16/2020 4:01:00 PM,2,1,0,36.152820,-86.683410,ELM HILL PKE,,,,0.00,,,MCGAVOCK PKE,,,,0.00,Y,Four-Way,Y,Intersection,None,,,         ,Joseph,Simon,,Front to Rear,no,no,no,no,no,False
102833462,METROPOLITAN NASHVILLE POLICE DEPT,20200712439,Davidson,Nashville,11/16/2020 1:11:00 PM,2,0,0,36.141950,-86.816230,32ND AVS,,,,0.00,Feet,,WEST END AV,,,,0.00,Y,T-Intersection,Y,Intersection,None,,,         ,Emmanuel,Berger,,Angle,no,no,no,no,no,Campus
102833463,METROPOLITAN NASHVILLE POLICE DEPT,20200712401,Davidson,Nashville,11/16/2020 3:13:00 PM,1,0,0,36.172890,-86.769330,I 24,,,,0.00,,,,,,,48.25,N,Not at Intersection, ,Non-Junction,None,,,         ,Nicholas,Silinsky,,Not Collision with Motor Vehicle in Transport,no,no,no,no,no,False
102833466,METROPOLITAN NASHVILLE POLICE DEPT,20200712484,Davidson,Nashville,11/16/2020 3:25:00 PM,2,1,0,36.130190,-86.753310,POLK AV,,,,398.00,Feet,East,NOLENSVILLE PKE,,,,0.00,N,Not at Intersection,N,Non-Junction,None,,,         ,Beri,Scott,Clear,Front to Rear,no,no,no,no,no,False
102833472,METROPOLITAN NASHVILLE POLICE DEPT,20200712483,Davidson,Nashville,11/16/2020 3:56:00 PM,1,1,0,36.157980,-86.772640,2ND AVS,,,,0.00,,,KOREAN VETERANS BLVD,,,,0.00,Y,Four-Way,N,Intersection-Related,None,,,         ,Matthew,Mrowiec,Clear,Not Collision with Motor Vehicle in Transport,yes,no,no,no,no,False
102833473,METROPOLITAN NASHVILLE POLICE DEPT,20200712638,Davidson,Nashville,11/16/2020 5:29:00 PM,2,0,0,36.130500,-86.755370,NOLENSVILLE PKE,,,,154.00,Feet,North,POLK AV,,,,0.00,N,Not at Intersection, ,,None,,,         ,Douglas,Sykes,,,no,no,no,no,no,False
102833475,METROPOLITAN NASHVILLE POLICE DEPT,20200712614,Davidson,Antioch,11/16/2020 12:00:00 AM,1,1,0,36.032010,-86.612050,OLD HICKORY BLVD,,,,240.00,Feet,South,PRESERVE BLVD,,,,0.00,N,Not at Intersection,N,Non-Junction,None,,,         ,Maccio,Hightower,,Not Collision with Motor Vehicle in Transport,no,no,no,no,no,False
102833485,METROPOLITAN NASHVILLE POLICE DEPT,20200712579,Davidson,Nashville,11/16/2020 5:00:00 PM,3,0,0,36.113450,-86.723800,I 24,,,,0.00,,,,,,,53.40,N,Not at Intersection,N,Non-Junction,None,,,         ,Beri,Scott,Clear,Front to Rear,no,no,no,no,yes,False
102833494,METROPOLITAN NASHVILLE POLICE DEPT,20200712582,Davidson,Nashville,11/16/2020 5:11:00 PM,3,1,0,36.180370,-86.800280,I 65,,,,0.00,,,,,,,85.00,N,Not at Intersection,N,Non-Junction,None,,,         ,Nicholas,Berry,Clear,Front to Rear,no,no,no,no,no,False
102833496,METROPOLITAN NASHVILLE POLICE DEPT,20200712698,Davidson,Nashville,11/16/2020 6:25:00 PM,1,0,0,36.218610,-86.721270,MCALPINE AV,,,,799.00,Feet,East,WILLIAMS TER,,,,0.00,N,Not at Intersection, ,,None,,,         ,Randy,Puckett,,,no,no,no,no,no,False
102833504,METROPOLITAN NASHVILLE POLICE DEPT,20200712589,Davidson,Nashville,11/16/2020 5:15:00 PM,2,0,0,36.154190,-86.788140,I 40,,,,0.00,,,,,,,209.30,N,Not at Intersection,Y,Non-Junction,None,,,         ,Matthew,Mrowiec,Clear,Front to Rear,no,no,no,no,no,False
102833505,METROPOLITAN NASHVILLE POLICE DEPT,20200712664,Davidson,Nashville,11/16/2020 5:10:00 PM,2,0,0,36.221700,-86.761670,DICKERSON PKE,,,,0.00,,,HART LN,,,,0.00,Y,Y-Intersection, ,Intersection-Related,None,,,         ,Jeremy,Smith,,Front to Rear,no,no,no,no,no,False
102833506,METROPOLITAN NASHVILLE POLICE DEPT,20200712625,Davidson,Nashville,11/16/2020 5:42:00 PM,2,0,0,36.153380,-86.763950,I 40,,,,0.00,,,,,,,210.75,N,Not at Intersection, ,Non-Junction,None,,,         ,Emmanuel,Berger,,Front to Rear,no,no,no,no,no,False
102833509,METROPOLITAN NASHVILLE POLICE DEPT,20200712512,Davidson,Nashville,11/16/2020 7:11:00 PM,2,0,0,36.094080,-86.680370,AIRPARK CENTER DR,,,,382.00,Feet,North,HARDING PL,,,,0.00,N,Not at Intersection, ,Non-Junction,None,,,         ,Steven,Begley,,HeadOn,no,no,no,no,no,False
102833510,METROPOLITAN NASHVILLE POLICE DEPT,20200712668,Davidson,Nashville,11/16/2020 6:20:00 PM,2,1,0,36.040840,-86.773470,OLD HICKORY BLVD,,,,0.00,,,HEALTH PARK DR,,,,0.00,Y,Four-Way,N,Intersection,None,,,         ,Darci,Stechman,,Front to Rear,no,no,no,no,no,False
102833511,METROPOLITAN NASHVILLE POLICE DEPT,20200712529,Davidson,Nashville,11/16/2020 4:29:00 PM,2,0,0,36.219620,-86.727430,ARDEE AV,,,,0.00,,,GALLATIN PKE,,,,0.00,Y,Four-Way,N,Intersection,None,,,         ,Tyler,Heckaman,,Angle,no,no,no,no,yes,False
102833513,METROPOLITAN NASHVILLE POLICE DEPT,20200712679,Davidson,Nashville,11/16/2020 6:15:00 PM,2,0,0,36.252650,-86.829920,WHITES CREEK PKE,,,,59.00,Feet,North,BUENA VISTA PKE,,,,0.00,N,Not at Intersection, ,,None,,,         ,Mary,Hall,,,no,no,no,no,no,False
102833516,METROPOLITAN NASHVILLE POLICE DEPT,20200712661,Davidson,Nashville,11/16/2020 5:28:00 PM,2,2,0,36.107430,-86.768540,I 65,,,,0.00,,,,,,,79.55,N,Not at Intersection,N,Non-Junction,None,,,         ,Rami,Rouhi,,Angle,no,no,no,no,no,False
102833517,METROPOLITAN NASHVILLE POLICE DEPT,20200712499,Davidson,Nashville,11/16/2020 4:01:00 PM,2,2,0,36.220730,-86.625040,SOUTHFORK BLVD,,,,53.00,Feet,West,OLD HICKORY BLVD,,,,0.00,N,Not at Intersection,N,Non-Junction,None,,,         ,Cheri,Cox,,Angle,no,no,no,no,yes,False
102833519,METROPOLITAN NASHVILLE POLICE DEPT,20200712558,Davidson,Not in City Limit,11/16/2020 4:50:00 PM,2,0,0,36.269260,-86.755740,OLD HICKORY BLVDW,,,,0.00,Feet,,DICKERSON PKE,,,,0.00,Y,Four-Way,N,Intersection,None,,,         ,Matthew,Hogan,,"Sideswipe, Same Direction",no,no,no,no,no,False
102833521,METROPOLITAN NASHVILLE POLICE DEPT,20200712738,Davidson,Nashville,11/16/2020 5:16:00 PM,2,0,0,36.192800,-86.745450,DOUGLAS AV,,,,319.00,Feet,West,GALLATIN AV,,,,0.00,N,Not at Intersection, ,Non-Junction,None,,,         ,Randy,Puckett,,Angle,no,no,no,no,no,False
102833527,METROPOLITAN NASHVILLE POLICE DEPT,2020-0708780,Davidson,Nashville,11/14/2020 12:00:00 AM,1,0,0,36.153710,-86.721560,SPENCE LN,,,,0.00,,,LEBANON PKE,,,,0.00,Y,Four-Way, ,Non-Junction,None,,,         ,Frank,Walker,,Not Collision with Motor Vehicle in Transport,no,no,no,no,no,False
102833533,METROPOLITAN NASHVILLE POLICE DEPT,20200712449,Davidson,Nashville,11/16/2020 3:25:00 PM,2,2,0,36.126700,-86.711090,EAST THOMPSON LN,,,,0.00,,,MURFREESBORO PKE,,,,0.00,Y,Four-Way,Y,Intersection-Related,None,,,         ,Derek,Sibley,,Angle,no,no,no,no,no,False
102833535,METROPOLITAN NASHVILLE POLICE DEPT,20200712601,Davidson,Nashville,11/16/2020 5:22:00 PM,2,0,0,36.074740,-86.638900,MURFREESBORO PKE,,,,120.00,Feet,North,RURAL HILL RD,,,,0.00,N,Not at Intersection, ,,None,,,         ,Luis,Pena,,,no,no,no,no,no,False
102833541,METROPOLITAN NASHVILLE POLICE DEPT,20200712667,Davidson,Nashville,11/16/2020 5:00:00 PM,2,0,0,36.189060,-86.820700,ROSA L PARKS BLVD,,,,465.00,Feet,North,CLARKSVILLE PKE,,,,0.00,N,Not at Intersection,N,Non-Junction,None,,,         ,Jonathan,Sharp,,Angle,no,no,no,no,no,False
102833542,METROPOLITAN NASHVILLE POLICE DEPT,20200712678,Davidson,Nashville,11/16/2020 6:36:00 PM,2,1,0,36.167850,-86.820770,JEFFERSON ST,,,,9.00,Feet,East,28TH AVE N,,,,0.00,N,Not at Intersection,N,Non-Junction,None,,,         ,Cory,Fetner,,Other,no,no,no,no,no,False
102833543,METROPOLITAN NASHVILLE POLICE DEPT,20200712729,Davidson,Nashville,11/16/2020 7:25:00 PM,2,0,0,36.040160,-86.744680,OLD HICKORY BLVD,,,,359.00,Feet,West,EDMONDSON PKE,,,,0.00,N,Not at Intersection, ,Non-Junction,None,,,         ,Rami,Rouhi,,"Sideswipe, Same Direction",no,no,no,no,no,False
102833560,METROPOLITAN NASHVILLE POLICE DEPT,20200712611,Davidson,Nashville,11/16/2020 5:01:00 PM,2,0,0,36.173580,-86.602060,STATE HWY 265,,,,0.00,Feet,,STATE HWY 45,,,,0.00,Y,Four-Way,N,Intersection,None,,,         ,Joshua,Zambrano-Vera,,Angle,no,no,no,no,yes,False
102833571,METROPOLITAN NASHVILLE POLICE DEPT,20200712685,Davidson,Nashville,11/16/2020 5:15:00 PM,3,0,0,36.210110,-86.765880,DICKERSON PKE,,,,170.00,Feet,North,MARTIN AV,,,,0.00,N,Not at Intersection,N,Non-Junction,None,,,         ,Wade,Johnson,,"Sideswipe, Same Direction",no,no,no,no,no,False
102833572,METROPOLITAN NASHVILLE POLICE DEPT,20200712786,Davidson,Nashville,11/16/2020 5:10:00 PM,2,0,0,36.217900,-86.763040,DICKERSON PKE,,,,202.00,Feet,North,LORRAINE AV,,,,0.00,N,Not at Intersection, ,Non-Junction,None,,,         ,Jeremy,Smith,Clear,Angle,no,no,no,no,no,False
102833597,METROPOLITAN NASHVILLE POLICE DEPT,20200712711,Davidson,Nashville,11/16/2020 7:06:00 PM,2,0,0,36.072420,-86.670020,TERRAGON TRL,,,,213.00,Feet,North,VOLUNTEER DR,,,,0.00,N,Not at Intersection,N,Non-Junction,None,,,         ,Beri,Scott,,Angle,no,no,no,no,yes,False
102833622,METROPOLITAN NASHVILLE POLICE DEPT,20200712739,Davidson,Nashville,11/16/2020 5:19:00 PM,2,0,0,36.074544,-86.920915,HWY 70 S,,,,0.00,,,OLD HICKORY BLVD,,,,0.00,Y,Four-Way,N,Intersection,None,,,         ,Jeremy,Huffine,Clear,Angle,no,no,no,no,yes,False
102833644,METROPOLITAN NASHVILLE POLICE DEPT,20200712847,Davidson,Nashville,11/16/2020 5:11:00 PM,2,0,0,36.069050,-86.687370,I24 W EXT RAMP,,,,0.00,,,I 24,,,,0.00,Y,T-Intersection, ,Non-Junction,None,,,         ,Megan,Arnett,,Front to Rear,no,no,no,no,no,False
102833649,METROPOLITAN NASHVILLE POLICE DEPT,20200712426,Davidson,Nashville,11/16/2020 3:20:00 PM,3,3,0,36.241300,-86.633290,OLD HICKORY BLVD,,,,117.00,Feet,East,IRIS AV,,,,0.00,N,Not at Intersection,N,Non-Junction,None,,,         ,Wyatt,Blacker,,Front to Rear,no,no,no,no,yes,False
102833693,METROPOLITAN NASHVILLE POLICE DEPT,20200712505,Davidson,Nashville,11/16/2020 4:03:00 PM,2,0,0,36.157700,-86.759850,I 24,,,,0.00,,,,,,,49.60,N,Not at Intersection, ,Non-Junction,None,,,         ,Phillip,Burke,,"Sideswipe, Same Direction",no,no,no,no,no,False
102833698,METROPOLITAN NASHVILLE POLICE DEPT,20200713087,Davidson,Nashville,11/16/2020 11:05:00 PM,2,0,0,36.125280,-86.799030,SWEETBRIAR AV,,,,180.00,Feet,West,HAWTHORNE PL,,,,0.00,N,Not at Intersection,N,Non-Junction,None,,,         ,David,Barras,,Front to Rear,no,no,no,no,no,False
102833700,BELLE MEADE POLICE DEPT,20-0251,Davidson,Belle Meade,11/16/2020 9:43:00 PM,2,1,0,36.113080,-86.848200,WESTVIEW AV,,,,0.00,,,LYNNWOOD BLVD,,,,0.00,Y,T-Intersection,N,Intersection,None,,,         ,Katelyn,Cloxton,Clear,Angle,no,no,no,no,no,False
102833739,METROPOLITAN NASHVILLE POLICE DEPT,20200713462,Davidson,Nashville,11/17/2020 3:46:00 AM,4,0,0,36.046370,-86.668200,CEDAR POINTE PKWY,,,,601.00,Feet,North,BELL RD,,,,0.00,N,Not at Intersection,N,OtherLocation,None,,,         ,Alex,DiBernardo,Clear,Angle,no,no,no,yes,yes,False
102833743,METROPOLITAN NASHVILLE POLICE DEPT,20200713518,Davidson,Nashville,11/17/2020 4:36:00 AM,1,1,0,36.098120,-86.709610,I 24,,,,0.00,,,,,,,54.70,N,Not at Intersection,N,Non-Junction,None,,,         ,Autumn,Manning,,Not Collision with Motor Vehicle in Transport,no,no,no,no,no,False
102833792,METROPOLITAN NASHVILLE POLICE DEPT,20200713532,Davidson,Nashville,11/17/2020 4:16:00 AM,1,0,0,36.219520,-86.759910,CAPITOL VIEW AV,,,,26.00,Feet,East,ALHAMBRA CIR,,,,0.00,N,Not at Intersection,N,Non-Junction,None,,,         ,Eric,Cunningham,,Not Collision with Motor Vehicle in Transport,no,no,no,no,yes,False
102833823,METROPOLITAN NASHVILLE POLICE DEPT,20200713658,Davidson,Nashville,11/17/2020 7:10:00 AM,2,0,0,36.168340,-86.690190,BRILEY PKWY S EXT RAMP,,,,0.00,,,LEBANON PKE,,,,0.00,Y,T-Intersection, ,Intersection,None,,,         ,Michael,Dance,Clear,Front to Rear,no,no,no,no,no,False
102833827,METROPOLITAN NASHVILLE POLICE DEPT,20200713638,Davidson,Nashville,11/17/2020 6:49:00 AM,2,2,0,36.190890,-86.615190,OLD LEBANON DIRT RD,,,,0.00,,,OLD HICKORY BLVD,,,,0.00,Y,Four-Way,N,Intersection,None,,,         ,Michael,Brooks,Clear,Front to Rear,no,no,no,no,no,False
102833835,METROPOLITAN NASHVILLE POLICE DEPT,20200713619,Davidson,Nashville,11/17/2020 6:27:00 AM,2,1,0,36.250830,-86.718420,GALLATIN PKES,,,,19.00,Feet,North,MOVING CENTER CT,,,,0.00,N,Not at Intersection,N,Non-Junction,None,,,         ,Brian,Otto,,Angle,no,no,no,no,no,False
102833843,METROPOLITAN NASHVILLE POLICE DEPT,20200713684,Davidson,Nashville,11/17/2020 7:24:00 AM,2,0,0,36.214440,-86.691650,BRILEY PKWY N EXT RAMP,,,,409.00,Feet,South,BRILEY PKWYN,,,,0.00,N,Not at Intersection,N,Non-Junction,None,,,         ,Michael,Dance,Clear,"Sideswipe, Same Direction",no,no,no,no,yes,False
102833879,METROPOLITAN NASHVILLE POLICE DEPT,20200711654,Davidson,Nashville,11/16/2020 6:43:00 AM,4,4,1,36.058160,-86.621330,MURFREESBORO PKE,,,,0.61,Miles,South,HAMILTON CHURCH RD,,,,0.00,N,Not at Intersection,N,Non-Junction,None,,,20-1017  ,William,Waters,Clear,Angle,no,no,no,no,no,False
102833886,METROPOLITAN NASHVILLE POLICE DEPT,20200713734,Davidson,Nashville,11/17/2020 7:55:00 AM,2,1,0,36.053920,-86.898690,GAUCHO ROAD PVTDR,,,,0.00,,,OLD HICKORY BLVD,,,,0.00,Y,Four-Way,N,Intersection-Related,None,,,         ,Douglas,Atwood,Clear,Front to Rear,no,no,no,no,no,False
102833890,METROPOLITAN NASHVILLE POLICE DEPT,20200713062,Davidson,Nashville,11/16/2020 5:00:00 PM,2,0,0,36.090660,-86.626050,BELL RD,,,,175.00,Feet,East,SMITH SPRINGS RD,,,,0.00,N,Not at Intersection, ,,None,,,         ,Torry,Hill,,,no,no,no,no,no,False
102833892,METROPOLITAN NASHVILLE POLICE DEPT,20200713828,Davidson,Nashville,11/17/2020 7:30:00 AM,2,0,0,36.169310,-86.812600,I 40,,,,0.00,,,,,,,207.00,N,Not at Intersection, ,Non-Junction,None,,,         ,Esther,Poysti,Clear,Not Collision with Motor Vehicle in Transport,no,no,no,no,no,False
102833904,GOODLETTSVILLE POLICE DEPT,20-33807,Davidson,Goodlettsville,11/17/2020 8:30:00 AM,2,0,0,36.317820,-86.700400,CONFERENCE DR,,,,177.00,Feet,South,NORTHCREEK BLVD,,,,0.00,N,Not at Intersection, ,Non-Junction,None,,,         ,Brian,Hajdu,Clear,"Sideswipe, Same Direction",no,no,no,no,no,False
102833905,METROPOLITAN NASHVILLE POLICE DEPT,20200713782,Davidson,Nashville,11/17/2020 7:55:00 AM,2,0,0,36.048630,-86.664920,I 24,,,,0.00,,,,,,,59.00,N,Not at Intersection, ,Non-Junction,Construction Zone,,,         ,Joe,Hooper,Clear,Front to Rear,no,no,no,no,no,False
102833908,METROPOLITAN NASHVILLE POLICE DEPT,20200713865,Davidson,Nashville,11/17/2020 8:13:00 AM,2,1,0,36.079840,-86.696100,I 24,,,,0.00,,,,,,,56.20,N,Not at Intersection,N,Non-Junction,None,,,         ,Joe,Hooper,Clear,Front to Rear,no,no,no,no,no,False
102833933,METROPOLITAN NASHVILLE POLICE DEPT,20200713951,Davidson,Nashville,11/17/2020 9:48:00 AM,2,0,0,36.136560,-86.822110,I440 E EXT RAMP,,,,0.00,Feet,East,I 440,,,,0.00,N,Not at Intersection,N,Entrance/Exit Ramp Related,None,,,         ,Douglas,Atwood,Clear,Front to Rear,no,no,no,no,yes,False
102833939,METROPOLITAN NASHVILLE POLICE DEPT,20200712569,Davidson,Nashville,11/16/2020 4:55:00 PM,2,1,0,36.169260,-86.774860,JAMES ROBERTSON PKWY,,,,650.00,Feet,West,MAIN ST,,,,0.00,N,Not at Intersection,N,Non-Junction,None,,,         ,Joshua,Reece,Clear,Front to Rear,no,no,no,no,no,False
102833941,METROPOLITAN NASHVILLE POLICE DEPT,20200712224,Davidson,Nashville,11/16/2020 9:40:00 AM,2,0,0,36.190880,-86.799420,VANTAGE WAY CT,,,,148.00,Feet,West,VANTAGE WAY,,,,0.00,N,Not at Intersection,N,Non-Junction,None,,,         ,Robert,Marquez,Clear,Front to Rear,no,no,no,no,yes,False
102833945,METROPOLITAN NASHVILLE POLICE DEPT,20200712576,Davidson,Nashville,11/16/2020 5:10:00 PM,2,0,0,36.168590,-86.776400,JAMES ROBERTSON PKWY,,,,1209.00,Feet,West,N 1ST ST,,,,0.00,N,Not at Intersection,N,Non-Junction,None,,,         ,Russell,Freeman,Clear,Front to Rear,no,no,no,no,no,False
102833948,METROPOLITAN NASHVILLE POLICE DEPT,20200713921,Davidson,Nashville,11/17/2020 9:30:00 AM,2,0,0,36.074480,-86.920940,OLD HICKORY BLVD,,,,0.00,,,HIGHWAY 70S,,,,0.00,Y,Four-Way,N,Intersection,None,,,         ,Gerry,Hutcheson,,HeadOn,no,no,no,no,no,False
102833967,METROPOLITAN NASHVILLE POLICE DEPT,20200713715,Davidson,Nashville,11/17/2020 7:39:00 AM,3,2,0,36.152920,-86.754990,I 40,,,,0.00,,,,,,,211.30,N,Not at Intersection,N,Non-Junction,None,,,         ,Michael,Dance,,Front to Rear,no,no,no,no,no,False
102833971,METROPOLITAN NASHVILLE POLICE DEPT,20200714029,Davidson,Not in City Limit,11/17/2020 10:35:00 AM,1,4,0,36.299020,-86.811890,I 24,,,,0.00,,,,,,,38.85,N,Not at Intersection,N,Non-Junction,None,,,         ,Brian,Quigley,,Not Collision with Motor Vehicle in Transport,no,no,no,no,no,False
102833972,METROPOLITAN NASHVILLE POLICE DEPT,20200714039,Davidson,Nashville,11/17/2020 10:45:00 AM,1,0,0,36.156850,-86.632670,STEWARTS FERRY PKE,,,,0.00,,,LAUER DR,,,,0.00,Y,T-Intersection, ,Intersection-Related,None,,,         ,Michael,Brooks,,Not Collision with Motor Vehicle in Transport,no,no,no,no,no,False
102833993,METROPOLITAN NASHVILLE POLICE DEPT,20200711784,Davidson,Nashville,11/16/2020 8:20:00 AM,2,0,0,36.172840,-86.765340,S 5TH ST,,,,0.00,,,MAIN ST,,,,0.00,Y,Four-Way, ,,None,,,         ,William,Sutherland,,,no,no,no,no,no,False
102834010,METROPOLITAN NASHVILLE POLICE DEPT,20200714145,Davidson,Nashville,11/17/2020 11:51:00 AM,2,0,0,36.144150,-86.738620,I 40,,,,0.00,,,,,,,212.40,N,Not at Intersection, ,Non-Junction,None,,,         ,Michael,Brooks,Clear,"Sideswipe, Same Direction",no,no,no,no,no,False
102834028,METROPOLITAN NASHVILLE POLICE DEPT,20200714167,Davidson,Nashville,11/17/2020 11:30:00 AM,2,0,0,36.150650,-86.855890,CHARLOTTE PKE,,,,450.00,Feet,West,CHARLOTTE AV,,,,0.00,N,Not at Intersection, ,Non-Junction,None,,,         ,George,Spencer,Clear,"Sideswipe, Same Direction",no,no,no,no,no,False
102834075,METROPOLITAN NASHVILLE POLICE DEPT,20200714324,Davidson,Nashville,11/17/2020 1:20:00 PM,3,0,0,36.215510,-86.597660,ANDREW JACKSON PKWY,,,,143.00,Feet,North,LEBANON PKE,,,,0.00,N,Not at Intersection,N,Non-Junction,None,,,         ,Michael,Brooks,,Front to Rear,no,no,no,no,yes,False
102834114,METROPOLITAN NASHVILLE POLICE DEPT,20200714340,Davidson,Nashville,11/17/2020 1:28:00 PM,2,0,0,36.152820,-86.683410,ELM HILL PKE,,,,0.00,,,MCGAVOCK PKE,,,,0.00,Y,Four-Way,N,Intersection,None,,,         ,Michael,Dance,,Angle,no,no,no,no,no,False
102834127,METROPOLITAN NASHVILLE POLICE DEPT,20200714328,Davidson,Nashville,11/17/2020 12:30:00 PM,2,0,0,36.045480,-86.647290,MT VIEW RD,,,,0.00,Feet,,CROSSINGS BLVD,,,,0.00,Y,Four-Way, ,Intersection,None,,,         ,Nicholas,Carter,Clear,"Sideswipe, Same Direction",no,no,no,no,yes,False
102834137,METROPOLITAN NASHVILLE POLICE DEPT,20200714336,Davidson,Nashville,11/17/2020 12:30:00 PM,2,0,0,36.168570,-86.813360,JEFFERSON ST,,,,0.00,,,I40 E EXT RAMP,,,,0.00,Y,Y-Intersection, ,Entrance/Exit Ramp Related,None,,,         ,Isaac,Wood,,Front to Rear,no,no,no,no,no,False
102834177,METROPOLITAN NASHVILLE POLICE DEPT,20200714442,Davidson,Nashville,11/17/2020 2:07:00 PM,3,0,0,36.172410,-86.649860,LEBANON PKE,,,,133.00,Feet,West,DISSPAYNE DR,,,,0.00,N,Not at Intersection, ,Non-Junction,None,,,         ,Adam,Warren,,Front to Rear,no,no,no,no,no,False
102834187,METROPOLITAN NASHVILLE POLICE DEPT,20200714461,Davidson,Nashville,11/17/2020 2:15:00 PM,2,0,0,36.168590,-86.759650,SHELBY AV,,,,30.00,Feet,West,S 6TH ST,,,,0.00,N,Not at Intersection,N,Non-Junction,None,,,         ,Donovan,Coble,,Front to Rear,no,no,no,no,no,False
102834198,METROPOLITAN NASHVILLE POLICE DEPT,20200714541,Davidson,Nashville,11/17/2020 3:07:00 PM,2,1,0,36.143260,-86.666660,DONELSON PKE,,,,353.00,Feet,North,I40 W ENT RAMP,,,,0.00,N,Not at Intersection,N,Non-Junction,None,,,         ,Adam,Warren,,"Sideswipe, Same Direction",no,no,no,no,no,False
102834219,METROPOLITAN NASHVILLE POLICE DEPT,20200714538,Davidson,Nashville,11/17/2020 2:20:00 PM,2,0,0,36.137640,-86.820700,I440 W EXT RAMP,,,,0.00,Feet,East,I 440,,,,0.00,N,Not at Intersection,N,Entrance/Exit Ramp Related,None,,,         ,Douglas,Atwood,,Angle,no,no,no,no,no,False
102834236,METROPOLITAN NASHVILLE POLICE DEPT,20200714531,Davidson,Nashville,11/17/2020 3:20:00 PM,2,0,0,36.174400,-86.774190,OLDHAM ST,,,,0.00,,,N 1ST ST,,,,0.00,Y,Four-Way, ,Intersection,None,,,         ,Russell,Freeman,Clear,Angle,no,no,no,no,no,False
102834239,METROPOLITAN NASHVILLE POLICE DEPT,20200714553,Davidson,Nashville,11/17/2020 3:49:00 PM,2,0,0,36.246470,-86.720500,BERKLEY DR,,,,210.00,Feet,East,GALLATIN PKES,,,,0.00,N,Not at Intersection,N,Non-Junction,None,,,         ,Jarret,Sonnenberg,,Front to Rear,no,no,no,yes,no,False
102834268,METROPOLITAN NASHVILLE POLICE DEPT,20200714537,Davidson,Nashville,11/17/2020 3:30:00 PM,2,0,0,36.045180,-86.659160,BELL RD,,,,195.00,Feet,East,I24 E ENT RAMP,,,,0.00,N,Not at Intersection, ,Non-Junction,None,,,         ,John,Jones,Clear,Front to Rear,no,no,no,no,no,False