master_record_number,agency,agency_tracking_number,county,city,collision_date,vehicles_involved,number_injured,number_dead,latitude,longitude,roadway_name,roadway_suffix,roadway_number,roadway_local_id,distance_from_reference,miles-feet_indicator,direction_from_reference,intersection_road_name,intersection_road_name_suffix,intersection_road_number,intersection_local_id,mile_marker,intersection_indicator,intersect_type,interchange_related_indicator,relation_to_junction,work_zone_type,construction_maintenance_zone,construction_maintenance_zone_location,fatal_case_number,officer_first_name,officer_last_name,weather_condition(s),manner_of_crash,pedestrian,bicycle,scooter,parking,hitrun,mou
102834275,METROPOLITAN NASHVILLE POLICE DEPT,20200714705,Davidson,Nashville,11/17/2020 5:07:00 PM,2,0,0,36.077110,-86.734080,OVERCREST DR,,,,15.00,Feet,South,HARDING PL,,,,0.00,N,Not at Intersection, ,Non-Junction,None,,,         ,Ryan,Sherry,,Angle,no,no,no,no,no,False
102834276,METROPOLITAN NASHVILLE POLICE DEPT,20200714456,Davidson,Nashville,11/15/2020 11:45:00 PM,2,0,0,36.069440,-86.690770,I24 E EXT RAMP,,,,0.00,Feet,East,I 24,,,,0.00,N,Not at Intersection, ,Entrance/Exit Ramp Related,None,,,         ,Keegan,Winchell,Clear,Front to Rear,no,no,no,no,yes,False
102834279,METROPOLITAN NASHVILLE POLICE DEPT,20200714658,Davidson,Nashville,11/17/2020 4:30:00 PM,2,0,0,36.118210,-86.703620,WINTHORNE DR,,,,0.00,,,,,,,0.00,,,N,Non-Junction,None,,,         ,Austin,Binner,Clear,Front to Rear,no,no,no,no,no,False
102834281,METROPOLITAN NASHVILLE POLICE DEPT,20200714577,Davidson,Nashville,11/17/2020 2:46:00 PM,2,0,0,36.111280,-86.767200,POWELL AV,,,,123.00,Feet,North,OLD POWELL AV,,,,0.00,N,Not at Intersection,N,Non-Junction,None,,,         ,Edin,Plancic,,Front to Rear,no,no,no,yes,yes,False
102834284,METROPOLITAN NASHVILLE POLICE DEPT,20200714681,Davidson,Nashville,11/17/2020 4:51:00 PM,1,1,0,36.141260,-86.664450,I 40,,,,0.00,,,,,,,218.00,N,Not at Intersection,N,Non-Junction,None,,,         ,Jason,Milyaro Lucas,,Not Collision with Motor Vehicle in Transport,no,no,no,no,no,False
102834293,METROPOLITAN NASHVILLE POLICE DEPT,20200714687,Davidson,Nashville,11/17/2020 1:48:00 PM,3,0,0,36.090080,-86.890430,HARDING PKE,,,,84.00,Feet,West,ST LUKE DR,,,,0.00,N,Not at Intersection, ,Non-Junction,None,,,         ,Douglas,Atwood,Clear,Not Collision with Motor Vehicle in Transport,no,no,no,no,yes,False
102834299,METROPOLITAN NASHVILLE POLICE DEPT,20200714503,Davidson,Nashville,11/17/2020 2:47:00 PM,2,0,0,36.220170,-86.774830,I 65,,,,0.00,,,,,,,88.30,N,Not at Intersection, ,Entrance/Exit Ramp Related,None,,,         ,Gabriel,Centeno,,"Sideswipe, Same Direction",no,no,no,no,no,False
102834301,METROPOLITAN NASHVILLE POLICE DEPT,20200714723,Davidson,Not in City Limit,11/17/2020 5:15:00 PM,2,0,0,36.259330,-86.757780,DICKERSON PKE,,,,3.00,Feet,North,VILLAGE HILLS PVTDR,,,,0.00,N,Not at Intersection,N,Non-Junction,None,,,         ,Joshua,Goepper,,Angle,no,no,no,no,no,False
102834338,METROPOLITAN NASHVILLE POLICE DEPT,20200714757,Davidson,Not in City Limit,11/17/2020 2:00:00 PM,2,0,0,36.046330,-86.950740,TEMPLE RD,,,,318.00,Feet,North,HIGHWAY 100,,,,0.00,N,Not at Intersection, ,Non-Junction,None,,,         ,Gerry,Hutcheson,,Angle,no,no,no,no,no,False
102834341,METROPOLITAN NASHVILLE POLICE DEPT,20200714543,Davidson,Nashville,11/17/2020 3:22:00 PM,4,1,0,36.138540,-86.809860,BLAKEMORE AV,,,,301.00,Feet,East,31ST AVS,,,,0.00,N,Not at Intersection,Y,Non-Junction,None,,,         ,Emmanuel,Berger,,Front to Rear,no,no,no,no,no,Campus
102834350,METROPOLITAN NASHVILLE POLICE DEPT,20200714655,Davidson,Nashville,11/17/2020 4:06:00 PM,2,0,0,36.095970,-86.742550,ALLIED DR,,,,0.00,,,KEYSTONE AV,,,,0.00,Y,Four-Way, ,Non-Junction,None,,,         ,Brady,Reynolds,,Angle,no,no,no,no,no,False
102834351,METROPOLITAN NASHVILLE POLICE DEPT,20200714664,Davidson,Antioch,11/17/2020 3:30:00 PM,2,0,0,36.016400,-86.619990,OLD HICKORY BLVD,,,,165.00,Feet,South,FIRESTONE PKWY,,,,0.00,N,Not at Intersection,N,Non-Junction,None,,,         ,Matthew,Swindell,Clear,Angle,no,no,no,no,no,False
102834353,METROPOLITAN NASHVILLE POLICE DEPT,20200714749,Davidson,Nashville,11/17/2020 5:31:00 PM,2,0,0,36.238840,-86.757700,DICKERSON PKE,,,,113.00,Feet,South,I65 S ENT RAMP,,,,0.00,N,Not at Intersection,N,Non-Junction,None,,,         ,Wade,Johnson,,Front to Rear,no,no,no,no,no,False
102834364,METROPOLITAN NASHVILLE POLICE DEPT,20200714708,Davidson,Nashville,11/17/2020 5:05:00 PM,2,0,0,36.177490,-86.776100,COWAN ST,,,,222.00,Feet,North,SPRING ST,,,,0.00,N,Not at Intersection,N,Non-Junction,None,,,         ,Roy,Sain Jr.,,Front to Rear,no,no,no,no,yes,False
102834371,METROPOLITAN NASHVILLE POLICE DEPT,20200714773,Davidson,Nashville,11/17/2020 5:30:00 PM,2,0,0,36.046980,-86.655310,HICKORY HOLLOW PKWY,,,,269.00,Feet,North,HICKORY HOLLOW LN,,,,0.00,N,Not at Intersection,N,Non-Junction,None,,,         ,Cooper,HIll,Clear,Front to Rear,no,no,no,no,no,False
102834384,METROPOLITAN NASHVILLE POLICE DEPT,20200714441,Davidson,Nashville,11/17/2020 2:36:00 PM,2,0,0,36.152150,-86.857690,WHITE BRIDGE PKE,,,,100.00,Feet,North,I40 E EXT RAMP,,,,0.00,N,Not at Intersection, ,Non-Junction,None,,,         ,Andrew,McCarron,,Front to Rear,no,no,no,no,no,False
102834386,METROPOLITAN NASHVILLE POLICE DEPT,20200714800,Davidson,Nashville,11/17/2020 6:06:00 PM,2,1,0,36.077150,-86.734090,OVERCREST DR,,,,0.00,,,HARDING PL,,,,0.00,Y,T-Intersection,N,Intersection,None,,,         ,Tavin,Emlund,,Front to Rear,no,no,no,no,no,False
102834388,METROPOLITAN NASHVILLE POLICE DEPT,20200714918,Davidson,Nashville,11/17/2020 7:39:00 PM,1,0,0,36.187430,-86.602170,OLD LEBANON DIRT RD,,,,366.00,Feet,North,JACKSONS VALLEY RD,,,,0.00,N,Not at Intersection, ,Non-Junction,None,,,         ,Adam,Gartner,Clear,Not Collision with Motor Vehicle in Transport,no,no,no,no,no,False
102834400,METROPOLITAN NASHVILLE POLICE DEPT,20200714747,Davidson,Nashville,11/17/2020 5:20:00 PM,2,0,0,36.092810,-86.678860,HARDING PL,,,,0.00,,,DONELSON PKE,,,,0.00,Y,OTHER, ,Intersection-Related,None,,,         ,Marcus,Darden,,Front to Rear,no,no,no,no,no,False
102834407,METROPOLITAN NASHVILLE POLICE DEPT,20200714767,Davidson,Nashville,11/17/2020 5:51:00 PM,1,0,0,36.139710,-86.813310,31ST AVS,,,,0.00,,,WELLINGTON AV,,,,0.00,Y,T-Intersection,Y,Intersection,None,,,         ,Emmanuel,Berger,,Not Collision with Motor Vehicle in Transport,no,no,no,no,yes,Campus
102834409,METROPOLITAN NASHVILLE POLICE DEPT,20200714821,Davidson,Nashville,11/17/2020 6:35:00 PM,2,2,0,36.171000,-86.870400,BRILEY PKWY S ENT RAMP,,,,0.00,,,TDOT PVTDR,,,,0.00,Y,Y-Intersection,Y,Intersection-Related,None,,,         ,Andrew,McCarron,,Front to Rear,no,no,no,no,no,False
102834413,METROPOLITAN NASHVILLE POLICE DEPT,20200714938,Davidson,Nashville,11/17/2020 7:35:00 PM,2,0,0,36.046260,-86.657620,BELL RD,,,,127.00,Feet,East,COLLINS PARK DR,,,,0.00,N,Not at Intersection,N,Non-Junction,None,,,         ,Steven,Begley,,Front to Rear,no,no,no,no,no,False
102834415,METROPOLITAN NASHVILLE POLICE DEPT,20200714951,Davidson,Nashville,11/17/2020 8:03:00 PM,2,1,0,36.142590,-86.815500,WEST END AV,,,,0.00,Feet,East,31ST AVN,,,,0.00,N,Not at Intersection,N,Non-Junction,None,,,         ,Goran,Manojlovic,,"Sideswipe, Same Direction",no,no,no,no,no,Campus
102834418,METROPOLITAN NASHVILLE POLICE DEPT,20200714902,Davidson,Nashville,11/17/2020 7:23:00 PM,3,0,0,36.071870,-86.636180,MURFREESBORO PKE,,,,0.00,,,BELL RD,,,,0.00,Y,Four-Way, ,Intersection,None,,,         ,Steven,Powers,,Angle,no,no,no,no,yes,False
102834421,METROPOLITAN NASHVILLE POLICE DEPT,20200714770,Davidson,Nashville,11/17/2020 5:45:00 PM,2,2,0,36.142010,-86.815060,31ST AVS,,,,250.00,Feet,South,31ST AVN,,,,0.00,N,Not at Intersection,N,Non-Junction,None,,,         ,Andrew,Kooshian,Clear,Front to Rear,no,no,no,no,no,Campus
102834444,METROPOLITAN NASHVILLE POLICE DEPT,20200714969,Davidson,Not in City Limit,11/17/2020 3:48:00 PM,2,0,0,36.071070,-86.946980,TODD PREIS DR,,,,33.00,Feet,East,SAWYER BROWN RD,,,,0.00,N,Not at Intersection, ,,None,,,         ,Billy,Price,,,no,no,no,no,no,False
102834445,METROPOLITAN NASHVILLE POLICE DEPT,20200715047,Davidson,Nashville,11/17/2020 9:06:00 PM,2,0,0,36.152340,-86.690400,ELM HILL PKE,,,,0.00,,,ELM HILL PKE EB EXT RAMP,,,,0.00,Y,Four-Way, ,Intersection,None,,,         ,Jason,Milyaro Lucas,,Angle,no,no,no,no,yes,False
102834474,METROPOLITAN NASHVILLE POLICE DEPT,20200714967,Davidson,Nashville,11/17/2020 7:46:00 PM,2,0,0,36.248260,-86.747570,OLD DUE WEST AV,,,,333.00,Feet,East,SKYLINE MEMORIAL CT,,,,0.00,N,Not at Intersection,N,Non-Junction,None,,,         ,Kyle,Lund,,HeadOn,no,no,no,no,yes,False
102834491,METROPOLITAN NASHVILLE POLICE DEPT,20200715003,Davidson,Nashville,11/17/2020 6:35:00 PM,2,0,0,36.174690,-86.786060,4TH AVE N,,,,0.00,,,JEFFERSON ST,,,,0.00,Y,Four-Way,Y,Intersection,None,,,         ,Anna,Clayton,,Other,no,no,no,no,yes,False
102834498,METROPOLITAN NASHVILLE POLICE DEPT,20200714926,Davidson,Nashville,11/17/2020 5:00:00 PM,2,0,0,36.246490,-86.721280,GALLATIN PKES,,,,74.00,Feet,South,BERKLEY DR,,,,0.00,N,Not at Intersection, ,Non-Junction,None,,,         ,Matthew,Hogan,,Angle,no,no,no,no,no,False
102834513,METROPOLITAN NASHVILLE POLICE DEPT,20200715061,Davidson,Goodlettsville,11/17/2020 9:10:00 PM,2,1,0,36.326350,-86.700470,LONG HOLLOW PKE,,,,52.00,Feet,North,NORTHCREEK BLVD,,,,0.00,N,Not at Intersection,N,Non-Junction,None,,,         ,Joshua,Belk,,Rear to Side,no,no,no,no,yes,False
102834518,METROPOLITAN NASHVILLE POLICE DEPT,20200712610,Davidson,Nashville,11/16/2020 5:10:00 PM,2,0,0,36.111170,-86.748840,THOMPSON LN,,,,13.00,Feet,East,LANDERS AV,,,,0.00,N,Not at Intersection, ,Non-Junction,None,,,         ,Ebony,Brown,,HeadOn,no,no,no,no,no,False
102834519,METROPOLITAN NASHVILLE POLICE DEPT,20200712703,Davidson,Nashville,11/16/2020 6:37:00 PM,2,0,0,36.080470,-86.764460,I 65,,,,0.00,,,,,,,77.70,N,Not at Intersection, ,Non-Junction,None,,,         ,Ebony,Brown,,Not Collision with Motor Vehicle in Transport,no,no,no,no,no,False
102834542,METROPOLITAN NASHVILLE POLICE DEPT,20200715164,Davidson,Not in City Limit,11/17/2020 10:36:00 PM,1,0,0,36.264100,-86.725670,OLD HICKORY BLVDW,,,,0.00,,,,,,,0.00,,, ,Non-Junction,None,,,         ,Patrick,McGinnis,,Not Collision with Motor Vehicle in Transport,no,no,no,no,no,False
102834564,METROPOLITAN NASHVILLE POLICE DEPT,20200715205,Davidson,Nashville,11/17/2020 11:20:00 PM,1,0,0,36.061230,-86.772000,I 65,,,,0.00,,,,,,,75.35,N,Not at Intersection, ,Non-Junction,None,,,         ,Ricardo,Cruz,,Not Collision with Motor Vehicle in Transport,no,no,no,no,no,False
102834580,METROPOLITAN NASHVILLE POLICE DEPT,20200715263,Davidson,Nashville,11/18/2020 12:11:00 AM,1,1,0,36.230270,-86.773530,EWING DR,,,,81.00,Feet,East,RICHMOND HILL DR,,,,0.00,N,Not at Intersection,N,Non-Junction,None,,,         ,Chase,Carter,,Not Collision with Motor Vehicle in Transport,no,no,no,no,no,False
102834596,METROPOLITAN NASHVILLE POLICE DEPT,20200715568,Davidson,Nashville,11/18/2020 4:01:00 AM,1,0,0,36.062850,-86.683830,CIMARRON WAY,,,,51.00,Feet,South,APACHE TRL,,,,0.00,N,Not at Intersection,N,Non-Junction,None,,,         ,Kaleigh,Pearce,,Not Collision with Motor Vehicle in Transport,no,no,no,no,yes,False
102834622,METROPOLITAN NASHVILLE POLICE DEPT,20200715690,Davidson,Nashville,11/18/2020 5:50:00 AM,2,0,0,36.120530,-86.750020,MELROSE AV,,,,0.00,,,I440 E ENT RAMP,,,,0.00,Y,Four-Way, ,Intersection,None,,,         ,Michael,Hodges,,"Sideswipe, Same Direction",no,no,no,no,no,False
102834623,Nashville Airport Police,2020-03150,Davidson,Nashville,11/16/2020 12:06:00 PM,2,0,0,36.133410,-86.665080,BNA DR,,,,0.00,,,TERMINAL DR,,,,0.00,Y,OTHER, ,Unknown,None,,,         ,Daniel,Winter,Clear,"Sideswipe, Opposite Direction",no,no,no,yes,no,False
102834676,METROPOLITAN NASHVILLE POLICE DEPT,20200715760,Davidson,Nashville,11/18/2020 6:51:00 AM,1,0,0,36.079750,-86.764510,I 65,,,,0.00,,,,,,,77.65,N,Not at Intersection,N,Non-Junction,None,,,         ,Travis,Pemberton,,Not Collision with Motor Vehicle in Transport,no,no,no,no,no,False
102834680,METROPOLITAN NASHVILLE POLICE DEPT,20200715807,Davidson,Nashville,11/18/2020 7:15:00 AM,2,0,0,36.110010,-86.811510,HILLSBORO PKE,,,,338.00,Feet,North,CRESTMOOR RD,,,,0.00,N,Not at Intersection,N,Non-Junction,None,,,         ,Douglas,Atwood,Clear,Front to Rear,no,no,no,no,no,False
102834688,METROPOLITAN NASHVILLE POLICE DEPT,20200714396,Davidson,Nashville,11/17/2020 2:00:00 PM,2,1,0,36.064060,-86.629240,HAMILTON CHURCH RD,,,,348.00,Feet,South,MURFREESBORO PKE,,,,0.00,N,Not at Intersection,N,Non-Junction,None,,,         ,Nicholas,Carter,Clear,Front to Rear,no,no,no,no,no,False
102834692,METROPOLITAN NASHVILLE POLICE DEPT,20200715869,Davidson,Nashville,11/18/2020 7:50:00 AM,2,0,0,36.234010,-86.724810,GALLATIN PKE,,,,79.00,Feet,North,BRILEY PKWY E EXT RAMP,,,,0.00,N,Not at Intersection, ,Non-Junction,None,,,         ,Michael,Agee,Clear,Front to Rear,no,no,no,no,no,False
102834695,METROPOLITAN NASHVILLE POLICE DEPT,20200715783,Davidson,Antioch,11/18/2020 7:30:00 AM,2,0,0,36.029490,-86.577840,SUNNYVALE DR,,,,0.00,,,HICKORY WOODS DR,,,,0.00,Y,Y-Intersection, ,,None,,,         ,Dillon,Gann,,,no,no,no,no,no,False
102834703,METROPOLITAN NASHVILLE POLICE DEPT,20200715764,Davidson,Nashville,11/18/2020 5:55:00 AM,2,0,0,36.092520,-86.705340,I 24,,,,0.00,,,,,,,55.20,N,Not at Intersection,N,Non-Junction,None,,,         ,Lee,Davis,Clear,"Sideswipe, Same Direction",no,no,no,no,yes,False
102834705,METROPOLITAN NASHVILLE POLICE DEPT,20200715845,Davidson,Nashville,11/18/2020 7:41:00 AM,3,0,0,36.046230,-86.660310,I 24,,,,0.00,,,,,,,59.30,N,Not at Intersection,N,Non-Junction,None,,,         ,Thomas,White,Clear,Front to Rear,no,no,no,no,no,False
102834708,METROPOLITAN NASHVILLE POLICE DEPT,20200715905,Davidson,Nashville,11/18/2020 7:30:00 AM,2,0,0,36.046070,-86.660040,I 24,,,,0.00,,,,,,,59.35,N,Not at Intersection, ,Non-Junction,None,,,         ,Nicholas,Carter,Clear,Front to Rear,no,no,no,no,yes,False
102834713,METROPOLITAN NASHVILLE POLICE DEPT,20200715911,Davidson,Nashville,11/18/2020 7:27:00 AM,2,0,0,36.037400,-86.786570,FRANKLIN PKE,,,,0.00,Feet,,OLD HICKORY BLVD,,,,0.00,Y,Four-Way, ,Intersection,None,,,         ,Travis,Pemberton,,Front to Rear,no,no,no,no,no,False
102834721,METROPOLITAN NASHVILLE POLICE DEPT,20200715850,Davidson,Nashville,11/18/2020 7:40:00 AM,2,0,0,36.110780,-86.742870,THOMPSON LN,,,,28.00,Feet,East,FOSTER AV,,,,0.00,N,Not at Intersection, ,Non-Junction,None,,,         ,James,Thomas,Clear,Angle,no,no,no,no,no,False
102834727,METROPOLITAN NASHVILLE POLICE DEPT,20200715949,Davidson,Nashville,11/18/2020 8:25:00 AM,3,0,0,36.049820,-86.775670,I 65,,,,0.00,,,,,,,75.45,N,Not at Intersection, ,Non-Junction,None,,,         ,Travis,Pemberton,,Front to Rear,no,no,no,no,no,False
102834730,METROPOLITAN NASHVILLE POLICE DEPT,20200715988,Davidson,Nashville,11/18/2020 8:46:00 AM,2,0,0,36.035020,-86.783280,I 65,,,,0.00,,,,,,,74.30,N,Not at Intersection,N,Non-Junction,None,,,         ,Bryson,Wilkins,,Front to Rear,no,no,no,no,no,False
102834738,METROPOLITAN NASHVILLE POLICE DEPT,20200715871,Davidson,Nashville,11/18/2020 7:50:00 AM,2,2,0,36.075860,-86.639950,MURFREESBORO PKE,,,,633.00,Feet,North,RURAL HILL RD,,,,0.00,N,Not at Intersection,N,Non-Junction,None,,,         ,Dakota,Davis,Clear,Front to Rear,no,no,no,no,no,False
102834759,METROPOLITAN NASHVILLE POLICE DEPT,20200716005,Davidson,Nashville,11/18/2020 9:03:00 AM,1,0,0,36.170580,-86.761600,S 6TH ST,,,,0.00,Feet,,FATHERLAND ST,,,,0.00,Y,Four-Way,Y,Intersection-Related,None,,,         ,Cody,MIller,Clear,Not Collision with Motor Vehicle in Transport,no,no,no,no,yes,False
102834761,METROPOLITAN NASHVILLE POLICE DEPT,20200716022,Davidson,Nashville,11/18/2020 9:11:00 AM,2,0,0,36.165740,-86.764420,I 24,,,,0.00,,,,,,,49.00,N,Not at Intersection, ,Non-Junction,None,,,         ,Frank,Campbell,,Angle,no,no,no,no,no,False
102834763,METROPOLITAN NASHVILLE POLICE DEPT,20200716069,Davidson,Nashville,11/18/2020 9:41:00 AM,2,0,0,36.196910,-86.776150,I 65,,,,0.00,,,,,,,86.65,N,Not at Intersection,N,Non-Junction,None,,,         ,James,Wray,,Front to Rear,no,no,no,no,yes,False
102834764,METROPOLITAN NASHVILLE POLICE DEPT,20200716163,Davidson,Nashville,11/18/2020 10:25:00 AM,2,1,0,36.137450,-86.799410,WEDGEWOOD AV,,,,400.00,Feet,East,BLAKEMORE AV,,,,0.00,N,Not at Intersection,N,Non-Junction,None,,,         ,Earl,Davis,,HeadOn,no,no,no,no,no,Campus
102834767,METROPOLITAN NASHVILLE POLICE DEPT,20200716156,Davidson,Nashville,11/18/2020 10:27:00 AM,1,0,0,36.178430,-86.785550,2ND AVN,,,,83.00,Feet,North,MONROE ST,,,,0.00,N,Not at Intersection, ,,None,,,         ,Erik,Wagner,,,no,no,no,no,no,False
102834773,METROPOLITAN NASHVILLE POLICE DEPT,20200716235,Davidson,Nashville,11/18/2020 11:22:00 AM,2,0,0,36.137440,-86.799320,WEDGEWOOD AV,,,,400.00,Feet,East,BLAKEMORE AV,,,,0.00,N,Not at Intersection, ,Non-Junction,None,,,         ,Earl,Davis,,"Sideswipe, Same Direction",no,no,no,no,no,Campus
102834790,METROPOLITAN NASHVILLE POLICE DEPT,20200716228,Davidson,Nashville,11/18/2020 10:31:00 AM,2,1,0,36.172030,-86.767770,I24 W EXT RAMP,,,,0.00,,,JAMES ROBERTSON PKWY,,,,0.00,Y,Y-Intersection,N,Entrance/Exit Ramp Related,None,,,         ,Ronald,Bright,Clear,Front to Rear,no,no,no,no,no,False
102834795,METROPOLITAN NASHVILLE POLICE DEPT,20200716275,Davidson,Nashville,11/18/2020 11:35:00 AM,2,0,0,36.141280,-86.731860,I 40,,,,0.00,,,,,,,213.00,N,Not at Intersection,Y,Entrance/Exit Ramp Related,None,,,         ,Michael,Brooks,Clear,"Sideswipe, Same Direction",no,no,no,no,yes,False
102834820,METROPOLITAN NASHVILLE POLICE DEPT,20200716288,Davidson,Nashville,11/18/2020 11:35:00 AM,2,0,0,36.114000,-86.811430,WOODMONT BLVD,,,,164.00,Feet,West,HILLSBORO PKE,,,,0.00,N,Not at Intersection, ,Non-Junction,None,,,         ,Douglas,Atwood,Clear,Other,no,no,no,no,no,False
102834831,METROPOLITAN NASHVILLE POLICE DEPT,20200716302,Davidson,Nashville,11/18/2020 11:53:00 AM,1,0,0,36.130930,-86.755860,NOLENSVILLE PKE,,,,0.00,,,WOODYCREST AV,,,,0.00,Y,T-Intersection, ,Intersection-Related,None,,,         ,Earl,Davis,,Not Collision with Motor Vehicle in Transport,no,no,no,no,no,False
102834883,METROPOLITAN NASHVILLE POLICE DEPT,20200716356,Davidson,Nashville,11/18/2020 8:00:00 AM,2,0,0,36.052870,-86.671750,I 24,,,,0.00,,,,,,,58.55,N,Not at Intersection, ,,None,,,         ,Stanley,Collins,,,no,no,no,no,no,False
102834915,BERRY HILL POLICE DEPT,20-4231,Davidson,Berry Hill,11/18/2020 11:18:00 AM,2,0,0,36.118860,-86.774590,BERRY RD,,,,0.00,,,FRANKLIN PKE,,,,0.00,Y,Four-Way, ,Intersection,None,,,         ,Ronnie,Hill,Clear,Front to Rear,no,no,no,no,no,False
102834934,METROPOLITAN NASHVILLE POLICE DEPT,20200716460,Davidson,Nashville,11/18/2020 1:34:00 PM,2,0,0,36.244270,-86.722590,GALLATIN PKES,,,,101.00,Feet,South,LAKEWOOD DR,,,,0.00,N,Not at Intersection, ,Non-Junction,None,,,         ,Brian,Otto,Clear,Angle,no,no,no,no,no,False
102834941,METROPOLITAN NASHVILLE POLICE DEPT,20200716284,Davidson,Nashville,11/18/2020 11:49:00 AM,3,1,0,36.197980,-86.776310,I 65,,,,0.00,,,,,,,86.75,N,Not at Intersection,N,Non-Junction,None,,,         ,James,Wray,Clear,Front to Rear,no,no,no,no,yes,False
102834943,METROPOLITAN NASHVILLE POLICE DEPT,20200716329,Davidson,Nashville,11/18/2020 12:22:00 PM,2,1,0,36.087270,-86.692090,ANTIOCH PKE,,,,69.00,Feet,South,HARDING PL,,,,0.00,N,Not at Intersection,N,Non-Junction,None,,,         ,Joe,Hooper,Clear,Front to Rear,no,no,no,no,yes,False
102834952,METROPOLITAN NASHVILLE POLICE DEPT,20200715792,Davidson,Not in City Limit,11/18/2020 7:15:00 AM,1,0,0,36.325910,-86.868970,I24 W EXT RAMP,,,,0.00,,,I 24,,,,0.00,Y,OTHER, ,OtherLocation,None,,,         ,Gretta,Ireland,Clear,Not Collision with Motor Vehicle in Transport,no,no,no,no,no,False
102834976,METROPOLITAN NASHVILLE POLICE DEPT,20200716430,Davidson,Nashville,11/18/2020 12:55:00 PM,3,1,0,36.183820,-86.748370,GALLATIN AV,,,,0.00,,,EASTLAND AV,,,,0.00,Y,Four-Way,N,Intersection,None,,,         ,Ronald,Bright,Clear,Front to Rear,no,no,no,no,no,False
102834994,METROPOLITAN NASHVILLE POLICE DEPT,20200716495,Davidson,Nashville,11/18/2020 2:18:00 PM,2,0,0,36.189360,-86.627650,LEBANON PKE,,,,642.00,Feet,East,HICKORY HILL LN,,,,0.00,N,Not at Intersection, ,Non-Junction,None,,,         ,Michael,Brooks,,Front to Rear,no,no,no,no,no,False
102835004,METROPOLITAN NASHVILLE POLICE DEPT,20200716455,Davidson,Nashville,11/18/2020 1:30:00 PM,2,0,0,36.187990,-86.821560,ED TEMPLE BLVD,,,,0.00,,,ROSA L PARKS BLVD,,,,0.00,Y,Four-Way, ,Non-Junction,None,,,         ,Isaac,Wood,,Front to Rear,no,no,no,no,no,False
102835005,GOODLETTSVILLE POLICE DEPT,20-33925,Davidson,Goodlettsville,11/18/2020 9:18:00 AM,2,1,0,36.315040,-86.713620,RIVERGATE PKWY,,,,0.00,,,S MAIN ST,,,,0.00,Y,T-Intersection,N,Intersection,None,,,         ,Jeffery,Hunter,Clear,Angle,no,no,no,no,no,False
102835009,VANDERBILT UNIVERSITY POLICE,20200716208,Davidson,Nashville,11/18/2020 9:40:00 AM,2,0,0,36.108320,-86.763310,POWELL AV,,,,1236.00,Feet,North,POWELL AVE,,,,0.00,,Not at Intersection,N,OtherLocation,None,,,         ,Anthony,Jones,Clear,"Sideswipe, Same Direction",no,no,no,yes,yes,OHO
102835014,METROPOLITAN NASHVILLE POLICE DEPT,20200716479,Davidson,Not in City Limit,11/18/2020 1:50:00 PM,2,0,0,36.048360,-86.952740,TEMPLE RD,,,,50.00,Feet,East,OLD HARDING PKE,,,,0.00,N,Not at Intersection, ,Non-Junction,None,,,         ,Wesley,Tilley,,Angle,no,no,no,no,no,False
102835032,METROPOLITAN NASHVILLE POLICE DEPT,20200716581,Davidson,Nashville,11/18/2020 2:28:00 PM,2,0,0,36.189110,-86.745470,SHARPE AV,,,,215.00,Feet,East,GALLATIN AV,,,,0.00,N,Not at Intersection,N,Non-Junction,None,,,         ,Randy,Puckett,,Angle,no,no,no,yes,yes,False
102835038,METROPOLITAN NASHVILLE POLICE DEPT,20200716566,Davidson,Nashville,11/18/2020 2:08:00 PM,2,0,0,36.045800,-86.658220,BELL RD,,,,104.00,Feet,East,I24 W EXT RAMP,,,,0.00,N,Not at Intersection,N,Non-Junction,None,,,         ,Edward,Starke,,Front to Rear,no,no,no,no,yes,False
102835039,METROPOLITAN NASHVILLE POLICE DEPT,20200716531,Davidson,Nashville,11/18/2020 12:00:00 AM,2,0,0,36.175570,-86.751730,S 10TH ST,,,,0.00,Feet,East,RUSSELL ST,,,,0.00,N,Not at Intersection,N,Non-Junction,None,,,         ,Kelsey,Hemminger,,"Sideswipe, Same Direction",no,no,no,no,yes,False
102835052,METROPOLITAN NASHVILLE POLICE DEPT,20200716612,Davidson,Nashville,11/18/2020 12:00:00 AM,2,0,0,36.148880,-86.762590,LAFAYETTE ST,,,,36.00,Feet,West,CHARLES E DAVIS BLVD,,,,0.00,N,Not at Intersection,N,Non-Junction,None,,,         ,John,Braun,,Front to Rear,no,no,no,no,yes,False
102835064,METROPOLITAN NASHVILLE POLICE DEPT,20200716596,Davidson,Nashville,11/18/2020 3:18:00 PM,2,0,0,36.080370,-86.631340,BELL RD,,,,390.00,Feet,East,SAILBOAT DR,,,,0.00,N,Not at Intersection,N,Non-Junction,None,,,         ,Steven,Powers,Clear,Front to Rear,no,no,no,no,no,False
102835082,METROPOLITAN NASHVILLE POLICE DEPT,20200716654,Davidson,Nashville,11/18/2020 3:51:00 PM,2,0,0,36.242870,-86.756830,DICKERSON PKE,,,,337.00,Feet,North,DICKERSON PKE ENT RAMP,,,,0.00,N,Not at Intersection, ,Non-Junction,None,,,         ,Kyle,Eicholtz,,"Sideswipe, Same Direction",no,no,no,no,no,False