master_record_number,agency,agency_tracking_number,county,city,collision_date,vehicles_involved,number_injured,number_dead,latitude,longitude,roadway_name,roadway_suffix,roadway_number,roadway_local_id,distance_from_reference,miles-feet_indicator,direction_from_reference,intersection_road_name,intersection_road_name_suffix,intersection_road_number,intersection_local_id,mile_marker,intersection_indicator,intersect_type,interchange_related_indicator,relation_to_junction,work_zone_type,construction_maintenance_zone,construction_maintenance_zone_location,fatal_case_number,officer_first_name,officer_last_name,weather_condition(s),manner_of_crash,pedestrian,bicycle,scooter,parking,hitrun,mou
102835697,METROPOLITAN NASHVILLE POLICE DEPT,20200718077,Davidson,Nashville,11/19/2020 8:58:00 AM,1,0,0,36.138680,-86.890820,CABOT DR,,,,710.00,Feet,East,BEACON LN,,,,0.00,N,Not at Intersection, ,"Driveway, Alley Access, etc",None,,,         ,Jack,Crouch,Clear,Not Collision with Motor Vehicle in Transport,no,no,no,yes,no,False
102835714,METROPOLITAN NASHVILLE POLICE DEPT,20200718398,Davidson,Not in City Limit,11/19/2020 12:00:00 PM,2,0,0,36.045210,-86.956450,OLD HARDING PKE,,,,57.00,Feet,South,LEARNING LN,,,,0.00,N,Not at Intersection, ,,None,,,         ,Wesley,Tilley,,,no,no,no,no,no,False
102835745,METROPOLITAN NASHVILLE POLICE DEPT,20200718412,Davidson,Nashville,11/19/2020 12:23:00 PM,2,0,0,36.036640,-86.786840,FRANKLIN PKE,,,,98.00,Feet,North,FRANKLIN RD,,,,0.00,N,Not at Intersection, ,Non-Junction,None,,,         ,Travis,Pemberton,,Angle,no,no,no,no,no,False
102835761,METROPOLITAN NASHVILLE POLICE DEPT,20200718374,Davidson,Nashville,11/19/2020 12:03:00 PM,3,1,0,36.076580,-86.725400,NOLENSVILLE PKE,,,,100.00,Feet,South,EDMONDSON PKE,,,,0.00,N,Not at Intersection,N,Non-Junction,None,,,         ,Earl,Davis,,Front to Rear,no,no,no,no,no,False
102835771,METROPOLITAN NASHVILLE POLICE DEPT,20200718373,Davidson,Nashville,11/19/2020 11:42:00 AM,2,0,0,36.223660,-86.773290,I 65,,,,0.00,,,,,,,88.55,N,Not at Intersection,N,Non-Junction,None,,,         ,Ronald,Bright,Clear,"Sideswipe, Same Direction",no,no,no,no,yes,False
102835789,METROPOLITAN NASHVILLE POLICE DEPT,20200718438,Davidson,Nashville,11/19/2020 12:00:00 AM,2,0,0,36.177360,-86.773070,I 24,,,,0.00,,,,,,,47.90,N,Not at Intersection, ,,None,,,         ,James,Thornton,,,no,no,no,no,no,False
102835796,METROPOLITAN NASHVILLE POLICE DEPT,20200718487,Davidson,Nashville,11/19/2020 12:50:00 PM,1,0,0,36.114180,-86.748350,GRANDVIEW AV,,,,0.00,Feet,West,CENTRAL AV,,,,0.00,N,Not at Intersection, ,,None,,,         ,Bryson,Wilkins,,,no,no,no,no,no,False
102835797,METROPOLITAN NASHVILLE POLICE DEPT,20200718477,Davidson,Nashville,11/19/2020 1:06:00 PM,2,1,0,36.157780,-86.790910,I 40,,,,0.00,,,,,,,209.00,N,Not at Intersection,N,Non-Junction,None,,,         ,Earl,Davis,,Front to Rear,no,no,no,no,no,False
102835821,METROPOLITAN NASHVILLE POLICE DEPT,20200718458,Davidson,Nashville,11/19/2020 12:50:00 PM,2,0,0,36.037900,-86.786450,FRANKLIN PKE,,,,183.00,Feet,North,OLD HICKORY BLVD,,,,0.00,N,Not at Intersection, ,Non-Junction,None,,,         ,Travis,Pemberton,,Angle,no,no,no,no,no,False
102835836,METROPOLITAN NASHVILLE POLICE DEPT,20200718461,Davidson,Nashville,11/19/2020 12:56:00 PM,1,1,0,36.211400,-86.817540,STOKERS LN,,,,0.00,,,BUENA VISTA PKE,,,,0.00,Y,Four-Way,N,Intersection,None,,,         ,Royce,McLester,Clear,Not Collision with Motor Vehicle in Transport,no,no,no,no,no,False
102835858,METROPOLITAN NASHVILLE POLICE DEPT,20200718470,Davidson,Nashville,11/19/2020 1:01:00 PM,2,0,0,36.154960,-86.665270,DONELSON PKE,,,,0.00,,,LAKELAND DR,,,,0.00,Y,Four-Way,N,Intersection,None,,,         ,Michael,Brooks,,Angle,no,no,no,no,no,False
102835859,METROPOLITAN NASHVILLE POLICE DEPT,20200718407,Davidson,Nashville,11/19/2020 12:20:00 PM,1,1,0,36.110290,-86.922690,I40 E EXT RAMP,,,,0.00,,,I 40,,,,0.00,Y,Four-Way,Y,OtherLocation,None,,,         ,Jack,Crouch,,Not Collision with Motor Vehicle in Transport,no,no,no,no,no,False
102835860,METROPOLITAN NASHVILLE POLICE DEPT,20200718148,Davidson,Nashville,11/19/2020 9:30:00 AM,2,0,0,36.133660,-86.896720,CABOT DR,,,,736.00,Feet,North,I40 W EXT RAMP,,,,0.00,N,Not at Intersection,N,Non-Junction,None,,,         ,Jack,Crouch,,Angle,no,no,no,yes,yes,False
102835878,METROPOLITAN NASHVILLE POLICE DEPT,20200718459,Davidson,Nashville,11/19/2020 12:54:00 PM,2,1,0,36.046630,-86.713410,NOLENSVILLE PKE,,,,464.00,Feet,North,OLD HICKORY BLVD,,,,0.00,N,Not at Intersection,N,Non-Junction,None,,,         ,Joe,Hooper,Clear,Angle,no,no,no,no,no,False
102835891,METROPOLITAN NASHVILLE POLICE DEPT,20200718417,Davidson,Nashville,11/19/2020 12:00:00 AM,2,2,0,36.186300,-86.754230,SEYMOUR AV,,,,0.00,,,MCFERRIN AV,,,,0.00,Y,Four-Way,Y,Intersection,None,,,         ,Cody,MIller,,Angle,no,no,no,no,no,False
102835897,METROPOLITAN NASHVILLE POLICE DEPT,20200718531,Davidson,Nashville,11/19/2020 1:23:00 PM,2,0,0,36.168490,-86.796670,I 40,,,,0.00,,,,,,,208.15,N,Not at Intersection,N,Non-Junction,None,,,         ,Jordan,Vrbas,,Front to Rear,no,no,no,no,no,False
102835898,METROPOLITAN NASHVILLE POLICE DEPT,20200718552,Davidson,Nashville,11/19/2020 1:54:00 PM,2,1,0,36.079790,-86.632050,BELL RD,,,,218.00,Feet,East,EDGE O LAKE DR,,,,0.00,N,Not at Intersection,N,Non-Junction,None,,,         ,Michael,Dance,,Front to Rear,no,no,no,no,no,False
102835899,METROPOLITAN NASHVILLE POLICE DEPT,20200718588,Davidson,Nashville,11/19/2020 2:12:00 PM,1,1,0,36.210570,-86.600190,ALBANY DR,,,,0.00,,,ANDREW JACKSON PKWY,,,,0.00,Y,Four-Way,N,Intersection,None,,,         ,Michael,Brooks,,Not Collision with Motor Vehicle in Transport,no,yes,no,no,no,False
102835909,GOODLETTSVILLE POLICE DEPT,20-34015,Davidson,Goodlettsville,11/19/2020 10:55:00 AM,2,2,0,36.296854,-86.718536,DRY CREEK,CIR,,CYPRESS CREEK APTS,100.00,Feet,South,DRY CREEK,RD,,,0.00,N,Not at Intersection,N,"Driveway, Alley Access, etc",None,,,         ,George,Henry,Clear,Rear to Side,no,no,no,yes,no,False
102835932,METROPOLITAN NASHVILLE POLICE DEPT,20200718593,Davidson,Nashville,11/19/2020 2:15:00 PM,2,2,0,36.107590,-86.743530,TIMMONS ST,,,,0.00,,,NOLENSVILLE PKE,,,,0.00,Y,Four-Way,N,Intersection,None,,,         ,Earl,Davis,,Angle,no,no,no,no,no,False
102835934,METROPOLITAN NASHVILLE POLICE DEPT,20200718460,Davidson,Antioch,11/19/2020 11:17:00 AM,2,0,0,36.042850,-86.606550,MURFREESBORO PKE,,,,0.00,,,HOBSON PKE,,,,0.00,Y,Four-Way, ,Non-Junction,None,,,         ,Phouthasone,Phantakou,Clear,"Sideswipe, Same Direction",no,no,no,no,no,False
102835946,METROPOLITAN NASHVILLE POLICE DEPT,20200718613,Davidson,Nashville,11/19/2020 2:21:00 PM,2,0,0,36.134280,-86.779090,WEDGEWOOD AV,,,,0.00,,,8TH AVS,,,,0.00,Y,Four-Way, ,Non-Junction,None,,,         ,Sekou,Samassi,,Front to Rear,no,no,no,no,no,False
102835970,METROPOLITAN NASHVILLE POLICE DEPT,20200718533,Davidson,Nashville,11/19/2020 12:00:00 AM,2,1,0,36.244520,-86.722460,LAKEWOOD DR,,,,0.00,,,GALLATIN PKES,,,,0.00,Y,Four-Way,Y,Intersection,None,,,         ,Keenan,McCann,Clear,Angle,no,no,no,no,no,False
102835971,METROPOLITAN NASHVILLE POLICE DEPT,20200679167,Davidson,Nashville,10/29/2020 4:21:00 PM,2,0,0,36.161280,-86.816870,BATAVIA ST,,,,183.00,Feet,West,26TH AVN,,,,0.00,N,Not at Intersection, ,Non-Junction,None,,,         ,Jerica,Gladston,,Angle,no,no,no,no,no,False
102835973,METROPOLITAN NASHVILLE POLICE DEPT,20200718739,Davidson,Nashville,11/19/2020 3:30:00 PM,2,0,0,36.238970,-86.740510,ELLINGTON PKWYN,,,,329.00,Feet,West,I65 N ENT RAMP,,,,0.00,N,Not at Intersection,N,Entrance/Exit Ramp Related,None,,,         ,Christopher,Littles,,"Sideswipe, Same Direction",no,no,no,no,yes,False
102835987,METROPOLITAN NASHVILLE POLICE DEPT,20200718725,Davidson,Nashville,11/19/2020 2:52:00 PM,2,0,0,36.182930,-86.607830,ANDREW JACKSON WAY,,,,241.00,Feet,North,OLD HICKORY BLVD,,,,0.00,N,Not at Intersection, ,,None,,,         ,Zaire,Murray,,,no,no,no,no,no,False
102835994,METROPOLITAN NASHVILLE POLICE DEPT,20200718562,Davidson,Nashville,11/19/2020 12:35:00 PM,2,0,0,36.050640,-86.647240,BELL RD,,,,103.00,Feet,West,HICKORY HOLLOW TER,,,,0.00,N,Not at Intersection, ,Non-Junction,None,,,         ,Keegan,Winchell,Clear,Angle,no,no,no,no,no,False
102835999,BERRY HILL POLICE DEPT,20-4250,Davidson,Berry Hill,11/19/2020 2:50:00 PM,2,0,0,36.126410,-86.771840,CRAIGHEAD ST,,,,0.00,,,,,,,0.00,,, ,,None,,,         ,Roy,Morris,,,no,no,no,yes,no,False
102836000,VANDERBILT UNIVERSITY POLICE,20200718694,Davidson,Nashville,11/19/2020 3:10:00 PM,2,1,0,36.146840,-86.808630,25TH AVN,,,,0.00,,,WEST END AV,,,,0.00,Y,Y-Intersection,N,Intersection-Related,None,,,         ,Christopher,Dion,Clear,Front to Rear,no,no,no,no,no,Campus
102836005,METROPOLITAN NASHVILLE POLICE DEPT,20200718757,Davidson,Nashville,11/19/2020 1:00:00 PM,2,0,0,36.188100,-86.797680,DOMINICAN DR,,,,244.00,Feet,East,ROSA L PARKS BLVD,,,,0.00,N,Not at Intersection,N,Non-Junction,None,,,         ,Chad,Connors,,Angle,no,no,no,no,no,False
102836007,METROPOLITAN NASHVILLE POLICE DEPT,20200718733,Davidson,Nashville,11/19/2020 3:35:00 PM,2,1,0,36.153230,-86.857580,BRILEY PKWY,,,,84.00,Feet,North,I40 W EXT RAMP,,,,0.00,N,Not at Intersection,N,Non-Junction,None,,,         ,Eric,Westbrook,,Front to Rear,no,no,no,no,no,False
102836016,METROPOLITAN NASHVILLE POLICE DEPT,20200718707,Davidson,Goodlettsville,11/19/2020 3:22:00 PM,1,1,0,36.297120,-86.689490,PAULA DR,,,,480.00,Feet,East,SHEPHERD HILLS DR,,,,0.00,N,Not at Intersection,N,Non-Junction,None,,,         ,Joshua,Belk,,Not Collision with Motor Vehicle in Transport,no,no,no,no,no,False
102836019,METROPOLITAN NASHVILLE POLICE DEPT,20200718741,Davidson,Nashville,11/19/2020 3:37:00 PM,2,1,0,36.136430,-86.726080,MURFREESBORO PKE,,,,0.00,,,I24 W ENT RAMP,,,,0.00,Y,Y-Intersection,N,Non-Junction,None,,,         ,Andrew,Brazee,Clear,Front to Rear,no,no,no,no,no,False
102836020,METROPOLITAN NASHVILLE POLICE DEPT,20200718818,Davidson,Nashville,11/19/2020 4:00:00 PM,2,0,0,36.095430,-86.707700,I 24,,,,0.00,,,,,,,54.95,N,Not at Intersection, ,Non-Junction,None,,,         ,Laura,Williams,Clear,Angle,no,no,no,no,no,False
102836027,METROPOLITAN NASHVILLE POLICE DEPT,20200718701,Davidson,Nashville,11/19/2020 3:10:00 PM,2,1,0,36.226960,-86.597620,SAUNDERSVILLE RD,,,,0.00,Feet,,WYNTERGRACE FARM RD,,,,0.00,Y,T-Intersection,Y,Intersection,None,,,         ,Wyatt,Blacker,,Angle,no,no,no,no,no,False
102836035,METROPOLITAN NASHVILLE POLICE DEPT,20200718743,Davidson,Nashville,11/19/2020 12:00:00 AM,2,0,0,36.110570,-86.719260,I24 W ENT RAMP,,,,0.00,Feet,East,BRILEY PKWY S ENT RAMP,,,,0.00,N,Not at Intersection, ,Non-Junction,None,,,         ,Maccio,Hightower,Clear,"Sideswipe, Same Direction",no,no,no,no,no,False
102836036,METROPOLITAN NASHVILLE POLICE DEPT,20200718762,Davidson,Nashville,11/19/2020 3:43:00 PM,3,1,0,36.169540,-86.671600,LEBANON PKE,,,,0.00,,,BLUEFIELD AV,,,,0.00,Y,T-Intersection,Y,Intersection,None,,,         ,Joseph,Simon,,Front to Rear,no,no,no,no,no,False
102836041,METROPOLITAN NASHVILLE POLICE DEPT,20200718851,Davidson,Not in City Limit,11/19/2020 4:37:00 PM,4,0,0,36.307470,-86.684460,GALLATIN PKEN,,,,135.00,Feet,East,NORTHSIDE MARKETPLACE PVTDR,,,,0.00,N,Not at Intersection,N,Non-Junction,None,,,         ,Christopher,Littles,,Front to Rear,no,no,no,no,yes,False
102836044,METROPOLITAN NASHVILLE POLICE DEPT,20200718831,Davidson,Nashville,11/19/2020 4:23:00 PM,2,0,0,36.256180,-86.714330,NEELYS BEND RD,,,,16.00,Feet,East,GALLATIN PKES,,,,0.00,N,Not at Intersection,Y,Non-Junction,None,,,         ,Jarret,Sonnenberg,,Angle,no,no,no,no,yes,False
102836048,METROPOLITAN NASHVILLE POLICE DEPT,20200718819,Davidson,Nashville,11/19/2020 3:55:00 PM,2,0,0,36.111240,-86.745380,NOLENSVILLE PKE,,,,119.00,Feet,North,THOMPSON LN,,,,0.00,N,Not at Intersection,N,Non-Junction,None,,,         ,Cory,Stratton,,Front to Rear,no,no,no,no,yes,False
102836051,METROPOLITAN NASHVILLE POLICE DEPT,20200718883,Davidson,Nashville,11/19/2020 4:44:00 PM,2,0,0,36.154370,-86.798990,19TH AVE N,,,,17.00,Feet,North,CHURCH ST,,,,0.00,N,Not at Intersection, ,Non-Junction,None,,,         ,Zachary,Plese,Clear,Front to Rear,no,no,no,no,no,False
102836055,METROPOLITAN NASHVILLE POLICE DEPT,20200718786,Davidson,Nashville,11/19/2020 4:03:00 PM,2,0,0,36.084860,-86.703650,HARDING PL,,,,65.00,Feet,West,TRAVELERS INN DR,,,,0.00,N,Not at Intersection,N,Non-Junction,None,,,         ,Marcus,Darden,Clear,Front to Rear,no,no,no,no,no,False
102836061,METROPOLITAN NASHVILLE POLICE DEPT,20200718841,Davidson,Nashville,11/19/2020 12:00:00 AM,2,0,0,36.118980,-86.767400,I 440,,,,0.00,,,,,,,5.30,N,Not at Intersection,N,Non-Junction,None,,,         ,Sekou,Samassi,,"Sideswipe, Same Direction",no,no,no,no,no,False
102836064,METROPOLITAN NASHVILLE POLICE DEPT,20200718817,Davidson,Nashville,11/19/2020 4:00:00 PM,2,0,0,36.109820,-86.770160,I 65,,,,0.00,,,,,,,79.70,N,Not at Intersection, ,,None,,,         ,Jacob,Robbins,,,no,no,no,no,no,False
102836066,METROPOLITAN NASHVILLE POLICE DEPT,20200718890,Davidson,Nashville,11/19/2020 4:37:00 PM,3,0,0,36.092570,-86.652100,US HWY 41,,,,530.00,Feet,South,OLD MURFREESBORO PIKE,,,,0.00,N,Not at Intersection,N,Non-Junction,None,,,         ,Steven,Powers,Clear,Front to Rear,no,no,no,no,no,False
102836078,METROPOLITAN NASHVILLE POLICE DEPT,20200718942,Davidson,Nashville,11/19/2020 3:05:00 PM,2,0,0,36.181890,-86.607450,OLD HICKORY BLVD,,,,206.00,Feet,East,ANDREW JACKSON WAY,,,,0.00,N,Not at Intersection,N,Non-Junction,None,,,         ,Zaire,Murray,,Front to Rear,no,no,no,no,no,False
102836089,METROPOLITAN NASHVILLE POLICE DEPT,20200718996,Davidson,Nashville,11/19/2020 5:38:00 PM,2,0,0,36.145710,-86.871200,CHARLOTTE PKE,,,,645.00,Feet,North,AMERICAN RD,,,,0.00,N,Not at Intersection,N,Non-Junction,None,,,         ,Ryan,Malone,,Front to Rear,no,no,no,no,yes,False
102836091,METROPOLITAN NASHVILLE POLICE DEPT,20200719006,Davidson,Nashville,11/19/2020 6:05:00 PM,2,0,0,36.081970,-86.761320,STATE HWY 255,,,,2.00,Feet,East,-- UNKNOWN RAMP/ROAD --,,,,0.00,N,Not at Intersection, ,Non-Junction,Work Zone,,,         ,John,McDonnell,Clear,Front to Rear,no,no,no,no,no,False
102836096,METROPOLITAN NASHVILLE POLICE DEPT,20200719013,Davidson,Nashville,11/19/2020 6:01:00 PM,2,0,0,36.056320,-86.676080,I 24,,,,0.00,,,,,,,58.20,N,Not at Intersection,N,Non-Junction,None,,,         ,Tyler,Geiger,,Front to Rear,no,no,no,no,no,False
102836102,METROPOLITAN NASHVILLE POLICE DEPT,20200719045,Davidson,Nashville,11/19/2020 6:35:00 PM,2,0,0,36.082670,-86.710490,TAMPA DR,,,,0.00,Feet,,HARDING PL,,,,0.00,Y,Four-Way, ,Intersection-Related,None,,,         ,Laura,Williams,,Front to Rear,no,no,no,no,no,False
102836108,METROPOLITAN NASHVILLE POLICE DEPT,20200718970,Davidson,Nashville,11/19/2020 5:39:00 PM,2,0,0,36.156200,-86.662460,EMERY DR,,,,23.00,Feet,West,KENT RD,,,,0.00,N,Not at Intersection,N,Non-Junction,None,,,         ,Douglas,Mann,Clear,Front to Rear,no,no,no,no,no,False
102836115,METROPOLITAN NASHVILLE POLICE DEPT,20200718991,Davidson,Nashville,11/19/2020 5:52:00 PM,2,0,0,36.101140,-86.712340,I 24,,,,0.00,,,,,,,54.50,N,Not at Intersection,N,Non-Junction,None,,,         ,Keegan,Winchell,,Front to Rear,no,no,no,no,no,False
102836146,METROPOLITAN NASHVILLE POLICE DEPT,20200718977,Davidson,Nashville,11/19/2020 5:30:00 PM,1,0,0,36.075330,-86.639450,MURFREESBORO PKE,,,,390.00,Feet,North,RURAL HILL RD,,,,0.00,N,Not at Intersection, ,Non-Junction,None,,,         ,Steven,Begley,,Not Collision with Motor Vehicle in Transport,no,no,no,no,no,False
102836150,METROPOLITAN NASHVILLE POLICE DEPT,20200719024,Davidson,Nashville,11/19/2020 6:18:00 PM,2,0,0,36.031210,-86.639080,I 24,,,,0.00,,,,,,,60.90,N,Not at Intersection, ,Non-Junction,None,,,         ,Cooper,HIll,,Front to Rear,no,no,no,no,no,False
102836151,METROPOLITAN NASHVILLE POLICE DEPT,20200718851,Davidson,Not in City Limit,11/19/2020 5:40:00 PM,1,1,0,36.306110,-86.686890,US HWY 31E,,,,210.00,Feet,East,NORTHSIDE DR,,,,0.00,N,Not at Intersection,N,Non-Junction,None,,,         ,Michael,Foster,Clear,Not Collision with Motor Vehicle in Transport,yes,no,no,no,no,False
102836155,METROPOLITAN NASHVILLE POLICE DEPT,20200718963,Davidson,Nashville,11/19/2020 5:00:00 PM,2,1,0,36.176640,-86.771010,SPRING ST,,,,0.00,,,DICKERSON PKE,,,,0.00,Y,Y-Intersection,N,Intersection-Related,None,,,         ,Ty,Cummings,,Angle,no,no,no,no,no,False
102836156,METROPOLITAN NASHVILLE POLICE DEPT,20200719078,Davidson,Antioch,11/19/2020 7:07:00 PM,2,1,0,36.028390,-86.590520,MURFREESBORO PKE,,,,19.00,Feet,North,LAVERGNE COUCHVILLE PKE,,,,0.00,N,Not at Intersection,N,Non-Junction,None,,,         ,Brandon,Simpkins,,Angle,no,no,no,no,no,False
102836159,METROPOLITAN NASHVILLE POLICE DEPT,20200718858,Davidson,Nashville,11/19/2020 4:35:00 PM,2,1,0,36.137330,-86.798140,WEDGEWOOD AV,,,,0.00,,,,,,,0.00,,,N,OtherLocation,None,,,         ,Flynn,Ireland,Cloudy,HeadOn,no,no,no,no,no,Campus
102836164,METROPOLITAN NASHVILLE POLICE DEPT,20200719112,Davidson,Nashville,11/19/2020 6:55:00 PM,2,0,0,36.132320,-86.726870,I24E,,,,739.00,Feet,North,I24 W EXT RAMP,,,,0.00,N,Not at Intersection, ,Non-Junction,None,,,         ,Laura,Williams,,Front to Rear,no,no,no,no,no,False
102836166,METROPOLITAN NASHVILLE POLICE DEPT,20200719086,Davidson,Nashville,11/19/2020 5:25:00 PM,3,2,0,36.165000,-86.820090,28TH AVN,,,,27.00,Feet,North,I40 W EXT RAMP,,,,0.00,N,Not at Intersection,N,Non-Junction,None,,,         ,Brian,Warstadt,,Front to Rear,no,no,no,no,no,False
102836177,METROPOLITAN NASHVILLE POLICE DEPT,20200719012,Davidson,Nashville,11/19/2020 5:10:00 PM,2,0,0,36.167100,-86.779580,3RD AVN,,,,22.00,Feet,South,JAMES ROBERTSON PKWY,,,,0.00,N,Not at Intersection, ,Non-Junction,None,,,         ,Alexander,Hartle,,Front to Rear,no,no,no,no,no,False
102836180,METROPOLITAN NASHVILLE POLICE DEPT,20200719094,Davidson,Nashville,11/19/2020 6:05:00 PM,2,0,0,36.151050,-86.684140,MCGAVOCK PKE,,,,367.00,Feet,South,OLD ELM HILL PKE,,,,0.00,N,Not at Intersection,N,Non-Junction,None,,,         ,Evan,Grace,,Rear to Side,no,no,no,yes,yes,False
102836188,METROPOLITAN NASHVILLE POLICE DEPT,20200719049,Davidson,Nashville,11/19/2020 6:39:00 PM,2,0,0,36.110650,-86.726470,EAST THOMPSON LN,,,,347.00,Feet,East,EAST THOMPSON LN PVTDR,,,,0.00,N,Not at Intersection, ,Non-Junction,None,,,         ,Cressie,Prill,Clear,Angle,no,no,no,yes,no,False
102836212,METROPOLITAN NASHVILLE POLICE DEPT,20200718686,Davidson,Not in City Limit,11/19/2020 3:06:00 PM,2,0,0,36.269370,-86.689760,ROOSEVELT AV,,,,33.00,Feet,East,MYATT DR,,,,0.00,N,Not at Intersection,N,Non-Junction,None,,,         ,Dylan,Ramos,Clear,Front to Rear,no,no,no,no,yes,False
102836272,METROPOLITAN NASHVILLE POLICE DEPT,20200719248,Davidson,Nashville,11/19/2020 9:04:00 PM,1,0,0,36.239650,-86.772590,BRILEY PKWYE,,,,133.00,Feet,East,BRILEY PKWYW,,,,0.00,N,Not at Intersection,N,Non-Junction,None,,,         ,Kyle,Eicholtz,,Not Collision with Motor Vehicle in Transport,no,no,no,no,no,False
102836281,METROPOLITAN NASHVILLE POLICE DEPT,20200719097,Davidson,Nashville,11/19/2020 7:00:00 PM,2,0,0,36.218660,-86.803830,WHITES CREEK PKE,,,,212.00,Feet,North,MOORMANS ARM RD,,,,0.00,N,Not at Intersection,N,Non-Junction,None,,,         ,Alec,Pellissier,,Angle,no,no,no,no,yes,False
102836291,METROPOLITAN NASHVILLE POLICE DEPT,20200719229,Davidson,Nashville,11/19/2020 9:02:00 PM,2,1,0,36.145950,-86.666600,ROYAL PKWY,,,,0.00,,,DONELSON PKE,,,,0.00,Y,Four-Way,N,Intersection,None,,,         ,Adam,Warren,,Angle,no,no,no,no,no,False
102836293,METROPOLITAN NASHVILLE POLICE DEPT,20200719071,Davidson,Antioch,11/19/2020 6:03:00 PM,1,0,0,36.095240,-86.526590,COUCHVILLE PKE,,,,1037.00,Feet,East,S MOUNT JULIET RD,,,,0.00,N,Not at Intersection, ,,None,,,         ,Brandon,Simpkins,,,no,no,no,no,no,False
102836297,METROPOLITAN NASHVILLE POLICE DEPT,20200719060,Davidson,Nashville,11/19/2020 6:39:00 PM,2,0,0,36.080800,-86.698070,LINBAR DR,,,,859.00,Feet,West,LUNA DR,,,,0.00,N,Not at Intersection,N,Non-Junction,None,,,         ,Andrew,Brazee,Clear,Angle,no,no,no,no,no,False
102836310,METROPOLITAN NASHVILLE POLICE DEPT,20200719025,Davidson,Nashville,11/19/2020 5:45:00 PM,2,0,0,36.149710,-86.773120,I 40,,,,0.00,,,,,,,210.25,N,Not at Intersection,N,Non-Junction,None,,,         ,Philip,Claibourne,,Front to Rear,no,no,no,no,no,False
102836316,METROPOLITAN NASHVILLE POLICE DEPT,20200719125,Davidson,Nashville,11/19/2020 6:00:00 PM,2,0,0,36.151800,-86.625530,BELL RD,,,,209.00,Feet,South,STEWARTS FERRY PKE,,,,0.00,N,Not at Intersection,N,OtherLocation,None,,,         ,Michael,Fox,,Other,no,no,no,yes,yes,False
102836327,THP District 3 - Nashville,320066286,Davidson,Nashville,11/19/2020 8:17:00 PM,2,0,0,36.035280,-86.783260,I 65,,,,0.00,,,,,,,74.30,N,Not at Intersection,N,Entrance/Exit Ramp Related,Construction Zone,Laneclosure,Activity Area,         ,Charles,Spires,Clear,"Sideswipe, Same Direction",no,no,no,no,no,False
102836352,METROPOLITAN NASHVILLE POLICE DEPT,20200719303,Davidson,Nashville,11/19/2020 10:29:00 PM,2,1,0,36.161580,-86.783890,ROSA L PARKS BLVD,,,,0.00,,,CHURCH ST,,,,0.00,Y,Four-Way,N,Intersection,None,,,         ,Matthew,Mrowiec,Clear,Angle,no,no,no,no,no,False
102836355,METROPOLITAN NASHVILLE POLICE DEPT,20200719326,Davidson,Nashville,11/19/2020 8:38:00 PM,2,0,0,36.046120,-86.660660,I 24,,,,0.00,,,,,,,59.30,N,Not at Intersection, ,Non-Junction,None,,,         ,Taylor,Blackwelder,,"Sideswipe, Same Direction",no,no,no,no,no,False
102836362,METROPOLITAN NASHVILLE POLICE DEPT,20200719341,Davidson,Nashville,11/19/2020 11:08:00 PM,3,0,0,36.127220,-86.711770,MURFREESBORO PKE,,,,273.00,Feet,West,THOMPSON PL,,,,0.00,N,Not at Intersection,N,Non-Junction,None,,,         ,Robert,Leverick,,"Sideswipe, Same Direction",no,no,no,no,yes,False
102836371,METROPOLITAN NASHVILLE POLICE DEPT,20200719404,Davidson,Nashville,11/19/2020 11:35:00 PM,1,0,0,36.247630,-86.715680,DUE WEST AVE,,,,0.00,,,ARGLE AV,,,,0.00,Y,Four-Way,Y,Intersection-Related,None,,,         ,Reuben,Hewit,Clear,Not Collision with Motor Vehicle in Transport,no,no,no,no,yes,False
102836374,METROPOLITAN NASHVILLE POLICE DEPT,20200719387,Davidson,Nashville,11/19/2020 9:54:00 PM,2,0,0,36.046560,-86.660860,I 24,,,,0.00,,,,,,,59.30,N,Not at Intersection, ,Non-Junction,None,,,         ,Austin,Bowles,,"Sideswipe, Same Direction",no,no,no,no,no,False
102836391,METROPOLITAN NASHVILLE POLICE DEPT,20200719422,Davidson,Nashville,11/20/2020 12:14:00 AM,2,2,0,36.145580,-86.666690,DONELSON PKE,,,,130.00,Feet,North,SHACKLETT DR,,,,0.00,N,Not at Intersection,N,Non-Junction,None,,,         ,Jeremy,Arnold,,Angle,no,no,no,no,no,False
102836397,METROPOLITAN NASHVILLE POLICE DEPT,20200719565,Davidson,Nashville,11/20/2020 2:27:00 AM,2,0,0,36.213480,-86.775450,I 65,,,,0.00,,,,,,,87.85,N,Not at Intersection, ,Non-Junction,None,,,         ,Kristopher,Sutton,,Angle,no,no,no,no,no,False
102836405,METROPOLITAN NASHVILLE POLICE DEPT,20200719662,Davidson,Nashville,11/20/2020 4:10:00 AM,2,0,0,36.104100,-86.715920,I 24,,,,0.00,,,,,,,54.20,N,Not at Intersection,N,Non-Junction,None,,,         ,Robert,Leverick,,"Sideswipe, Same Direction",no,no,no,no,yes,False
102836415,METROPOLITAN NASHVILLE POLICE DEPT,20200719440,Davidson,Nashville,11/20/2020 12:27:00 AM,1,1,0,36.187790,-86.815210,MCKINNEY AV,,,,15.00,Feet,East,24TH AVN,,,,0.00,N,Not at Intersection,N,Non-Junction,None,,,         ,Cameron,VanLierop,Clear,Not Collision with Motor Vehicle in Transport,no,no,no,yes,no,False