master_record_number,agency,agency_tracking_number,county,city,collision_date,vehicles_involved,number_injured,number_dead,latitude,longitude,roadway_name,roadway_suffix,roadway_number,roadway_local_id,distance_from_reference,miles-feet_indicator,direction_from_reference,intersection_road_name,intersection_road_name_suffix,intersection_road_number,intersection_local_id,mile_marker,intersection_indicator,intersect_type,interchange_related_indicator,relation_to_junction,work_zone_type,construction_maintenance_zone,construction_maintenance_zone_location,fatal_case_number,officer_first_name,officer_last_name,weather_condition(s),manner_of_crash,pedestrian,bicycle,scooter,parking,hitrun,mou
102836422,METROPOLITAN NASHVILLE POLICE DEPT,20200719692,Davidson,Nashville,11/20/2020 4:39:00 AM,2,0,0,36.083650,-86.647220,MURFREESBORO PKE,,,,0.00,,,BROOKSBORO PL,,,,0.00,Y,Four-Way,N,Intersection,None,,,         ,Jacob,Ross,,Other,no,no,no,no,no,False
102836428,BELLE MEADE POLICE DEPT,20-0253,Davidson,Belle Meade,11/17/2020 7:56:00 AM,2,0,0,36.103760,-86.845080,HOBBS RD,,,,0.00,,,LYNNWOOD BLVD,,,,0.00,Y,Four-Way,N,Intersection,None,,,         ,Keith,Samol,Clear,"Sideswipe, Opposite Direction",no,no,no,no,no,False
102836449,METROPOLITAN NASHVILLE POLICE DEPT,20200719742,Davidson,Nashville,11/20/2020 5:25:00 AM,1,0,0,36.126750,-86.814650,I 440,,,,0.00,,,,,,,2.25,N,Not at Intersection,N,Non-Junction,None,,,         ,Denarius,Lawson,,Not Collision with Motor Vehicle in Transport,no,no,no,no,no,False
102836475,THP District 3 - Nashville,320065946,Davidson,Not in City Limit,11/18/2020 8:05:00 AM,2,0,0,36.346530,-86.929080,I-24 EB 31 MM ENTRANCE RAMP,,,,0.00,Feet,East,I 24,,,,0.00,N,Not at Intersection, ,Entrance/Exit Ramp Related,None,,,         ,Brandon,Wehrle,Clear,Front to Rear,no,no,no,no,no,False
102836480,METROPOLITAN NASHVILLE POLICE DEPT,20200719844,Davidson,Nashville,11/19/2020 10:50:00 PM,2,0,0,36.139970,-86.788250,HORTON AV,,,,233.00,Feet,West,12TH AVS,,,,0.00,N,Not at Intersection,N,Non-Junction,None,,,         ,Earl,Davis,,Other,no,no,no,yes,yes,False
102836488,METROPOLITAN NASHVILLE POLICE DEPT,20200718361,Davidson,Nashville,11/19/2020 10:00:00 AM,2,0,0,36.044800,-86.662000,BELL RD,,,,139.00,Feet,West,CANE RIDGE RD,,,,0.00,N,Not at Intersection, ,Non-Junction,None,,,         ,Thomas,White,Clear,Angle,no,no,no,no,no,False
102836492,METROPOLITAN NASHVILLE POLICE DEPT,20200719765,Davidson,Nashville,11/20/2020 5:35:00 AM,3,0,0,36.248840,-86.719790,GALLATIN PKES,,,,229.00,Feet,South,E PALESTINE AV,,,,0.00,N,Not at Intersection,N,Non-Junction,None,,,         ,Reuben,Hewit,,Angle,no,no,no,no,no,False
102836516,METROPOLITAN NASHVILLE POLICE DEPT,20200719843,Davidson,Nashville,11/20/2020 7:11:00 AM,2,0,0,36.152150,-86.783990,11TH AVS,,,,120.00,Feet,North,12TH AVS,,,,0.00,N,Not at Intersection, ,"Driveway, Alley Access, etc",None,,,         ,Joshua,Reece,Clear,Angle,no,no,no,no,no,False
102836522,METROPOLITAN NASHVILLE POLICE DEPT,20200719919,Davidson,Nashville,11/20/2020 7:40:00 AM,2,0,0,36.149190,-86.775070,I 40,,,,0.00,,,,,,,210.10,N,Not at Intersection, ,Non-Junction,None,,,         ,Earl,Davis,,Front to Rear,no,no,no,no,no,False
102836524,METROPOLITAN NASHVILLE POLICE DEPT,20200719797,Davidson,Not in City Limit,11/20/2020 6:20:00 AM,1,0,0,36.308260,-86.862030,WHITES CREEK PKE,,,,0.56,Miles,North,BEAR HOLLOW RD,,,,0.00,N,Not at Intersection, ,Non-Junction,None,,,         ,Isaac,Wood,,Not Collision with Motor Vehicle in Transport,no,no,no,no,no,False
102836529,METROPOLITAN NASHVILLE POLICE DEPT,20200719885,Davidson,Nashville,11/20/2020 7:45:00 AM,2,0,0,36.107900,-86.743680,NOLENSVILLE PKE,,,,121.00,Feet,North,TIMMONS ST,,,,0.00,N,Not at Intersection, ,Non-Junction,None,,,         ,James,Thomas,Clear,Front to Rear,no,no,no,no,no,False
102836548,GOODLETTSVILLE POLICE DEPT,20-34094,Davidson,Goodlettsville,11/20/2020 7:24:00 AM,2,2,0,36.315010,-86.711810,RIVERGATE PKWY,,,,253.00,Feet,West,DONALD AV,,,,0.00,N,Not at Intersection,N,Non-Junction,None,,,         ,George,Forbes,Clear,Front to Rear,no,no,no,no,no,False
102836559,METROPOLITAN NASHVILLE POLICE DEPT,20200719807,Davidson,Nashville,11/20/2020 6:15:00 AM,3,0,0,36.071040,-86.635270,MURFREESBORO PKE,,,,404.00,Feet,South,BELL RD,,,,0.00,N,Not at Intersection,N,Non-Junction,None,,,         ,Dillon,Gann,,Angle,no,no,no,no,yes,False
102836565,METROPOLITAN NASHVILLE POLICE DEPT,20200719990,Davidson,Nashville,11/20/2020 8:04:00 AM,2,0,0,36.040430,-86.782890,I65 S EXT RAMP,,,,0.00,,,I 65,,,,0.00,Y,OTHER,N,Entrance/Exit Ramp Related,None,,,         ,Earl,Davis,,Front to Rear,no,no,no,no,yes,False
102836583,METROPOLITAN NASHVILLE POLICE DEPT,20200719847,Davidson,Nashville,11/20/2020 6:49:00 AM,4,1,0,36.152090,-86.845040,CHARLOTTE AV,,,,90.00,Feet,West,48TH AVN,,,,0.00,N,Not at Intersection,N,Non-Junction,None,,,         ,Darrin,Hardin,Clear,Angle,no,no,no,no,yes,False
102836584,METROPOLITAN NASHVILLE POLICE DEPT,20200719938,Davidson,Nashville,11/20/2020 8:23:00 AM,2,1,0,36.053000,-86.671930,I 24,,,,0.00,,,,,,,58.50,N,Not at Intersection,N,Non-Junction,None,,,         ,Brian,Sherman,Clear,Front to Rear,no,no,no,no,no,False
102836611,METROPOLITAN NASHVILLE POLICE DEPT,20200719863,Davidson,Nashville,11/20/2020 12:00:00 AM,1,0,0,36.199270,-86.754550,MONTGOMERY AV,,,,0.00,Feet,West,ONEIDA AV,,,,0.00,N,Not at Intersection,N,Non-Junction,None,,,         ,Jamel,Griffin,Unknown,Not Collision with Motor Vehicle in Transport,no,no,no,no,yes,False
102836620,METROPOLITAN NASHVILLE POLICE DEPT,20200720044,Davidson,Nashville,11/20/2020 9:35:00 AM,2,0,0,36.046430,-86.654700,HICKORY HOLLOW PKWY,,,,0.00,,,HICKORY HOLLOW LN,,,,0.00,Y,Four-Way, ,,None,,,         ,Thomas,White,,,no,no,no,no,no,False
102836635,METROPOLITAN NASHVILLE POLICE DEPT,20200720076,Davidson,Goodlettsville,11/20/2020 9:59:00 AM,2,1,0,36.296960,-86.699120,MYATT DR,,,,0.00,,,US HWY 31E,,,,0.00,Y,Four-Way, ,Intersection,None,,,         ,Michael,McCord,Clear,Front to Rear,no,no,no,no,no,False
102836636,METROPOLITAN NASHVILLE POLICE DEPT,20200720107,Davidson,Nashville,11/20/2020 10:13:00 AM,2,0,0,36.172220,-86.605850,CENTRAL PKE ENT RAMP,,,,0.00,,,I40 E EXT RAMP,,,,0.00,Y,OTHER,Y,Entrance/Exit Ramp Related,None,,,         ,Michael,Brooks,Clear,Not Collision with Motor Vehicle in Transport,no,no,no,no,yes,False
102836661,METROPOLITAN NASHVILLE POLICE DEPT,20200720204,Davidson,Nashville,11/20/2020 11:02:00 AM,1,0,0,36.045020,-86.697440,BELL RD,,,,1291.00,Feet,West,BROOK VIEW ESTATES DR,,,,0.00,N,Not at Intersection,N,Non-Junction,None,,,         ,Thomas,White,Clear,Not Collision with Motor Vehicle in Transport,no,no,no,no,no,False
102836668,METROPOLITAN NASHVILLE POLICE DEPT,20200720144,Davidson,Nashville,11/20/2020 10:40:00 AM,2,1,0,36.152810,-86.855860,I 40,,,,0.00,,,,,,,204.10,N,Not at Intersection,N,Non-Junction,None,,,         ,Blas,Hernandez,Clear,Front to Rear,no,no,no,no,no,False
102836678,METROPOLITAN NASHVILLE POLICE DEPT,20200720243,Davidson,Madison,11/20/2020 12:00:00 AM,2,1,0,36.258580,-86.713490,GALLATIN PKES,,,,55.00,Feet,North,HARRIS ST,,,,0.00,N,Not at Intersection,N,Non-Junction,None,,,         ,Keenan,McCann,,Front to Rear,no,no,no,no,no,False
102836696,METROPOLITAN NASHVILLE POLICE DEPT,20200719879,Davidson,Nashville,11/20/2020 7:35:00 AM,2,0,0,36.052930,-86.671830,I 24,,,,0.00,,,,,,,58.50,N,Not at Intersection,N,Non-Junction,None,,,         ,Dakota,Davis,Clear,Front to Rear,no,no,no,no,no,False
102836712,METROPOLITAN NASHVILLE POLICE DEPT,20200720265,Davidson,Nashville,11/20/2020 10:40:00 AM,2,0,0,36.191580,-86.743750,MCKENNIE AV,,,,194.00,Feet,West,N 12TH ST,,,,0.00,N,Not at Intersection, ,Non-Junction,None,,,         ,Douglas,Smith,,Rear to Side,no,no,no,no,no,False
102836720,METROPOLITAN NASHVILLE POLICE DEPT,20200720355,Davidson,Nashville,11/20/2020 12:27:00 PM,2,0,0,36.144210,-86.738720,I 40,,,,0.00,,,,,,,212.40,N,Not at Intersection, ,Non-Junction,None,,,         ,Michael,Dance,Clear,"Sideswipe, Same Direction",no,no,no,no,no,False
102836771,METROPOLITAN NASHVILLE POLICE DEPT,20200720332,Davidson,Nashville,11/20/2020 12:38:00 PM,2,0,0,36.135800,-86.725040,SPENCE LN,,,,0.00,,,MURFREESBORO PKE,,,,0.00,Y,OTHER, ,Intersection-Related,None,,,         ,Terry,Denton,Clear,Front to Rear,no,no,no,no,no,False
102836800,METROPOLITAN NASHVILLE POLICE DEPT,20200720253,Davidson,Nashville,11/20/2020 11:30:00 AM,2,0,0,36.178840,-86.795210,ROSA L PARKS BLVD,,,,0.00,,,HUME ST,,,,0.00,Y,T-Intersection,N,Non-Junction,None,,,         ,Gretta,Ireland,Clear,Front to Rear,no,no,no,no,no,False
102836806,METROPOLITAN NASHVILLE POLICE DEPT,20200720432,Davidson,Nashville,11/20/2020 1:14:00 PM,2,0,0,36.169890,-86.674420,LEBANON PKE,,,,0.00,,,GRAYLYNN DR,,,,0.00,Y,T-Intersection, ,Intersection,None,,,         ,Michael,Dance,,Front to Rear,no,no,no,no,no,False
102836809,METROPOLITAN NASHVILLE POLICE DEPT,20200720390,Davidson,Nashville,11/20/2020 12:15:00 PM,2,0,0,36.097430,-86.738320,NOLENSVILLE PKE,,,,118.00,Feet,South,VERITAS ST,,,,0.00,N,Not at Intersection, ,Non-Junction,None,,,         ,Michael,Moss,Clear,Front to Rear,no,no,no,no,no,False
102836878,METROPOLITAN NASHVILLE POLICE DEPT,20200720417,Davidson,Nashville,11/20/2020 12:46:00 PM,2,1,0,36.186020,-86.798260,I65 S EXT RAMP,,,,0.00,Feet,East,I 65,,,,0.00,N,Not at Intersection,N,Non-Junction,None,,,         ,Cody,Jaworski,Clear,Front to Rear,no,no,no,no,no,False
102836886,METROPOLITAN NASHVILLE POLICE DEPT,20200720398,Davidson,Nashville,11/20/2020 12:50:00 PM,1,0,0,36.242210,-86.774350,MASONWOOD DR,,,,10.00,Feet,East,AUSTIN LN,,,,0.00,N,Not at Intersection, ,Non-Junction,None,,,         ,Michael,McCord,Clear,Not Collision with Motor Vehicle in Transport,no,no,no,no,no,False
102836890,METROPOLITAN NASHVILLE POLICE DEPT,20200720446,Davidson,Nashville,11/20/2020 1:19:00 PM,2,2,0,36.178590,-86.605110,I40 E EXT RAMP,,,,0.00,,,OLD HICKORY BLVD,,,,0.00,Y,OTHER,N,Intersection,None,,,         ,Michael,Brooks,,Front to Rear,no,no,no,no,no,False
102836892,METROPOLITAN NASHVILLE POLICE DEPT,20200720487,Davidson,Nashville,11/20/2020 1:52:00 PM,2,0,0,36.156070,-86.795430,CHURCH ST,,,,175.00,Feet,East,17TH AVN,,,,0.00,N,Not at Intersection,N,Non-Junction,None,,,         ,Earl,Davis,,Rear to Rear,no,no,no,yes,yes,False
102836896,METROPOLITAN NASHVILLE POLICE DEPT,20200720337,Davidson,Nashville,11/20/2020 12:00:00 PM,2,0,0,36.134870,-86.894160,I 40,,,,0.00,,,,,,,201.45,N,Not at Intersection, ,Non-Junction,None,,,         ,Jack,Crouch,,"Sideswipe, Same Direction",no,no,no,no,no,False
102836903,METROPOLITAN NASHVILLE POLICE DEPT,20200720380,Davidson,Nashville,11/20/2020 12:10:00 PM,2,0,0,36.080240,-86.696610,I 24,,,,0.00,,,,,,,56.20,N,Not at Intersection,N,Non-Junction,None,,,         ,John,Robish,Clear,"Sideswipe, Same Direction",no,no,no,no,yes,False
102836920,METROPOLITAN NASHVILLE POLICE DEPT,20200720279,Davidson,Nashville,11/20/2020 11:50:00 AM,1,0,0,36.124150,-86.742420,I 440,,,,0.00,,,,,,,6.70,N,Not at Intersection, ,Non-Junction,None,,,         ,James,Thomas,Clear,Not Collision with Motor Vehicle in Transport,no,no,no,no,no,False
102836957,METROPOLITAN NASHVILLE POLICE DEPT,20200720397,Davidson,Not in City Limit,11/20/2020 12:55:00 PM,2,0,0,36.280820,-86.875590,CLARKSVILLE PKE,,,,805.00,Feet,West,OLD HICKORY BLVD,,,,0.00,N,Not at Intersection,N,Non-Junction,None,,,         ,Justen,Ogle,,Angle,no,no,no,no,yes,False
102836960,METROPOLITAN NASHVILLE POLICE DEPT,20200720300,Davidson,Nashville,11/20/2020 11:54:00 AM,2,0,0,36.148570,-86.769070,4TH AVS,,,,136.00,Feet,South,OAK ST,,,,0.00,N,Not at Intersection,N,Non-Junction,None,,,         ,Brian,Sherman,Clear,"Sideswipe, Same Direction",no,no,no,no,no,False
102836963,METROPOLITAN NASHVILLE POLICE DEPT,20200720423,Davidson,Nashville,11/20/2020 1:08:00 PM,2,0,0,36.215120,-86.597670,LEBANON PKE,,,,0.00,Feet,West,ANDREW JACKSON PKWY,,,,0.00,N,Not at Intersection, ,Non-Junction,None,,,         ,Rex,Engelbert,,Front to Rear,no,no,no,no,no,False
102836964,METROPOLITAN NASHVILLE POLICE DEPT,20200720318,Davidson,Antioch,11/20/2020 12:11:00 PM,2,1,0,36.009300,-86.615050,I 24,,,,0.00,,,,,,,63.00,N,Not at Intersection,N,Non-Junction,None,,,         ,Thomas,White,Clear,Angle,no,no,no,no,no,False
102836999,METROPOLITAN NASHVILLE POLICE DEPT,20200720472,Davidson,Nashville,11/20/2020 1:37:00 PM,1,1,0,36.067410,-86.631250,MURFREESBORO PKE,,,,0.00,,,FOREST VIEW DR,,,,0.00,Y,Four-Way,N,Non-Junction,None,,,         ,Dillon,Gann,,Not Collision with Motor Vehicle in Transport,yes,no,no,no,no,False
102837057,METROPOLITAN NASHVILLE POLICE DEPT,20200720599,Davidson,Nashville,11/20/2020 2:59:00 PM,2,0,0,36.152340,-86.771580,4TH AVS,,,,0.00,,,ASH ST,,,,0.00,Y,Four-Way, ,Non-Junction,None,,,         ,Nicholas,Berry,,Angle,no,no,no,no,no,False
102837058,METROPOLITAN NASHVILLE POLICE DEPT,20200720413,Davidson,Nashville,11/20/2020 1:10:00 PM,2,0,0,36.153570,-86.850970,I 40,,,,0.00,,,,,,,204.35,N,Not at Intersection, ,Non-Junction,None,,,         ,Gerry,Hutcheson,,Other,no,no,no,no,no,False
102837059,METROPOLITAN NASHVILLE POLICE DEPT,20200720598,Davidson,Nashville,11/20/2020 3:03:00 PM,1,1,0,36.163660,-86.649590,STEWARTS FERRY PKE,,,,392.00,Feet,West,MTMHI PVTDR,,,,0.00,N,Not at Intersection,N,Non-Junction,None,,,         ,Adam,Warren,,Not Collision with Motor Vehicle in Transport,yes,no,no,yes,yes,False
102837060,METROPOLITAN NASHVILLE POLICE DEPT,20200720574,Davidson,Nashville,11/20/2020 2:11:00 PM,2,0,0,36.081960,-86.761320,HARDING PL,,,,123.00,Feet,East,SIDCO DR,,,,0.00,N,Not at Intersection, ,Non-Junction,None,,,         ,John,McDonnell,,Front to Rear,no,no,no,no,no,False
102837061,METROPOLITAN NASHVILLE POLICE DEPT,20200720542,Davidson,Nashville,11/20/2020 2:38:00 PM,2,0,0,36.100900,-86.818780,HILLSBORO PKE,,,,21.00,Feet,South,OVERHILL DR,,,,0.00,N,Not at Intersection, ,Non-Junction,None,,,         ,Edin,Plancic,,Front to Rear,no,no,no,no,no,False
102837071,METROPOLITAN NASHVILLE POLICE DEPT,20200720506,Davidson,Nashville,11/20/2020 2:00:00 PM,3,2,0,36.204320,-86.840620,CLARKSVILLE PKE,,,,414.00,Feet,North,ABERNATHY RD,,,,0.00,N,Not at Intersection,N,Non-Junction,None,,,         ,Justen,Ogle,Clear,Front to Rear,no,no,no,no,yes,False
102837076,METROPOLITAN NASHVILLE POLICE DEPT,20200720648,Davidson,Not in City Limit,11/20/2020 3:29:00 PM,2,0,0,36.100020,-86.935230,I 40,,,,0.00,,,,,,,198.15,N,Not at Intersection, ,Non-Junction,None,,,         ,Jared,Dick,,Front to Rear,no,no,no,no,no,False
102837078,METROPOLITAN NASHVILLE POLICE DEPT,20200720610,Davidson,Old Hickory,11/20/2020 3:07:00 PM,2,0,0,36.246590,-86.640150,OLD HICKORY BLVD,,,,112.00,Feet,East,26TH ST,,,,0.00,N,Not at Intersection,N,Non-Junction,None,,,         ,Terence,Mitchell,,"Sideswipe, Same Direction",no,no,no,no,no,False
102837089,METROPOLITAN NASHVILLE POLICE DEPT,20200720614,Davidson,Antioch,11/20/2020 3:11:00 PM,2,1,0,36.047840,-86.612050,MURFREESBORO PKE,,,,1284.00,Feet,North,MOUNTAIN SPRINGS RD,,,,0.00,N,Not at Intersection,N,Non-Junction,None,,,         ,Thomas,Parsons,Clear,Angle,no,no,no,no,no,False
102837135,METROPOLITAN NASHVILLE POLICE DEPT,20200720738,Davidson,Nashville,11/20/2020 4:12:00 PM,2,0,0,36.158110,-86.777990,DEMONBREUN ST,,,,197.00,Feet,East,6TH AVS,,,,0.00,N,Not at Intersection,N,Non-Junction,None,,,         ,Mathew,Clement,,Front to Rear,no,no,no,no,no,False
102837136,METROPOLITAN NASHVILLE POLICE DEPT,20200720567,Davidson,Not in City Limit,11/20/2020 1:50:00 PM,2,0,0,36.078650,-86.954510,COLEY DAVIS RD,,,,183.00,Feet,East,HARPETH YOUTH SOCCER PVTDR,,,,0.00,N,Not at Intersection, ,Non-Junction,None,,,         ,Jared,Dick,,Other,no,no,no,yes,yes,False
102837139,METROPOLITAN NASHVILLE POLICE DEPT,20200719274,Davidson,Nashville,11/19/2020 8:01:00 PM,2,0,0,36.044140,-86.714220,BRENTWOOD EAST DR,,,,325.00,Feet,West,NOLENSVILLE PKE,,,,0.00,N,Not at Intersection,N,Non-Junction,None,,,         ,Nicholas,Carroll,,Other,no,no,no,yes,yes,False
102837140,METROPOLITAN NASHVILLE POLICE DEPT,20200720707,Davidson,Nashville,11/20/2020 3:24:00 PM,2,0,0,36.193930,-86.831650,CLARKSVILLE PKE,,,,161.00,Feet,West,S HAMILTON RD,,,,0.00,N,Not at Intersection,N,Non-Junction,None,,,         ,Jacob,Krispin,,Angle,no,no,no,yes,yes,False
102837176,METROPOLITAN NASHVILLE POLICE DEPT,20200720770,Davidson,Nashville,11/20/2020 2:19:00 PM,2,0,0,36.091730,-86.651580,MURFREESBORO PKE,,,,197.00,Feet,North,BRITISH WOODS DR,,,,0.00,N,Not at Intersection, ,,None,,,         ,Thomas,Parsons,,,no,no,no,no,no,False
102837177,METROPOLITAN NASHVILLE POLICE DEPT,20200720750,Davidson,Nashville,11/20/2020 4:20:00 PM,2,0,0,36.127030,-86.804010,BEECHWOOD AV,,,,0.00,,,21ST AVS,,,,0.00,Y,T-Intersection, ,Non-Junction,None,,,         ,Goran,Manojlovic,,Angle,no,no,no,no,no,False
102837207,METROPOLITAN NASHVILLE POLICE DEPT,20200720817,Davidson,Nashville,11/20/2020 4:40:00 PM,2,0,0,36.145900,-86.743930,FESSLERS LN,,,,302.00,Feet,South,RUNDLE AV,,,,0.00,N,Not at Intersection, ,,None,,,         ,Peter,Kinsey,,,no,no,no,no,no,False
102837209,METROPOLITAN NASHVILLE POLICE DEPT,20200720680,Davidson,Nashville,11/20/2020 3:43:00 PM,2,0,0,36.206480,-86.776300,I 65,,,,0.00,,,,,,,87.30,N,Not at Intersection, ,Non-Junction,None,,,         ,Sarah,Cartwright,,"Sideswipe, Same Direction",no,no,no,no,no,False
102837212,METROPOLITAN NASHVILLE POLICE DEPT,20200720847,Davidson,Nashville,11/20/2020 4:55:00 PM,2,0,0,36.136780,-86.795600,WEDGEWOOD AV,,,,57.00,Feet,East,17TH AVS,,,,0.00,N,Not at Intersection,N,Non-Junction,None,,,         ,Cory,Stratton,,Front to Rear,no,no,no,no,yes,False
102837234,METROPOLITAN NASHVILLE POLICE DEPT,20200720840,Davidson,Nashville,11/20/2020 4:46:00 PM,2,0,0,36.145240,-86.666990,SHACKLETT DR,,,,72.00,Feet,West,DONELSON PKE,,,,0.00,N,Not at Intersection, ,Non-Junction,None,,,         ,Adam,Warren,,Front to Rear,no,no,no,no,no,False
102837247,METROPOLITAN NASHVILLE POLICE DEPT,20200720854,Davidson,Nashville,11/20/2020 2:27:00 PM,2,0,0,36.134590,-86.723390,MURFREESBORO PKE,,,,319.00,Feet,West,PLUS PARK BLVD,,,,0.00,N,Not at Intersection,N,"Driveway, Alley Access, etc",None,,,         ,Gary,Anderson,Clear,Angle,no,no,no,no,yes,False
102837265,METROPOLITAN NASHVILLE POLICE DEPT,20200720711,Davidson,Nashville,11/20/2020 3:44:00 PM,2,0,0,36.154480,-86.779440,8TH AVS,,,,0.00,,,LAFAYETTE ST,,,,0.00,Y,Roundabout, ,Intersection,None,,,         ,Philip,Claibourne,,Angle,no,no,no,no,no,False
102837281,METROPOLITAN NASHVILLE POLICE DEPT,20200720883,Davidson,Nashville,11/20/2020 4:26:00 PM,2,0,0,36.103390,-86.666750,MURFREESBORO PKE,,,,98.00,Feet,West,FAIRCLOTH LN,,,,0.00,N,Not at Intersection, ,,None,,,         ,Thomas,Parsons,,,no,no,no,no,no,False
102837284,METROPOLITAN NASHVILLE POLICE DEPT,20200720913,Davidson,Nashville,11/20/2020 5:22:00 PM,2,0,0,36.131450,-86.773930,I 65,,,,0.00,,,,,,,81.15,N,Not at Intersection, ,Non-Junction,None,,,         ,Ryan,Sherry,Other,Front to Rear,no,no,no,no,no,False
102837291,METROPOLITAN NASHVILLE POLICE DEPT,20200720786,Davidson,Nashville,11/20/2020 4:06:00 PM,2,0,0,36.044630,-86.659490,I24 E ENT RAMP,,,,0.00,Feet,East,I 24,,,,0.00,N,Not at Intersection,N,Non-Junction,None,,,         ,Edward,Starke,Clear,"Sideswipe, Same Direction",no,no,no,no,no,False
102837294,METROPOLITAN NASHVILLE POLICE DEPT,20200720820,Davidson,Nashville,11/20/2020 4:50:00 PM,2,2,0,36.193310,-86.751590,DOUGLAS AV,,,,0.00,,,CLINE AV,,,,0.00,Y,Four-Way,Y,Intersection-Related,None,,,         ,Sarah,Cartwright,,Angle,no,no,no,no,no,False
102837301,METROPOLITAN NASHVILLE POLICE DEPT,20200720909,Davidson,Nashville,11/20/2020 1:44:00 PM,2,0,0,36.218520,-86.762810,DICKERSON PKE,,,,439.00,Feet,North,LORRAINE AV,,,,0.00,N,Not at Intersection, ,Non-Junction,None,,,         ,Jonathan,Foote,,Front to Rear,no,no,no,no,no,False
102837311,METROPOLITAN NASHVILLE POLICE DEPT,20200720890,Davidson,Nashville,11/20/2020 5:22:00 PM,2,0,0,36.158090,-86.791130,I 40,,,,0.00,,,,,,,209.00,N,Not at Intersection, ,Non-Junction,None,,,         ,Zachary,Plese,Clear,Front to Rear,no,no,no,no,no,False
102837322,METROPOLITAN NASHVILLE POLICE DEPT,20200720934,Davidson,Nashville,11/20/2020 5:40:00 PM,2,0,0,36.142390,-86.815740,WEST END AV,,,,101.00,Feet,South,31ST AVN,,,,0.00,N,Not at Intersection, ,,None,,,         ,Cory,Stratton,,,no,no,no,no,no,Campus
102837324,METROPOLITAN NASHVILLE POLICE DEPT,20200720969,Davidson,Nashville,11/20/2020 6:10:00 PM,1,0,0,36.121840,-86.923690,RIVER ROAD PKE,,,,108.00,Feet,West,OLD CHARLOTTE PKE,,,,0.00,N,Not at Intersection, ,Non-Junction,None,,,         ,William,Vanbergen,,Not Collision with Motor Vehicle in Transport,no,no,no,no,no,False
102837326,METROPOLITAN NASHVILLE POLICE DEPT,20200720942,Davidson,Not in City Limit,11/20/2020 1:40:00 PM,1,0,0,36.117100,-86.964450,OLD CHARLOTTE PKE,,,,217.00,Feet,East,BUFFALO RD,,,,0.00,N,Not at Intersection,N,Non-Junction,None,,,         ,Jared,Dick,,Not Collision with Motor Vehicle in Transport,no,no,no,no,no,False
102837359,METROPOLITAN NASHVILLE POLICE DEPT,20200720628,Davidson,Nashville,11/20/2020 2:37:00 PM,3,2,0,36.171840,-86.764770,S 5TH ST,,,,0.00,,,WOODLAND ST,,,,0.00,Y,Four-Way,N,Intersection,None,,,         ,Zachary,Aldrich,,Front to Rear,no,no,no,no,no,False
102837370,METROPOLITAN NASHVILLE POLICE DEPT,20200720765,Davidson,Not in City Limit,11/20/2020 12:00:00 AM,2,1,0,36.313060,-86.864680,WHITES CREEK PKE,,,,59.00,Feet,East,OLD CLARKSVILLE PKE,,,,0.00,N,Not at Intersection,N,Non-Junction,None,,,         ,Melvin,Taylor,,Angle,no,no,no,no,no,False
102837376,METROPOLITAN NASHVILLE POLICE DEPT,20200721046,Davidson,Nashville,11/20/2020 6:04:00 PM,2,0,0,36.044800,-86.668970,BELL RD,,,,178.00,Feet,West,BEECHWOOD TER,,,,0.00,N,Not at Intersection,N,Non-Junction,None,,,         ,Edward,Starke,Clear,Angle,no,no,no,no,no,False
102837377,METROPOLITAN NASHVILLE POLICE DEPT,20200721030,Davidson,Nashville,11/20/2020 6:45:00 PM,2,2,0,36.204040,-86.742590,E TRINITY LN,,,,139.00,Feet,West,VIBE PL,,,,0.00,N,Not at Intersection,N,Non-Junction,None,,,         ,Ryan,Coll,,Front to Rear,no,no,no,no,no,False
102837379,METROPOLITAN NASHVILLE POLICE DEPT,20200721057,Davidson,Nashville,11/20/2020 6:00:00 PM,2,0,0,36.131400,-86.778850,8TH AVS,,,,136.00,Feet,South,SOUTH DOUGLAS AV,,,,0.00,N,Not at Intersection, ,,None,,,         ,Cory,Stratton,,,no,no,no,no,no,False
102837380,METROPOLITAN NASHVILLE POLICE DEPT,20200720974,Davidson,Nashville,11/20/2020 5:37:00 PM,3,0,0,36.142810,-86.736570,I 40,,,,0.00,,,,,,,212.70,N,Not at Intersection, ,,None,,,         ,Evan,Grace,,,no,no,no,no,no,False
102837424,METROPOLITAN NASHVILLE POLICE DEPT,20200721087,Davidson,Nashville,11/20/2020 7:25:00 PM,2,0,0,36.140930,-86.718120,I 40,,,,0.00,,,,,,,213.75,N,Not at Intersection, ,Non-Junction,None,,,         ,Daniel,Tomlinson,,"Sideswipe, Same Direction",no,no,no,no,no,False
102837427,METROPOLITAN NASHVILLE POLICE DEPT,20200720753,Davidson,Nashville,11/20/2020 4:21:00 PM,2,2,0,36.041140,-86.776210,OLD HICKORY BLVD,,,,0.00,,,BRENTWOOD COMMONS WAY,,,,0.00,Y,Four-Way,Y,Intersection-Related,None,,,         ,Nicholas,Carroll,,Other,no,no,no,no,no,False
102837431,METROPOLITAN NASHVILLE POLICE DEPT,20200720952,Davidson,Nashville,11/20/2020 6:01:00 PM,2,1,0,36.156990,-86.633380,STEWARTS FERRY PKE,,,,217.00,Feet,West,LAUER DR,,,,0.00,N,Not at Intersection,N,Non-Junction,None,,,         ,Douglas,Mann,Clear,Angle,no,no,no,no,yes,False