master_record_number,agency,agency_tracking_number,county,city,collision_date,vehicles_involved,number_injured,number_dead,latitude,longitude,roadway_name,roadway_suffix,roadway_number,roadway_local_id,distance_from_reference,miles-feet_indicator,direction_from_reference,intersection_road_name,intersection_road_name_suffix,intersection_road_number,intersection_local_id,mile_marker,intersection_indicator,intersect_type,interchange_related_indicator,relation_to_junction,work_zone_type,construction_maintenance_zone,construction_maintenance_zone_location,fatal_case_number,officer_first_name,officer_last_name,weather_condition(s),manner_of_crash,pedestrian,bicycle,scooter,parking,hitrun,mou
102837437,METROPOLITAN NASHVILLE POLICE DEPT,20200721007,Davidson,Nashville,11/20/2020 6:32:00 PM,1,0,0,36.127050,-86.902400,I 40,,,,0.00,,,,,,,200.75,N,Not at Intersection,N,Non-Junction,None,,,         ,Alquavious,McDaniel,,Not Collision with Motor Vehicle in Transport,no,no,no,no,no,False
102837448,METROPOLITAN NASHVILLE POLICE DEPT,20200721150,Davidson,Nashville,11/20/2020 12:00:00 AM,2,1,0,36.150830,-86.769560,I40 E EXT RAMP,,,,0.00,,,I 40,,,,0.00,Y,OTHER, ,Non-Junction,None,,,         ,Trevor,Taylor,Clear,Front to Rear,no,no,no,no,no,False
102837459,METROPOLITAN NASHVILLE POLICE DEPT,20200720887,Davidson,Nashville,11/20/2020 5:03:00 PM,2,0,0,36.073000,-86.635790,BELL RD,,,,427.00,Feet,North,MURFREESBORO PKE,,,,0.00,N,Not at Intersection, ,Non-Junction,None,,,         ,Steven,Powers,Clear,Angle,no,no,no,no,no,False
102837467,METROPOLITAN NASHVILLE POLICE DEPT,20200720643,Davidson,Nashville,11/20/2020 3:25:00 PM,3,2,0,36.132190,-86.726870,I24E,,,,692.00,Feet,North,I24 W EXT RAMP,,,,0.00,N,Not at Intersection,N,Non-Junction,None,,,         ,Beri,Scott,Clear,Front to Rear,no,no,no,no,yes,False
102837468,METROPOLITAN NASHVILLE POLICE DEPT,20200721134,Davidson,Nashville,11/20/2020 7:20:00 PM,2,0,0,36.163130,-86.761620,I 24,,,,0.00,,,,,,,49.25,N,Not at Intersection,N,Non-Junction,None,,,         ,Roy,Sain Jr.,,"Sideswipe, Same Direction",no,no,no,no,yes,False
102837483,METROPOLITAN NASHVILLE POLICE DEPT,20200721018,Davidson,Nashville,11/20/2020 6:47:00 PM,2,0,0,36.142740,-86.735900,I 40,,,,0.00,,,,,,,212.75,N,Not at Intersection, ,Non-Junction,None,,,         ,Peter,Kinsey,,"Sideswipe, Same Direction",no,no,no,no,no,False
102837484,METROPOLITAN NASHVILLE POLICE DEPT,20200721135,Davidson,Nashville,11/20/2020 5:23:00 PM,2,0,0,36.147640,-86.757790,FAIRFIELD AV,,,,129.00,Feet,North,LAFAYETTE ST,,,,0.00,N,Not at Intersection,N,Non-Junction,None,,,         ,Peter,Kinsey,,Angle,no,no,no,no,yes,False
102837487,THP District 3 - Nashville,320066402,Davidson,Nashville,11/20/2020 2:01:00 PM,1,0,0,36.153340,-86.857560,BRILEY PKWY,,,,125.00,Feet,North,BRILEY PKWY,,,,0.00,N,Not at Intersection, ,Non-Junction,Construction Zone,,,         ,Kerry,Naquin,Clear,Unknown,no,no,no,no,yes,False
102837501,METROPOLITAN NASHVILLE POLICE DEPT,20200721138,Davidson,Nashville,11/20/2020 8:06:00 PM,2,0,0,36.148650,-86.875370,I 40,,,,0.00,,,,,,,202.90,N,Not at Intersection, ,Non-Junction,None,,,         ,Ryan,Malone,,"Sideswipe, Same Direction",no,no,no,no,yes,False
102837559,METROPOLITAN NASHVILLE POLICE DEPT,20200720981,Davidson,Antioch,11/20/2020 6:21:00 PM,3,0,0,36.043710,-86.594000,POST OAK DR,,,,55.00,Feet,East,PEACEFUL BROOK DR,,,,0.00,N,Not at Intersection,N,Non-Junction,None,,,         ,Nadine,Klemenz,Clear,"Sideswipe, Same Direction",no,no,no,no,no,False
102837569,METROPOLITAN NASHVILLE POLICE DEPT,20200720987,Davidson,Nashville,11/20/2020 6:26:00 PM,2,1,0,36.208620,-86.777810,BRICK CHURCH PKE,,,,165.00,Feet,South,AVONDALE CIR,,,,0.00,N,Not at Intersection,N,Non-Junction,None,,,         ,Gabriel,Centeno,,Angle,no,no,no,no,no,False
102837579,GOODLETTSVILLE POLICE DEPT,20-34156,Davidson,Goodlettsville,11/20/2020 6:25:00 PM,2,0,0,36.306950,-86.694130,VIETNAM VETERANS BLVD NB ENT R,,,,0.00,,,CONFERENCE DR,,,,0.00,Y,Four-Way,Y,Entrance/Exit Ramp Related,None,,,         ,Austin,Herendeen,Clear,"Sideswipe, Same Direction",no,no,no,no,yes,False
102837589,METROPOLITAN NASHVILLE POLICE DEPT,20200721226,Davidson,Nashville,11/20/2020 8:45:00 PM,3,0,0,36.082490,-86.763490,HARDING PL,,,,0.00,,,I65 N ENT RAMP,,,,0.00,Y,OTHER,N,Non-Junction,None,,,         ,Goran,Manojlovic,,Front to Rear,no,no,no,no,no,False
102837605,METROPOLITAN NASHVILLE POLICE DEPT,20200721202,Davidson,Nashville,11/20/2020 8:44:00 PM,1,0,0,36.042960,-86.666730,ARBOR PL,,,,481.00,Feet,West,ARBOR RIDGE DR,,,,0.00,N,Not at Intersection,N,Non-Junction,None,,,         ,Lisa,Beck,,Not Collision with Motor Vehicle in Transport,no,no,no,yes,yes,False
102837606,METROPOLITAN NASHVILLE POLICE DEPT,20200721312,Davidson,Nashville,11/20/2020 9:57:00 PM,2,0,0,36.206780,-86.781220,US HWY 431,,,,819.00,Feet,East,HAMPTON ST,,,,0.00,N,Not at Intersection,N,Non-Junction,None,,,         ,Cory,Fetner,,"Sideswipe, Opposite Direction",no,no,no,no,yes,False
102837649,BRENTWOOD POLICE DEPT,BPD-20-02337,Davidson,Nashville,11/20/2020 9:50:00 PM,2,0,0,36.033220,-86.785310,CHURCH STE,,,,0.00,,,WILSON PIKE CIR,,,,0.00,Y,Four-Way, ,,None,,,         ,Alison,Smith,,,no,no,no,no,no,False
102837662,METROPOLITAN NASHVILLE POLICE DEPT,20200719799,Davidson,Nashville,11/20/2020 6:30:00 AM,1,1,0,36.088720,-86.721920,PARAGON MILLS RD,,,,381.00,Feet,West,ELYSIAN FIELDS RD,,,,0.00,N,Not at Intersection,N,Non-Junction,None,,,         ,Taylor,Blackwelder,Clear,Not Collision with Motor Vehicle in Transport,no,no,no,no,no,False
102837676,METROPOLITAN NASHVILLE POLICE DEPT,20200721419,Davidson,Nashville,11/20/2020 10:45:00 PM,2,0,0,36.096960,-86.738080,NOLENSVILLE PKE,,,,306.00,Feet,South,VERITAS ST,,,,0.00,N,Not at Intersection, ,Non-Junction,None,,,         ,Ricardo,Cruz,,Front to Rear,no,no,no,no,no,False
102837693,METROPOLITAN NASHVILLE POLICE DEPT,2020-0721461,Davidson,Not in City Limit,11/21/2020 12:30:00 AM,2,0,0,36.263910,-86.690300,STATE RT 45,,,,0.00,Feet,,MYATT DR,,,,0.00,Y,Four-Way, ,Rail Grade Crossing,None,,,         ,Hendrik,Kruger,Clear,"Sideswipe, Same Direction",no,no,no,no,yes,False
102837699,METROPOLITAN NASHVILLE POLICE DEPT,20200718750,Davidson,Nashville,11/19/2020 3:43:00 PM,2,1,1,36.156650,-86.709850,LEBANON PKE,,,,294.00,Feet,West,OMOHUNDRO DR,,,,0.00,N,Not at Intersection,N,Non-Junction,Work Zone,Laneclosure,Transition Area,         ,Christopher,Valdez,Clear,Not Collision with Motor Vehicle in Transport,yes,no,no,no,no,False
102837700,METROPOLITAN NASHVILLE POLICE DEPT,20200721183,Davidson,Nashville,11/20/2020 9:30:00 PM,1,1,0,36.211670,-86.765210,DICKERSON PKE,,,,68.00,Feet,North,DONALD ST,,,,0.00,N,Not at Intersection,N,Non-Junction,None,,,         ,Christopher,Valdez,Clear,Not Collision with Motor Vehicle in Transport,yes,no,no,no,yes,False
102837720,METROPOLITAN NASHVILLE POLICE DEPT,20200721537,Davidson,Nashville,11/21/2020 12:36:00 AM,2,0,0,36.164400,-86.777320,CHURCH ST,,,,135.00,Feet,West,2ND AVN,,,,0.00,N,Not at Intersection,N,Non-Junction,None,,,         ,Richard,Luellen,Clear,Front to Rear,no,no,no,no,yes,False
102837723,METROPOLITAN NASHVILLE POLICE DEPT,20200721647,Davidson,Nashville,11/21/2020 2:30:00 AM,1,0,0,36.152590,-86.787090,I 40,,,,0.00,,,,,,,209.40,N,Not at Intersection,Y,Entrance/Exit Ramp Related,None,,,         ,Michael,Sipos,Clear,Not Collision with Motor Vehicle in Transport,no,no,no,no,no,False
102837732,METROPOLITAN NASHVILLE POLICE DEPT,20200721541,Davidson,Nashville,11/21/2020 1:05:00 AM,2,1,0,36.115960,-86.725260,I 24,,,,0.00,,,,,,,53.20,N,Not at Intersection,N,Non-Junction,None,,,         ,Bryce,Hatten,Clear,Front to Rear,no,no,no,no,no,False
102837750,METROPOLITAN NASHVILLE POLICE DEPT,20200721727,Davidson,Nashville,11/21/2020 3:47:00 AM,2,0,0,36.175260,-86.763850,N 6TH ST,,,,66.00,Feet,South,HOWERTON ST,,,,0.00,N,Not at Intersection,N,Non-Junction,None,,,         ,Joshua,Whitworth,,HeadOn,no,no,no,no,yes,False
102837751,VANDERBILT UNIVERSITY POLICE,20200712828,Davidson,Nashville,11/19/2020 6:05:00 AM,1,0,0,36.146250,-86.807880,25TH AVS,,,,199.00,Feet,North,KENSINGTON PL,,,,0.00,N,Not at Intersection,N,Non-Junction,None,,,         ,Orlando,Dixson,,Not Collision with Motor Vehicle in Transport,no,no,no,yes,no,Campus
102837756,METROPOLITAN NASHVILLE POLICE DEPT,20200721728,Davidson,Nashville,11/21/2020 12:00:00 AM,1,0,0,36.112980,-86.799040,STATE HWY 155,,,,288.00,Feet,East,BELMONT BLVD,,,,0.00,N,Not at Intersection,N,Non-Junction,None,,,         ,Steven,Luckey,,Not Collision with Motor Vehicle in Transport,no,no,no,no,yes,False
102837784,METROPOLITAN NASHVILLE POLICE DEPT,20200721719,Davidson,Nashville,11/21/2020 3:15:00 AM,2,3,0,36.108680,-86.812130,GLEN ECHO RD,,,,0.00,,,HILLSBORO PKE,,,,0.00,Y,T-Intersection,Y,Intersection,None,,,         ,Michael,Hodges,,Front to Rear,no,no,no,no,yes,False
102837785,METROPOLITAN NASHVILLE POLICE DEPT,20200716697,Davidson,Nashville,11/18/2020 3:50:00 PM,2,0,0,36.101490,-86.870580,HARDING PKE,,,,269.00,Feet,South,HARDING PL,,,,0.00,N,Not at Intersection, ,Non-Junction,None,,,         ,Douglas,Atwood,Clear,Front to Rear,no,no,no,no,no,False
102837791,METROPOLITAN NASHVILLE POLICE DEPT,20200721359,Davidson,Nashville,11/20/2020 10:55:00 PM,2,0,0,36.157510,-86.773730,KOREAN VETERANS BLVD,,,,107.00,Feet,West,3RD AVS,,,,0.00,N,Not at Intersection, ,Non-Junction,None,,,         ,James,Wells Jr.,,Front to Rear,no,no,no,no,no,False
102837797,METROPOLITAN NASHVILLE POLICE DEPT,20200721850,Davidson,Nashville,11/21/2020 4:53:00 AM,1,0,0,36.187790,-86.815180,MCKINNEY AV,,,,22.00,Feet,East,24TH AVN,,,,0.00,N,Not at Intersection,N,Non-Junction,None,,,         ,Dakota,Vermillion,Clear,Not Collision with Motor Vehicle in Transport,no,no,no,no,yes,False
102837798,METROPOLITAN NASHVILLE POLICE DEPT,20200721847,Davidson,Nashville,11/21/2020 5:56:00 AM,1,0,0,36.235860,-86.831850,ECHO LN,,,,178.00,Feet,West,CLARKSVILLE PKE,,,,0.00,N,Not at Intersection,N,Non-Junction,None,,,         ,John,Deiterick,Clear,Not Collision with Motor Vehicle in Transport,no,no,no,no,no,False
102837800,METROPOLITAN NASHVILLE POLICE DEPT,20200721857,Davidson,Nashville,11/21/2020 5:54:00 AM,2,1,0,36.058889,-86.596833,HOBSON,PIKE,,,0.00,,,HAMILTON CHURCH,RD,,,0.00,Y,Four-Way,N,Intersection-Related,None,,,         ,Bryce,Hatten,Clear,Angle,no,no,no,no,no,False
102837803,METROPOLITAN NASHVILLE POLICE DEPT,20200721818,Davidson,Nashville,11/21/2020 4:40:00 AM,2,0,0,36.150320,-86.770250,4TH AVS,,,,63.00,Feet,South,I40 E EXT RAMP,,,,0.00,N,Not at Intersection,N,Entrance/Exit Ramp Related,None,,,         ,Clayton,Cox,,Front to Rear,no,no,no,no,yes,False
102837804,METROPOLITAN NASHVILLE POLICE DEPT,20200721000,Davidson,Nashville,11/20/2020 3:30:00 PM,2,0,0,36.201270,-86.694110,OPRY MILLS DR,,,,1129.00,Feet,East,SHELBY BOTTOMS GRNWY,,,,0.00,N,Not at Intersection, ,,None,,,         ,Andrew,Richey,,,no,no,no,yes,no,False
102837830,METROPOLITAN NASHVILLE POLICE DEPT,20200721874,Davidson,Nashville,11/21/2020 6:40:00 AM,2,0,0,36.167700,-86.610310,I40 W ENT RAMP,,,,0.00,,,I 40,,,,0.00,Y,Y-Intersection, ,Intersection-Related,None,,,         ,William,Mckay,Clear,"Sideswipe, Same Direction",no,no,no,no,no,False
102837831,METROPOLITAN NASHVILLE POLICE DEPT,20200721887,Davidson,Antioch,11/21/2020 6:18:00 AM,2,0,0,36.013370,-86.620700,OLD HICKORY BLVD,,,,24.00,Feet,South,I24 E ENT RAMP,,,,0.00,N,Not at Intersection, ,Non-Junction,None,,,         ,Michael,Moss,,Front to Rear,no,no,no,no,no,False
102837869,METROPOLITAN NASHVILLE POLICE DEPT,20200721971,Davidson,Madison,11/21/2020 12:00:00 AM,2,0,0,36.279320,-86.708840,GALLATIN PKEN,,,,11.00,Feet,South,ONE MILE PKWY,,,,0.00,N,Not at Intersection, ,Non-Junction,None,,,         ,Keenan,McCann,,Front to Rear,no,no,no,no,no,False
102837873,METROPOLITAN NASHVILLE POLICE DEPT,20200721975,Davidson,Nashville,11/21/2020 1:20:00 AM,2,0,0,36.099420,-86.666330,SOUTHWIND DR,,,,0.00,,,,,,,0.00,,, ,Non-Junction,None,,,         ,Dillon,Gann,Clear,Front to Rear,no,no,no,no,yes,False
102837901,METROPOLITAN NASHVILLE POLICE DEPT,20200722059,Davidson,Nashville,11/21/2020 9:29:00 AM,2,0,0,36.225530,-86.760330,DICKERSON PKE,,,,110.00,Feet,North,BEN ALLEN RD,,,,0.00,N,Not at Intersection, ,Non-Junction,None,,,         ,Brandon,Evans,Clear,"Sideswipe, Same Direction",no,no,no,no,no,False
102837913,METROPOLITAN NASHVILLE POLICE DEPT,20200722056,Davidson,Nashville,11/21/2020 9:35:00 AM,1,1,0,36.169470,-86.806620,DR D B TODD JR BLVD,,,,0.00,Feet,,JEFFERSON ST,,,,0.00,Y,Four-Way,Y,Intersection,None,,,         ,Brian,Quigley,Clear,Not Collision with Motor Vehicle in Transport,yes,no,no,no,no,False
102837928,METROPOLITAN NASHVILLE POLICE DEPT,20200722114,Davidson,Nashville,11/21/2020 10:42:00 AM,2,0,0,36.199010,-86.776480,I 65,,,,0.00,,,,,,,86.80,N,Not at Intersection, ,Non-Junction,None,,,         ,Royce,McLester,Clear,Front to Rear,no,no,no,no,no,False
102837931,METROPOLITAN NASHVILLE POLICE DEPT,20200722148,Davidson,Nashville,11/21/2020 11:17:00 AM,1,0,0,36.109090,-86.720160,I24 W EXT RAMP,,,,0.00,Feet,East,I 24,,,,0.00,N,Not at Intersection, ,Entrance/Exit Ramp Related,None,,,         ,Michael,Moss,,Not Collision with Motor Vehicle in Transport,no,no,no,no,no,False
102837957,METROPOLITAN NASHVILLE POLICE DEPT,20200722198,Davidson,Madison,11/21/2020 11:55:00 AM,2,0,0,36.256720,-86.738290,I 65,,,,0.00,,,,,,,91.70,N,Not at Intersection, ,Non-Junction,None,,,         ,Ruben,Mariano,,"Sideswipe, Same Direction",no,no,no,no,yes,False
102837965,METROPOLITAN NASHVILLE POLICE DEPT,20200722167,Davidson,Nashville,11/21/2020 11:38:00 AM,2,0,0,36.166040,-86.764630,I 24,,,,0.00,,,,,,,49.00,N,Not at Intersection, ,Non-Junction,None,,,         ,Harold,Wells,,"Sideswipe, Same Direction",no,no,no,no,no,False
102837977,METROPOLITAN NASHVILLE POLICE DEPT,20200722174,Davidson,Nashville,11/21/2020 11:15:00 AM,2,0,0,36.236070,-86.803260,KNIGHT DR,,,,222.00,Feet,South,GREEN LN,,,,0.00,N,Not at Intersection,N,Non-Junction,None,,,         ,Kenneth,Oneal,Clear,"Sideswipe, Same Direction",no,no,no,no,yes,False
102838007,METROPOLITAN NASHVILLE POLICE DEPT,20200722230,Davidson,Nashville,11/21/2020 12:29:00 PM,2,0,0,36.047060,-86.656580,BELL RD,,,,262.00,Feet,West,HICKORY HOLLOW PKWY,,,,0.00,N,Not at Intersection, ,Non-Junction,None,,,         ,Michael,Moss,Clear,Front to Rear,no,no,no,no,no,False
102838015,METROPOLITAN NASHVILLE POLICE DEPT,20200722234,Davidson,Nashville,11/21/2020 11:00:00 AM,2,0,0,36.207240,-86.693980,OPRY MILLS DR,,,,1453.00,Feet,West,OPRYLAND DR,,,,0.00,N,Not at Intersection,N,Non-Junction,None,,,         ,Mark,Sydenstricker,Clear,Rear to Side,no,no,no,yes,yes,False
102838017,METROPOLITAN NASHVILLE POLICE DEPT,20200722212,Davidson,Nashville,11/21/2020 12:00:00 PM,2,0,0,36.138000,-86.822300,I 440,,,,0.00,,,,,,,1.35,N,Not at Intersection, ,Non-Junction,None,,,         ,Tanner,Ward,Clear,"Sideswipe, Same Direction",no,no,no,no,no,False
102838023,METROPOLITAN NASHVILLE POLICE DEPT,20200722261,Davidson,Nashville,11/21/2020 12:35:00 PM,2,0,0,36.169250,-86.763160,S 5TH ST,,,,240.00,Feet,South,FATHERLAND ST,,,,0.00,N,Not at Intersection, ,Non-Junction,None,,,         ,Douglas,Smith,,Front to Rear,no,no,no,no,no,False
102838035,METROPOLITAN NASHVILLE POLICE DEPT,20200722231,Davidson,Nashville,11/21/2020 12:30:00 PM,2,0,0,36.159840,-86.779910,BROADWAY,,,,0.00,,,6TH AVS,,,,0.00,Y,T-Intersection,N,"Driveway, Alley Access, etc",None,,,         ,Joshua,Reece,Clear,Angle,no,no,no,no,no,False
102838039,METROPOLITAN NASHVILLE POLICE DEPT,20200722023,Davidson,Nashville,11/20/2020 11:12:00 PM,2,0,0,36.043440,-86.668480,ARBOR PL,,,,0.00,,,ARBOR COMMON,,,,0.00,Y,T-Intersection,N,Intersection,None,,,         ,Robert,Higgins,,Front to Rear,no,no,no,no,yes,False
102838048,METROPOLITAN NASHVILLE POLICE DEPT,20200722254,Davidson,Nashville,11/21/2020 12:48:00 PM,2,2,0,36.195630,-86.731990,CAHAL AV,,,,198.00,Feet,East,SCOTT AV,,,,0.00,N,Not at Intersection,N,Non-Junction,None,,,         ,Michael,Agee,,HeadOn,no,no,no,no,yes,False
102838051,METROPOLITAN NASHVILLE POLICE DEPT,20200722247,Davidson,Nashville,11/21/2020 10:11:00 AM,2,2,0,36.070090,-86.693860,EZELL RD,,,,181.00,Feet,North,HAYWOOD LN,,,,0.00,N,Not at Intersection,N,Non-Junction,None,,,         ,Jason,Hees,,Front to Rear,no,no,no,no,no,False
102838059,METROPOLITAN NASHVILLE POLICE DEPT,20200722244,Davidson,Nashville,11/21/2020 12:20:00 PM,4,0,0,36.044810,-86.662250,BELL RD,,,,214.00,Feet,West,CANE RIDGE RD,,,,0.00,N,Not at Intersection, ,Non-Junction,None,,,         ,Dakota,Davis,,"Sideswipe, Same Direction",no,no,no,no,yes,False
102838061,METROPOLITAN NASHVILLE POLICE DEPT,20200722291,Davidson,Not in City Limit,11/21/2020 11:20:00 AM,2,0,0,36.044520,-86.955900,HIGHWAY 100,,,,100.00,Feet,East,OLD HARDING PKE,,,,0.00,N,Not at Intersection, ,Non-Junction,None,,,         ,Wesley,Tilley,,Angle,no,no,no,no,yes,False
102838074,METROPOLITAN NASHVILLE POLICE DEPT,20200722324,Davidson,Nashville,11/21/2020 12:00:00 AM,2,0,0,36.146660,-86.625990,BELL RD,,,,248.00,Feet,South,TRAILS CIR,,,,0.00,N,Not at Intersection,N,Non-Junction,None,,,         ,Daniel,Fuentes,,Front to Rear,no,no,no,no,no,False
102838113,METROPOLITAN NASHVILLE POLICE DEPT,20200722316,Davidson,Nashville,11/21/2020 1:50:00 PM,2,0,0,36.139570,-86.700310,BRILEY PKWY,,,,20.00,Feet,North,KAREN DR,,,,0.00,N,Not at Intersection, ,Non-Junction,None,,,         ,Rex,Engelbert,,Front to Rear,no,no,no,no,no,False
102838200,METROPOLITAN NASHVILLE POLICE DEPT,20200722331,Davidson,Nashville,11/21/2020 2:29:00 PM,2,1,0,36.167150,-86.779610,3RD AVN,,,,0.00,,,JAMES ROBERTSON PKWY,,,,0.00,Y,Four-Way,N,Intersection,None,,,         ,Shedie,Herbert III,Clear,Angle,no,no,no,no,no,False
102838203,METROPOLITAN NASHVILLE POLICE DEPT,20200722434,Davidson,Nashville,11/21/2020 3:30:00 PM,2,1,0,36.240740,-86.757370,DICKERSON PKE,,,,0.00,Feet,,BRILEY PKWY E EXT RAMP,,,,0.00,Y,T-Intersection,N,Intersection-Related,None,,,         ,Kyle,Lund,,Front to Rear,no,no,no,no,no,False
102838211,METROPOLITAN NASHVILLE POLICE DEPT,20200720958,Davidson,Nashville,11/20/2020 6:05:00 PM,3,1,0,36.070280,-86.722080,NOLENSVILLE PKE,,,,0.00,,,COTTON LN,,,,0.00,Y,T-Intersection,Y,Intersection-Related,None,,,         ,Nicholas,Carroll,,Other,no,no,no,no,no,False
102838217,METROPOLITAN NASHVILLE POLICE DEPT,20200722413,Davidson,Nashville,11/21/2020 12:00:00 AM,1,0,0,36.153310,-86.650790,IRONWOOD DR,,,,39.00,Feet,South,LAKELAND DR,,,,0.00,N,Not at Intersection,N,Non-Junction,None,,,         ,Zaire,Murray,Clear,Not Collision with Motor Vehicle in Transport,no,no,no,no,yes,False
102838240,METROPOLITAN NASHVILLE POLICE DEPT,20200722427,Davidson,Nashville,11/21/2020 3:33:00 PM,2,0,0,36.206300,-86.773040,US HWY 431,,,,0.00,,,-- UNKNOWN RAMP/ROAD --,,,,0.00,Y,OTHER, ,Non-Junction,None,,,         ,Cory,Fetner,,Front to Rear,no,no,no,no,no,False
102838247,METROPOLITAN NASHVILLE POLICE DEPT,20200722508,Davidson,Nashville,11/21/2020 4:03:00 PM,2,0,0,36.161790,-86.760850,I 24,,,,0.00,,,,,,,49.35,N,Not at Intersection, ,Non-Junction,None,,,         ,Roy,Sain Jr.,Clear,Front to Rear,no,no,no,no,no,False
102838248,METROPOLITAN NASHVILLE POLICE DEPT,20200722483,Davidson,Nashville,11/21/2020 4:06:00 PM,2,2,0,36.092180,-86.651850,MURFREESBORO PKE,,,,380.00,Feet,North,BRITISH WOODS DR,,,,0.00,N,Not at Intersection,N,Non-Junction,None,,,         ,Garrett,Latham,,Angle,no,no,no,no,no,False
102838249,METROPOLITAN NASHVILLE POLICE DEPT,20200722537,Davidson,Nashville,11/21/2020 4:35:00 PM,2,1,0,36.059420,-86.707540,TUSCULUM RD,,,,0.00,,,PACKARD DR,,,,0.00,Y,Four-Way,Y,Intersection,None,,,         ,Garrett,Latham,,Angle,no,no,no,no,no,False
102838250,METROPOLITAN NASHVILLE POLICE DEPT,20200722459,Davidson,Not in City Limit,11/21/2020 3:42:00 PM,2,0,0,35.995480,-86.687870,NOLENSVILLE RD,,,,0.00,Feet,East,PETTUS RD,,,,0.00,N,Not at Intersection,N,Non-Junction,None,,,         ,Nadine,Klemenz,,HeadOn,no,no,no,no,no,False
102838255,METROPOLITAN NASHVILLE POLICE DEPT,20200722619,Davidson,Nashville,11/21/2020 5:20:00 PM,2,0,0,36.240770,-86.673620,NEELYS BEND RD,,,,0.00,Feet,,CHEYENNE BLVD,,,,0.00,Y,Four-Way,N,Intersection-Related,None,,,         ,Dylan,Bradley,,Front to Rear,no,no,no,no,yes,False
102838256,METROPOLITAN NASHVILLE POLICE DEPT,20200722530,Davidson,Nashville,11/21/2020 4:31:00 PM,1,0,0,36.085490,-86.895250,BROOKMONT TER,,,,0.00,,,,,,,0.00,,,N,Non-Junction,None,,,         ,Lawrence,Whited,Clear,Not Collision with Motor Vehicle in Transport,no,no,no,yes,no,False
102838271,GOODLETTSVILLE POLICE DEPT,20-34197,Davidson,Goodlettsville,11/21/2020 4:09:00 AM,1,1,0,36.299220,-86.712250,I 65,,,,0.00,,,,,,,95.10,N,Not at Intersection,N,Non-Junction,None,,,         ,Austin,Herendeen,Clear,Not Collision with Motor Vehicle in Transport,no,no,no,no,no,False
102838272,METROPOLITAN NASHVILLE POLICE DEPT,20200722599,Davidson,Old Hickory,11/21/2020 5:15:00 PM,1,0,0,36.249490,-86.643870,OLD HICKORY BLVD,,,,172.00,Feet,South,OVERTON ST,,,,0.00,N,Not at Intersection,N,Non-Junction,None,,,         ,Destiny,Zunic,Clear,Not Collision with Motor Vehicle in Transport,no,no,no,no,no,False
102838281,METROPOLITAN NASHVILLE POLICE DEPT,20200722464,Davidson,Nashville,11/21/2020 3:55:00 PM,3,2,0,36.051510,-86.714360,OCALA DR,,,,0.00,,,NOLENSVILLE PKE,,,,0.00,Y,Four-Way,N,Intersection,None,,,         ,Gary,Anderson,,Angle,no,no,no,no,no,False
102838285,METROPOLITAN NASHVILLE POLICE DEPT,20200722693,Davidson,Nashville,11/21/2020 5:48:00 PM,3,0,0,36.045430,-86.703650,OLD HICKORY BLVD,,,,11.00,Feet,West,EULALA DR,,,,0.00,N,Not at Intersection,N,Non-Junction,None,,,         ,Nadine,Klemenz,,Front to Rear,no,no,no,no,yes,False
102838287,METROPOLITAN NASHVILLE POLICE DEPT,20200722438,Davidson,Nashville,11/21/2020 3:26:00 PM,2,0,0,36.198410,-86.776380,I 65,,,,0.00,,,,,,,86.75,N,Not at Intersection, ,Non-Junction,None,,,         ,William,Boler,,Front to Rear,no,no,no,no,no,False
102838289,METROPOLITAN NASHVILLE POLICE DEPT,20200722488,Davidson,Nashville,11/21/2020 4:09:00 PM,2,0,0,36.214650,-86.775470,I 65,,,,0.00,,,,,,,87.90,N,Not at Intersection, ,Non-Junction,None,,,         ,Mary,Hall,Clear,Front to Rear,no,no,no,no,no,False
102838291,METROPOLITAN NASHVILLE POLICE DEPT,20200722694,Davidson,Not in City Limit,11/21/2020 6:23:00 PM,2,0,0,36.308600,-86.681530,RIVERCHASE BLVD,,,,2.00,Feet,South,GALLATIN PKEN,,,,0.00,N,Not at Intersection,N,Non-Junction,None,,,         ,Lucas,Thomas,,Front to Rear,no,no,no,no,yes,False
102838305,METROPOLITAN NASHVILLE POLICE DEPT,20200722751,Davidson,Nashville,11/21/2020 7:09:00 PM,1,0,0,36.174590,-86.803560,UNDERWOOD ST,,,,100.00,Feet,West,14TH AVN,,,,0.00,N,Not at Intersection,N,Non-Junction,None,,,         ,Jacob,Krispin,,Not Collision with Motor Vehicle in Transport,no,no,no,no,no,False
102838315,METROPOLITAN NASHVILLE POLICE DEPT,20200722590,Davidson,Nashville,11/21/2020 5:10:00 PM,2,0,0,36.197520,-86.691460,OPRY MILLS DR,,,,279.00,Feet,North,GAYLORD DR,,,,0.00,N,Not at Intersection, ,Non-Junction,None,,,         ,Mario,Diaz,,Front to Rear,no,no,no,no,no,False
102838332,METROPOLITAN NASHVILLE POLICE DEPT,20200722784,Davidson,Nashville,11/21/2020 7:32:00 PM,2,0,0,36.157510,-86.781220,8TH AVS,,,,150.00,Feet,South,MCGAVOCK ST,,,,0.00,N,Not at Intersection, ,Non-Junction,Work Zone,,,         ,Mathew,Clement,Clear,Angle,no,no,no,no,no,False