master_record_number,agency,agency_tracking_number,county,city,collision_date,vehicles_involved,number_injured,number_dead,latitude,longitude,roadway_name,roadway_suffix,roadway_number,roadway_local_id,distance_from_reference,miles-feet_indicator,direction_from_reference,intersection_road_name,intersection_road_name_suffix,intersection_road_number,intersection_local_id,mile_marker,intersection_indicator,intersect_type,interchange_related_indicator,relation_to_junction,work_zone_type,construction_maintenance_zone,construction_maintenance_zone_location,fatal_case_number,officer_first_name,officer_last_name,weather_condition(s),manner_of_crash,pedestrian,bicycle,scooter,parking,hitrun,mou
102839812,METROPOLITAN NASHVILLE POLICE DEPT,20200725989,Davidson,Nashville,11/23/2020 5:10:00 PM,2,0,0,36.221390,-86.773760,I 65,,,,0.00,,,,,,,88.40,N,Not at Intersection,N,Non-Junction,None,,,         ,Jeremy,Smith,,"Sideswipe, Same Direction",no,no,no,no,yes,False
102839815,METROPOLITAN NASHVILLE POLICE DEPT,20200725678,Davidson,Nashville,11/23/2020 2:12:00 PM,1,0,0,36.128280,-86.907020,CHARLOTTE PKE,,,,163.00,Feet,West,RIVER RD,,,,0.00,N,Not at Intersection,N,Non-Junction,None,,,         ,Andrew,McCarron,,Not Collision with Motor Vehicle in Transport,no,no,no,no,no,False
102839823,METROPOLITAN NASHVILLE POLICE DEPT,20200725965,Davidson,Antioch,11/23/2020 5:06:00 PM,2,1,0,35.994960,-86.624360,BURKITT RD,,,,0.00,Feet,,BATTLE RD,,,,0.00,Y,T-Intersection,N,Intersection,None,,,         ,Matthew,Swindell,,Angle,no,no,no,no,no,False
102839828,METROPOLITAN NASHVILLE POLICE DEPT,20200725727,Davidson,Nashville,11/23/2020 3:00:00 PM,2,0,0,36.110420,-86.755340,SIDCO DR,,,,273.00,Feet,South,THOMPSON LN,,,,0.00,N,Not at Intersection, ,Non-Junction,None,,,         ,Savannah,Starbuck,,Front to Rear,no,no,no,no,no,False
102839843,METROPOLITAN NASHVILLE POLICE DEPT,20200726062,Davidson,Not in City Limit,11/23/2020 5:56:00 PM,1,1,0,36.260560,-86.762690,TUCKAHOE DR,,,,0.00,,,BELLSHIRE DR,,,,0.00,Y,Four-Way,N,Intersection,None,,,         ,Kyle,Eicholtz,,Not Collision with Motor Vehicle in Transport,no,no,no,no,no,False
102839845,METROPOLITAN NASHVILLE POLICE DEPT,20200726077,Davidson,Nashville,11/23/2020 6:09:00 PM,2,0,0,36.078270,-86.730180,HARDING PL,,,,364.00,Feet,South,COVENTRY DR,,,,0.00,N,Not at Intersection, ,Non-Junction,None,,,         ,Rami,Rouhi,,Angle,no,no,no,no,no,False
102839847,METROPOLITAN NASHVILLE POLICE DEPT,20200726042,Davidson,Nashville,11/23/2020 5:33:00 PM,2,0,0,36.086910,-86.648680,UNA ANTIOCH PKE,,,,0.00,Feet,,NASHBORO BLVD,,,,0.00,Y,Four-Way, ,Intersection,None,,,         ,Phillip,Burke,,Angle,no,no,no,no,no,False
102839851,METROPOLITAN NASHVILLE POLICE DEPT,20200726154,Davidson,Nashville,11/23/2020 6:14:00 PM,2,0,0,36.153920,-86.638960,FALL CREEK DR,,,,353.00,Feet,South,NIAGARA DR,,,,0.00,N,Not at Intersection, ,Non-Junction,None,,,         ,Adam,Warren,,Angle,no,no,no,no,no,False
102839866,VANDERBILT UNIVERSITY POLICE,2020-0725930,Davidson,Nashville,11/23/2020 1:30:00 PM,2,0,0,36.139420,-86.803640,CHILDRENS WAY,,,,0.00,,,,,,,0.00,,, ,,None,,,         ,Yarrish,Hammons,,,no,no,no,yes,no,Campus
102839878,METROPOLITAN NASHVILLE POLICE DEPT,20200726126,Davidson,Nashville,11/23/2020 5:47:00 PM,2,0,0,36.164360,-86.794030,I 40,,,,0.00,,,,,,,208.45,N,Not at Intersection,N,Non-Junction,None,,,         ,Zachary,Plese,Clear,"Sideswipe, Same Direction",no,no,no,no,yes,False
102839880,GOODLETTSVILLE POLICE DEPT,20-34494,Davidson,Goodlettsville,11/23/2020 5:15:00 PM,2,1,0,36.300020,-86.711540,I 65,,,,0.00,,,,,,,95.15,N,Not at Intersection,N,Non-Junction,None,,,         ,Jessica,Gistarb,Clear,Front to Rear,no,no,no,no,no,False
102839892,METROPOLITAN NASHVILLE POLICE DEPT,20200726225,Davidson,Nashville,11/23/2020 7:41:00 PM,1,0,0,36.232570,-86.747240,ELLINGTON PKWYN,,,,69.00,Feet,South,I65 N ENT RAMP,,,,0.00,N,Not at Intersection,N,Non-Junction,None,,,         ,Randy,Puckett,Clear,Not Collision with Motor Vehicle in Transport,no,no,no,no,yes,False
102839910,METROPOLITAN NASHVILLE POLICE DEPT,20200726266,Davidson,Nashville,11/23/2020 8:17:00 PM,1,0,0,36.064700,-86.684780,I 24,,,,0.00,,,,,,,57.40,N,Not at Intersection, ,Non-Junction,None,,,         ,Edward,Starke,,Not Collision with Motor Vehicle in Transport,no,no,no,no,no,False
102839947,METROPOLITAN NASHVILLE POLICE DEPT,20200725980,Davidson,Not in City Limit,11/23/2020 5:18:00 PM,2,0,0,36.263200,-86.698780,E OLD HICKORY BLVD,,,,141.00,Feet,West,LOMBARDIA LN,,,,0.00,N,Not at Intersection,N,Non-Junction,None,,,         ,Christopher,Littles,,HeadOn,no,no,no,no,no,False
102839952,METROPOLITAN NASHVILLE POLICE DEPT,20200726112,Davidson,Nashville,11/23/2020 3:10:00 PM,2,0,0,36.146800,-86.808750,WEST END AV,,,,0.00,,,,,,,0.00,,Y-Intersection, ,,None,,,         ,Flynn,Ireland,,,no,no,no,no,no,Campus
102839955,METROPOLITAN NASHVILLE POLICE DEPT,20200726049,Davidson,Not in City Limit,11/23/2020 5:43:00 PM,2,0,0,36.265850,-86.711040,DULING AV,,,,0.00,Feet,West,GALLATIN PKEN,,,,0.00,N,Not at Intersection, ,Non-Junction,None,,,         ,Michael,Foster,,"Sideswipe, Same Direction",no,no,no,no,no,False
102840016,METROPOLITAN NASHVILLE POLICE DEPT,20200726145,Davidson,Nashville,11/23/2020 6:24:00 PM,2,1,0,36.069630,-86.686760,HAYWOOD LN,,,,0.00,,,I24 W ENT RAMP,,,,0.00,Y,OTHER,N,Non-Junction,None,,,         ,Marcus,Darden,,"Sideswipe, Same Direction",no,no,no,no,no,False
102840040,METROPOLITAN NASHVILLE POLICE DEPT,20200726422,Davidson,Goodlettsville,11/23/2020 10:27:00 PM,2,0,0,36.292100,-86.720610,I 65,,,,0.00,,,,,,,94.40,N,Not at Intersection,N,Non-Junction,None,,,         ,Christopher,Littles,,"Sideswipe, Same Direction",no,no,no,no,yes,False
102840041,GOODLETTSVILLE POLICE DEPT,20-34498,Davidson,Goodlettsville,11/23/2020 7:10:00 PM,2,2,0,36.323520,-86.701080,CONFERENCE DR,,,,0.00,Feet,,NORTHGATE CIR,,,,0.00,Y,Four-Way,N,Intersection,None,,,         ,Nicholas,Given,Clear,Angle,no,no,no,no,yes,False
102840049,METROPOLITAN NASHVILLE POLICE DEPT,20200726388,Davidson,Nashville,11/23/2020 9:20:00 PM,2,1,0,36.114060,-86.836850,ESTES RD,,,,0.00,,,AUBURN LN,,,,0.00,Y,T-Intersection,N,Intersection-Related,None,,,         ,Lawrence,Whited,Clear,Angle,no,no,no,no,no,False
102840050,METROPOLITAN NASHVILLE POLICE DEPT,20200726311,Davidson,Nashville,11/23/2020 8:00:00 PM,2,0,0,36.215170,-86.812910,CHATEAU VALLEY DR,,,,349.00,Feet,South,MOORMANS ARM RD,,,,0.00,N,Not at Intersection,N,Non-Junction,None,,,         ,Chase,Harriman,Clear,Not Collision with Motor Vehicle in Transport,no,no,no,no,yes,False
102840051,METROPOLITAN NASHVILLE POLICE DEPT,20200726209,Davidson,Nashville,11/23/2020 7:30:00 PM,8,0,0,36.246200,-86.745030,I 65,,,,0.00,,,,,,,90.85,N,Not at Intersection,N,Non-Junction,None,,,         ,Joshua,Goepper,Clear,Not Collision with Motor Vehicle in Transport,no,no,no,no,no,False
102840066,METROPOLITAN NASHVILLE POLICE DEPT,20200726427,Davidson,Nashville,11/23/2020 10:38:00 PM,1,1,0,36.118790,-86.729220,GLENROSE AV,,,,219.00,Feet,West,OLD GLENROSE AV,,,,0.00,N,Not at Intersection,N,Non-Junction,None,,,         ,Robert,Leverick,Clear,Not Collision with Motor Vehicle in Transport,no,no,no,no,no,False
102840072,METROPOLITAN NASHVILLE POLICE DEPT,20200726441,Davidson,Nashville,11/23/2020 10:30:00 PM,1,1,0,36.234330,-86.743450,LEMONT DR,,,,299.00,Feet,South,MARSWEN DR,,,,0.00,N,Not at Intersection,N,Non-Junction,None,,,         ,Joao,Pinho,,Not Collision with Motor Vehicle in Transport,no,no,no,no,no,False
102840086,METROPOLITAN NASHVILLE POLICE DEPT,20200726573,Davidson,Nashville,11/24/2020 12:24:00 AM,1,0,0,36.230190,-86.604380,SHUTE LN,,,,1038.00,Feet,East,BRANDYWINE POINTE BLVD,,,,0.00,N,Not at Intersection, ,Non-Junction,None,,,         ,Jeremy,Arnold,,Not Collision with Motor Vehicle in Transport,no,no,no,no,no,False
102840093,METROPOLITAN NASHVILLE POLICE DEPT,20200726662,Davidson,Nashville,11/24/2020 1:20:00 AM,2,0,0,36.045220,-86.659100,I 24,,,,0.00,,,,,,,59.40,N,Not at Intersection, ,,None,,,         ,Scarlett,Collins,,,no,no,no,no,no,False
102840159,METROPOLITAN NASHVILLE POLICE DEPT,20200726871,Davidson,Nashville,11/24/2020 3:13:00 AM,3,1,0,36.162870,-86.761650,I 24,,,,0.00,,,,,,,49.25,N,Not at Intersection,N,Non-Junction,None,,,         ,James,Wells Jr.,Clear,Front to Rear,no,no,no,no,no,False
102840165,METROPOLITAN NASHVILLE POLICE DEPT,20200726980,Davidson,Nashville,11/24/2020 5:59:00 AM,2,0,0,36.139880,-86.724180,I40 E ENT RAMP,,,,0.00,Feet,East,I 40,,,,0.00,N,Not at Intersection,Y,Entrance/Exit Ramp Related,None,,,         ,Corey,Ethridge,Clear,"Sideswipe, Same Direction",no,no,no,no,no,False
102840168,GOODLETTSVILLE POLICE DEPT,20-34526,Davidson,Goodlettsville,11/24/2020 6:40:00 AM,1,0,0,36.308080,-86.717310,DICKERSON PKES,,,,354.00,Feet,South,CIMA DR,,,,0.00,N,Not at Intersection, ,Non-Junction,None,,,         ,George,Henry,Clear,Not Collision with Motor Vehicle in Transport,no,no,no,no,no,False
102840169,METROPOLITAN NASHVILLE POLICE DEPT,20200727072,Davidson,Nashville,11/24/2020 7:22:00 AM,2,0,0,36.037710,-86.784820,OLD HICKORY BLVD,,,,0.00,,,I65 S EXT RAMP,,,,0.00,Y,OTHER,N,Non-Junction,None,,,         ,Earl,Davis,,Front to Rear,no,no,no,no,yes,False
102840186,METROPOLITAN NASHVILLE POLICE DEPT,20200725585,Davidson,Nashville,11/23/2020 1:51:00 PM,3,2,0,36.152540,-86.766450,I 40,,,,0.00,,,,,,,210.60,N,Not at Intersection,N,Non-Junction,None,,,         ,Miles,Posey,,"Sideswipe, Same Direction",no,no,no,no,no,False
102840191,METROPOLITAN NASHVILLE POLICE DEPT,20200727041,Davidson,Nashville,11/24/2020 7:08:00 AM,2,0,0,36.210470,-86.775990,I 65,,,,0.00,,,,,,,87.60,N,Not at Intersection, ,,None,,,         ,James,Wray,,,no,no,no,no,no,False
102840207,THP District 3 - Nashville,320067150,Davidson,Nashville,11/24/2020 6:42:00 AM,2,0,0,36.106080,-86.672810,MURFREESBORO PKE,,,,89.00,Feet,East,DONELSON PKE,,,,0.00,N,Not at Intersection, ,Non-Junction,None,,,         ,Kevin,Smith,Clear,Angle,no,no,no,no,no,False
102840213,METROPOLITAN NASHVILLE POLICE DEPT,20200727065,Davidson,Nashville,11/24/2020 7:20:00 AM,2,0,0,36.146690,-86.742810,I 40,,,,0.00,,,,,,,212.10,N,Not at Intersection,N,Non-Junction,None,,,         ,Michael,Dance,Clear,Front to Rear,no,no,no,no,no,False
102840225,METROPOLITAN NASHVILLE POLICE DEPT,20200727255,Davidson,Nashville,11/24/2020 8:39:00 AM,1,0,0,36.129590,-86.629290,BELL RD,,,,779.00,Feet,North,PRIEST WOODS DR,,,,0.00,N,Not at Intersection, ,Non-Junction,None,,,         ,Michael,Brooks,Clear,Not Collision with Motor Vehicle in Transport,no,no,no,no,no,False
102840234,METROPOLITAN NASHVILLE POLICE DEPT,2020-0727220,Davidson,Nashville,11/24/2020 8:30:00 AM,2,0,0,36.241670,-86.723290,GALLATIN PKES,,,,956.00,Feet,North,GALLATIN PKE,,,,0.00,N,Not at Intersection, ,Non-Junction,None,,,         ,Travis,Baxter,Clear,Front to Rear,no,no,no,no,no,False
102840235,METROPOLITAN NASHVILLE POLICE DEPT,2020-0727252,Davidson,Not in City Limit,11/24/2020 8:30:00 AM,2,0,0,36.271090,-86.710370,ROOSEVELT AV,,,,0.00,,,GALLATIN PKEN,,,,0.00,Y,T-Intersection,N,Intersection-Related,None,,,         ,Travis,Baxter,Clear,Angle,no,no,no,no,yes,False
102840261,METROPOLITAN NASHVILLE POLICE DEPT,2020-0727371,Davidson,Not in City Limit,11/24/2020 9:30:00 AM,2,0,0,36.261240,-86.712530,GALLATIN PKES,,,,0.00,,,MAPLE ST,,,,0.00,Y,T-Intersection, ,Intersection,None,,,         ,Travis,Baxter,Clear,"Sideswipe, Same Direction",no,no,no,no,no,False
102840273,METROPOLITAN NASHVILLE POLICE DEPT,20200727267,Davidson,Nashville,11/24/2020 8:44:00 AM,2,1,0,36.100870,-86.712100,I 24,,,,0.00,,,,,,,54.50,N,Not at Intersection,N,Non-Junction,None,,,         ,Joe,Hooper,Clear,Front to Rear,no,no,no,no,yes,False
102840275,METROPOLITAN NASHVILLE POLICE DEPT,20200727295,Davidson,Nashville,11/24/2020 9:03:00 AM,2,0,0,36.176730,-86.772310,I24 W EXT RAMP,,,,0.00,,,SPRING ST,,,,0.00,Y,OTHER,Y,Entrance/Exit Ramp Related,None,,,         ,Erik,Wagner,,Front to Rear,no,no,no,no,no,False
102840279,METROPOLITAN NASHVILLE POLICE DEPT,20200727004,Davidson,Nashville,11/24/2020 6:30:00 AM,2,0,0,36.160720,-86.769490,KOREAN VETERANS BLVD,,,,857.00,Feet,South,S 1ST ST,,,,0.00,N,Not at Intersection,N,Non-Junction,None,,,         ,Wesley,Young,Clear,Front to Rear,no,no,no,no,no,False
102840282,VANDERBILT UNIVERSITY POLICE,20200727109,Davidson,Nashville,11/24/2020 7:20:00 AM,2,0,0,36.142780,-86.800020,21ST AVS,,,,0.00,,,MEDICAL CENTER DR,,,,0.00,Y,Four-Way, ,,None,,,         ,Eugene,Kessler,,,no,no,no,no,no,Campus
102840298,METROPOLITAN NASHVILLE POLICE DEPT,20200727505,Davidson,Nashville,11/24/2020 11:00:00 AM,2,1,0,36.193370,-86.833710,JOHN MALLETTE DR,,,,0.00,,,COUNTY HOSPITAL RD,,,,0.00,Y,Four-Way,N,Intersection,None,,,         ,Justen,Ogle,Cloudy,Angle,no,no,no,no,no,False
102840308,METROPOLITAN NASHVILLE POLICE DEPT,20200727537,Davidson,Nashville,11/24/2020 11:15:00 AM,2,0,0,36.152200,-86.842220,CHARLOTTE AV,,,,0.00,Feet,,46TH AVN,,,,0.00,Y,Four-Way,N,Intersection-Related,None,,,         ,Douglas,Atwood,Clear,Front to Rear,no,no,no,no,no,False
102840309,VANDERBILT UNIVERSITY POLICE,20200727479,Davidson,Nashville,11/3/2020 12:13:00 AM,1,0,0,36.148460,-86.804180,WEST END AV,,,,0.00,,,,,,,0.00,,, ,Non-Junction,Construction Zone,,,         ,O'Darra,Beauvais,,Not Collision with Motor Vehicle in Transport,no,no,no,yes,yes,Campus
102840338,METROPOLITAN NASHVILLE POLICE DEPT,2020-0727655,Davidson,Not in City Limit,11/24/2020 12:30:00 PM,2,0,0,36.263670,-86.704480,STATE RT 45,,,,0.00,,,DELAWARE AV,,,,0.00,Y,Four-Way, ,Intersection,None,,,         ,Travis,Baxter,,Front to Rear,no,no,no,no,no,False
102840351,METROPOLITAN NASHVILLE POLICE DEPT,20200727612,Davidson,Nashville,11/24/2020 12:00:00 PM,2,0,0,36.176740,-86.772300,I24 W EXT RAMP,,,,0.00,Feet,East,I 24,,,,0.00,N,Not at Intersection, ,Entrance/Exit Ramp Related,None,,,         ,Douglas,Smith,,Front to Rear,no,no,no,no,no,False
102840395,METROPOLITAN NASHVILLE POLICE DEPT,20200727626,Davidson,Nashville,11/24/2020 12:20:00 PM,3,0,0,36.152620,-86.787360,I 40,,,,0.00,,,,,,,209.40,N,Not at Intersection, ,Non-Junction,None,,,         ,Earl,Davis,,"Sideswipe, Same Direction",no,no,no,no,no,False
102840397,METROPOLITAN NASHVILLE POLICE DEPT,20200727582,Davidson,Nashville,11/24/2020 11:46:00 AM,2,0,0,36.204640,-86.749680,E TRINITY LN,,,,0.00,,,ELLINGTON PKWY N ENT RAMP,,,,0.00,Y,OTHER, ,Intersection,None,,,         ,Doyle,Price,Cloudy,Angle,no,no,no,no,no,False
102840422,METROPOLITAN NASHVILLE POLICE DEPT,20200727573,Davidson,Nashville,11/24/2020 11:54:00 AM,2,0,0,36.144800,-86.711490,ELM HILL PKE,,,,135.00,Feet,West,MASSMAN DR,,,,0.00,N,Not at Intersection, ,Non-Junction,None,,,         ,Michael,Brooks,Clear,Angle,no,no,no,no,no,False
102840430,METROPOLITAN NASHVILLE POLICE DEPT,20200727353,Davidson,Not in City Limit,11/24/2020 9:36:00 AM,1,1,0,36.032940,-86.986330,HIGHWAY 100,,,,22.00,Feet,East,HESTER BEASLEY RD,,,,0.00,N,Not at Intersection,N,Non-Junction,None,,,         ,Wesley,Tilley,Clear,Not Collision with Motor Vehicle in Transport,no,no,no,no,no,False
102840436,METROPOLITAN NASHVILLE POLICE DEPT,20200727707,Davidson,Nashville,11/24/2020 12:56:00 PM,2,0,0,36.159900,-86.818820,28TH AVN,,,,108.00,Feet,South,BOOKER ST,,,,0.00,N,Not at Intersection, ,,None,,,         ,Jordan,Vrbas,,,no,no,no,no,no,False
102840445,METROPOLITAN NASHVILLE POLICE DEPT,20200727711,Davidson,Nashville,11/24/2020 1:02:00 PM,3,0,0,36.153840,-86.756080,HERMITAGE AV,,,,0.00,,,FAIRFIELD AV,,,,0.00,Y,Four-Way,N,Intersection,None,,,         ,Michael,Dance,,Angle,no,no,no,no,no,False
102840459,METROPOLITAN NASHVILLE POLICE DEPT,20200727790,Davidson,Nashville,11/24/2020 1:48:00 PM,2,1,0,36.078950,-86.728230,HARDING PL,,,,450.00,Feet,West,NOLENSVILLE PKE,,,,0.00,N,Not at Intersection,N,Non-Junction,None,,,         ,Earl,Davis,,Angle,no,no,no,no,no,False
102840468,METROPOLITAN NASHVILLE POLICE DEPT,20200727787,Davidson,Nashville,11/24/2020 1:40:00 PM,2,0,0,36.212710,-86.731820,GALLATIN PKE,,,,241.00,Feet,South,MCCHESNEY AV,,,,0.00,N,Not at Intersection, ,Non-Junction,None,,,         ,Faye,Denson,Clear,Angle,no,no,no,no,no,False
102840561,METROPOLITAN NASHVILLE POLICE DEPT,20200727880,Davidson,Nashville,11/24/2020 2:51:00 PM,2,0,0,36.047550,-86.655930,BELL RD,,,,0.00,,,HICKORY HOLLOW PKWY,,,,0.00,Y,Four-Way,N,Intersection,None,,,         ,Edward,Starke,,Angle,no,no,no,no,no,False
102840568,GOODLETTSVILLE POLICE DEPT,20-34478,Davidson,Goodlettsville,11/23/2020 2:30:00 PM,2,1,0,36.299720,-86.700530,RIVERGATE PKWY,,,,303.00,Feet,North,GLANCY ST,,,,0.00,N,Not at Intersection,N,Non-Junction,None,,,         ,Brandon,Wright,Clear,Front to Rear,no,no,no,yes,no,False
102840577,METROPOLITAN NASHVILLE POLICE DEPT,20200727889,Davidson,Nashville,11/24/2020 2:00:00 PM,2,0,0,36.072620,-86.920710,OLD HICKORY BLVD,,,,21.00,Feet,South,BELLEVUE VALLEY PLAZA PVTDR,,,,0.00,N,Not at Intersection, ,Non-Junction,None,,,         ,Douglas,Atwood,,"Sideswipe, Same Direction",no,no,no,no,no,False
102840579,METROPOLITAN NASHVILLE POLICE DEPT,20200727938,Davidson,Nashville,11/24/2020 3:10:00 PM,2,0,0,36.146460,-86.812840,POSTON AV,,,,0.00,,,,,,,0.00,,,N,"Driveway, Alley Access, etc",None,,,         ,Flynn,Ireland,,Front to Rear,no,no,no,no,yes,Campus
102840613,METROPOLITAN NASHVILLE POLICE DEPT,20200727971,Davidson,Nashville,11/24/2020 2:23:00 PM,2,0,0,36.197950,-86.620980,LEBANON PKE,,,,0.00,,,,,,,0.00,,, ,,None,,,         ,Heather,Fox,,,no,no,no,yes,no,False
102840621,GOODLETTSVILLE POLICE DEPT,20-34556,Davidson,Goodlettsville,11/24/2020 3:06:00 PM,3,0,0,36.307400,-86.695050,VIETNAM VETERANS BLVDS,,,,85.00,Feet,West,CONFERENCE DR,,,,0.00,N,Not at Intersection, ,Non-Junction,None,,,         ,Benny,Alexander,Clear,Front to Rear,no,no,no,no,no,False
102840634,METROPOLITAN NASHVILLE POLICE DEPT,20200728054,Davidson,Nashville,11/24/2020 4:12:00 PM,2,0,0,36.086350,-86.648320,MURFREESBORO PKE,,,,232.00,Feet,South,UNA ANTIOCH PKE,,,,0.00,N,Not at Intersection,N,Non-Junction,None,,,         ,Edward,Starke,,Front to Rear,no,no,no,no,yes,False
102840651,METROPOLITAN NASHVILLE POLICE DEPT,20200728041,Davidson,Not in City Limit,11/24/2020 3:00:00 PM,2,0,0,36.068150,-86.992600,AVONDALE PARK BLVD,,,,244.00,Feet,East,NUNNERY LN,,,,0.00,N,Not at Intersection,N,Non-Junction,None,,,         ,Billy,Price,,Front to Rear,no,no,no,no,no,False
102840653,METROPOLITAN NASHVILLE POLICE DEPT,20200728064,Davidson,Nashville,11/24/2020 4:56:00 PM,2,0,0,36.168610,-86.686150,US HWY 70,,,,447.00,Feet,East,FAIRWAY DR,,,,0.00,N,Not at Intersection, ,Non-Junction,None,,,         ,Melina,Tamborella,Clear,Front to Rear,no,no,no,no,no,False
102840654,METROPOLITAN NASHVILLE POLICE DEPT,20200727930,Davidson,Nashville,11/24/2020 3:10:00 PM,1,1,0,36.175690,-86.793000,ROSA L PARKS BLVD,,,,185.00,Feet,North,MONROE ST,,,,0.00,N,Not at Intersection,N,Non-Junction,None,,,         ,Anna,Clayton,,Not Collision with Motor Vehicle in Transport,yes,no,no,no,no,False
102840655,METROPOLITAN NASHVILLE POLICE DEPT,20200728067,Davidson,Nashville,11/24/2020 4:20:00 PM,3,0,0,36.159550,-86.796400,CHARLOTTE AV,,,,46.00,Feet,West,16TH AVN,,,,0.00,N,Not at Intersection, ,,None,,,         ,Daniel,Kallman,,,no,no,no,no,no,False
102840657,METROPOLITAN NASHVILLE POLICE DEPT,20200728120,Davidson,Goodlettsville,11/24/2020 4:55:00 PM,2,1,0,36.291010,-86.693890,EDENWOLD RD,,,,0.00,,,MYATT DR,,,,0.00,Y,T-Intersection,N,Intersection,None,,,         ,Christopher,Littles,,Angle,no,no,no,no,yes,False
102840659,METROPOLITAN NASHVILLE POLICE DEPT,20200728108,Davidson,Nashville,11/24/2020 4:45:00 PM,3,0,0,36.044240,-86.657420,I 24,,,,0.00,,,,,,,59.50,N,Not at Intersection,N,Non-Junction,None,,,         ,Edward,Starke,,Front to Rear,no,no,no,no,no,False
102840660,METROPOLITAN NASHVILLE POLICE DEPT,20200728004,Davidson,Nashville,11/24/2020 3:40:00 PM,2,0,0,36.164030,-86.597540,OLD HICKORY BLVD,,,,5.00,Feet,South,ARBOR LAKE BLVD,,,,0.00,N,Not at Intersection,Y,Non-Junction,None,,,         ,Terence,Mitchell,,Angle,no,no,no,no,no,False
102840666,METROPOLITAN NASHVILLE POLICE DEPT,20200728096,Davidson,Nashville,11/24/2020 12:00:00 AM,2,1,0,36.168510,-86.687980,BRILEY PKWY N ENT RAMP,,,,0.00,Feet,East,LEBANON PKE,,,,0.00,N,Not at Intersection,Y,Entrance/Exit Ramp Related,None,,,         ,Adam,Gartner,,Angle,no,no,no,no,no,False
102840667,METROPOLITAN NASHVILLE POLICE DEPT,20200727884,Davidson,Nashville,11/24/2020 2:30:00 PM,2,0,0,36.162840,-86.761340,I 24,,,,0.00,,,,,,,49.30,N,Not at Intersection,N,Non-Junction,None,,,         ,Christopher,Beery,Clear,Front to Rear,no,no,no,no,yes,False
102840691,METROPOLITAN NASHVILLE POLICE DEPT,20200728162,Davidson,Nashville,11/24/2020 4:30:00 PM,1,0,0,36.079940,-86.696160,I 24,,,,0.00,,,,,,,56.20,N,Not at Intersection, ,Non-Junction,None,,,         ,Steven,Begley,,Not Collision with Motor Vehicle in Transport,no,no,no,no,no,False
102840692,METROPOLITAN NASHVILLE POLICE DEPT,20200728195,Davidson,Not in City Limit,11/24/2020 5:40:00 PM,2,0,0,36.262180,-86.679110,STATE RT 45,,,,0.00,,,EAGAN CIR,,,,0.00,Y,T-Intersection, ,Intersection,None,,,         ,Christopher,Littles,,Angle,no,no,no,no,no,False
102840693,METROPOLITAN NASHVILLE POLICE DEPT,20200727957,Davidson,Nashville,11/24/2020 3:28:00 PM,3,1,0,36.175520,-86.792860,ROSA L PARKS BLVD,,,,109.00,Feet,North,MONROE ST,,,,0.00,N,Not at Intersection,N,Non-Junction,None,,,         ,Brandon,Chapman,,Angle,no,no,no,no,yes,False
102840705,METROPOLITAN NASHVILLE POLICE DEPT,20200728207,Davidson,Nashville,11/24/2020 5:35:00 PM,2,0,0,36.044920,-86.667210,BELL RD,,,,29.00,Feet,West,CEDAR POINTE PKWY,,,,0.00,N,Not at Intersection,N,Non-Junction,None,,,         ,Edward,Starke,,"Sideswipe, Same Direction",no,no,no,no,no,False
102840706,METROPOLITAN NASHVILLE POLICE DEPT,20200728174,Davidson,Nashville,11/24/2020 5:20:00 PM,2,0,0,36.157260,-86.770120,HERMITAGE AV,,,,136.00,Feet,East,PEABODY ST,,,,0.00,N,Not at Intersection,N,Non-Junction,None,,,         ,Garrett,Short,Clear,"Sideswipe, Same Direction",no,no,no,no,no,False
102840707,METROPOLITAN NASHVILLE POLICE DEPT,20200728243,Davidson,Nashville,11/24/2020 6:19:00 PM,1,1,0,36.136430,-86.784540,WADE AV,,,,0.00,,,10TH AVS,,,,0.00,Y,T-Intersection,Y,Intersection-Related,None,,,         ,Douglas,Sykes,,Not Collision with Motor Vehicle in Transport,no,no,no,no,yes,False
102840709,METROPOLITAN NASHVILLE POLICE DEPT,20200728215,Davidson,Nashville,11/24/2020 5:05:00 PM,2,0,0,36.160760,-86.793690,14TH AVN,,,,0.00,,,CHARLOTTE AV,,,,0.00,Y,T-Intersection, ,,None,,,         ,Flynn,Ireland,,,no,no,no,no,no,False
102840710,METROPOLITAN NASHVILLE POLICE DEPT,20200728155,Davidson,Nashville,11/24/2020 12:00:00 AM,2,1,0,36.089280,-86.732840,NOLENSVILLE PKE,,,,361.00,Feet,South,ZOO RD,,,,0.00,N,Not at Intersection,N,Non-Junction,None,,,         ,John,Braun,,"Sideswipe, Opposite Direction",no,no,no,no,no,False
102840711,METROPOLITAN NASHVILLE POLICE DEPT,20200728185,Davidson,Nashville,11/24/2020 5:40:00 PM,2,1,0,36.056270,-86.675720,I 24,,,,0.00,,,,,,,58.20,N,Not at Intersection,N,Non-Junction,None,,,         ,Keegan,Winchell,,Front to Rear,no,no,no,no,no,False