master_record_number,agency,agency_tracking_number,county,city,collision_date,vehicles_involved,number_injured,number_dead,latitude,longitude,roadway_name,roadway_suffix,roadway_number,roadway_local_id,distance_from_reference,miles-feet_indicator,direction_from_reference,intersection_road_name,intersection_road_name_suffix,intersection_road_number,intersection_local_id,mile_marker,intersection_indicator,intersect_type,interchange_related_indicator,relation_to_junction,work_zone_type,construction_maintenance_zone,construction_maintenance_zone_location,fatal_case_number,officer_first_name,officer_last_name,weather_condition(s),manner_of_crash,pedestrian,bicycle,scooter,parking,hitrun,mou
102840716,METROPOLITAN NASHVILLE POLICE DEPT,20200728212,Davidson,Nashville,11/24/2020 6:00:00 PM,2,0,0,36.071000,-86.635220,MURFREESBORO PKE,,,,425.00,Feet,South,BELL RD,,,,0.00,N,Not at Intersection,N,Non-Junction,None,,,         ,John,Walden,,Angle,no,no,no,no,no,False
102840719,METROPOLITAN NASHVILLE POLICE DEPT,20200727847,Davidson,Nashville,11/24/2020 2:27:00 PM,2,0,0,36.047280,-86.656290,BELL RD,,,,143.00,Feet,West,HICKORY HOLLOW PKWY,,,,0.00,N,Not at Intersection, ,Non-Junction,None,,,         ,Eric,Laury,,Front to Rear,no,no,no,no,no,False
102840723,METROPOLITAN NASHVILLE POLICE DEPT,20200728159,Davidson,Nashville,11/24/2020 5:22:00 PM,2,0,0,36.061260,-86.910950,HIGHWAY 100,,,,5.00,Feet,South,WARNER NATURE CTR PVTDR,,,,0.00,N,Not at Intersection,N,Non-Junction,None,,,         ,Douglas,Atwood,,Angle,no,no,no,no,no,False
102840724,METROPOLITAN NASHVILLE POLICE DEPT,20200728072,Davidson,Nashville,11/23/2020 3:37:00 PM,1,0,0,36.123320,-86.697700,VENUS DR,,,,281.00,Feet,West,SATURN DR,,,,0.00,N,Not at Intersection, ,Non-Junction,None,,,         ,Phillip,Burke,,Not Collision with Motor Vehicle in Transport,no,no,no,yes,no,False
102840726,METROPOLITAN NASHVILLE POLICE DEPT,20200728164,Davidson,Not in City Limit,11/24/2020 5:24:00 PM,2,0,0,36.267240,-86.737010,I 65,,,,0.00,,,,,,,92.45,N,Not at Intersection,N,Non-Junction,None,,,         ,Lucas,Thomas,,Front to Rear,no,no,no,no,yes,False
102840727,METROPOLITAN NASHVILLE POLICE DEPT,20200728263,Davidson,Nashville,11/24/2020 5:01:00 PM,2,0,0,36.186540,-86.822780,ED TEMPLE BLVD,,,,180.00,Feet,North,TSU CONNECTOR,,,,0.00,N,Not at Intersection,N,Non-Junction,None,,,         ,Brandon,Chapman,,"Sideswipe, Same Direction",no,no,no,no,no,False
102840728,METROPOLITAN NASHVILLE POLICE DEPT,20200727919,Davidson,Nashville,11/24/2020 3:05:00 PM,2,2,0,36.177970,-86.791330,6TH AVN,,,,0.00,,,TAYLOR ST,,,,0.00,Y,T-Intersection,Y,Intersection,None,,,         ,Anna,Clayton,,Angle,no,no,no,no,no,False
102840729,METROPOLITAN NASHVILLE POLICE DEPT,20200728293,Davidson,Nashville,11/24/2020 6:23:00 PM,2,1,0,36.153240,-86.687680,ELM HILL PKE,,,,0.00,,,ATRIUM WAY,,,,0.00,Y,Four-Way,N,Intersection,None,,,         ,Joseph,Simon,,Front to Rear,no,no,no,no,yes,False
102840735,METROPOLITAN NASHVILLE POLICE DEPT,20200728206,Davidson,Nashville,11/24/2020 5:20:00 PM,2,0,0,36.044600,-86.725080,OLD HICKORY BLVD,,,,91.00,Feet,South,AMALIE DR,,,,0.00,N,Not at Intersection,N,Non-Junction,None,,,         ,Edward,Starke,,"Sideswipe, Same Direction",no,no,no,no,yes,False
102840737,METROPOLITAN NASHVILLE POLICE DEPT,20200728027,Davidson,Not in City Limit,11/24/2020 3:30:00 PM,2,0,0,35.995840,-86.690940,CONCORD RD,,,,487.00,Feet,South,NOLENSVILLE PKE,,,,0.00,N,Not at Intersection, ,Non-Junction,None,,,         ,Tavin,Emlund,,Angle,no,no,no,no,no,False
102840754,METROPOLITAN NASHVILLE POLICE DEPT,20200728287,Davidson,Not in City Limit,11/24/2020 5:00:00 PM,2,0,0,36.078980,-86.961340,I 40,,,,0.00,,,,,,,196.00,N,Not at Intersection, ,,None,,,         ,Billy,Price,,,no,no,no,no,no,False
102840755,METROPOLITAN NASHVILLE POLICE DEPT,20200728201,Davidson,Not in City Limit,11/24/2020 5:56:00 PM,2,0,0,36.267240,-86.737010,I 65,,,,0.00,,,,,,,92.45,N,Not at Intersection, ,Non-Junction,None,,,         ,Lucas,Thomas,,Front to Rear,no,no,no,no,no,False
102840757,METROPOLITAN NASHVILLE POLICE DEPT,20200728321,Davidson,Nashville,11/24/2020 7:02:00 PM,2,0,0,36.084610,-86.704450,HARDING PL,,,,321.00,Feet,West,LARGO DR,,,,0.00,N,Not at Intersection,N,Non-Junction,None,,,         ,Thomas,Parsons,,Front to Rear,no,no,no,no,no,False
102840758,METROPOLITAN NASHVILLE POLICE DEPT,20200728285,Davidson,Nashville,11/24/2020 6:16:00 PM,2,0,0,36.042450,-86.712940,MILL CREEK WHITTLEMORE GRNWY,,,,0.00,,,NOLENSVILLE PKE,,,,0.00,Y,T-Intersection, ,Non-Junction,None,,,         ,Matthew,Swindell,,Front to Rear,no,no,no,no,no,False
102840769,METROPOLITAN NASHVILLE POLICE DEPT,20200728272,Davidson,Nashville,11/24/2020 6:30:00 PM,3,0,0,36.061280,-86.910820,HIGHWAY 100,,,,36.00,Feet,East,WARNER NATURE CTR PVTDR,,,,0.00,N,Not at Intersection, ,Non-Junction,None,,,         ,Douglas,Atwood,,Front to Rear,no,no,no,no,no,False
102840770,METROPOLITAN NASHVILLE POLICE DEPT,20200728204,Davidson,Nashville,11/24/2020 5:57:00 PM,2,6,0,36.139500,-86.700200,KNIGHTS OF COLUMBUS BLVD,,,,0.00,,,I40 E ENT RAMP,,,,0.00,Y,Four-Way,N,Intersection,None,,,         ,Phillip,Burke,,HeadOn,no,no,no,no,no,False
102840789,METROPOLITAN NASHVILLE POLICE DEPT,20200728390,Davidson,Not in City Limit,11/24/2020 7:52:00 PM,2,3,0,36.265060,-86.711230,GALLATIN PKEN,,,,292.00,Feet,South,DULING AV,,,,0.00,N,Not at Intersection,N,Non-Junction,None,,,         ,Christopher,Littles,,Angle,no,no,no,no,no,False
102840793,GOODLETTSVILLE POLICE DEPT,20-34566,Davidson,Goodlettsville,11/24/2020 6:15:00 PM,3,0,0,36.311120,-86.684410,VIETNAM VETERANS BLVDN,,,,357.00,Feet,West,VIETNAM VETERANS BLVD SB EXT R,,,,0.00,N,Not at Intersection,N,Non-Junction,None,,,         ,Nicholas,Given,Clear,Not Collision with Motor Vehicle in Transport,no,no,no,no,no,False
102840798,METROPOLITAN NASHVILLE POLICE DEPT,20200728302,Davidson,Nashville,11/24/2020 12:00:00 AM,2,1,0,36.154990,-86.627130,I40 E EXT RAMP,,,,0.00,,,I 40,,,,0.00,Y,T-Intersection,N,Entrance/Exit Ramp Related,None,,,         ,Adam,Gartner,,Front to Rear,no,no,no,no,no,False
102840807,METROPOLITAN NASHVILLE POLICE DEPT,20200728415,Davidson,Nashville,11/24/2020 7:05:00 PM,2,0,0,36.220610,-86.754220,HART LN,,,,0.00,,,JONES AV,,,,0.00,Y,T-Intersection, ,Intersection-Related,None,,,         ,Sarah,Cartwright,Clear,"Sideswipe, Opposite Direction",no,no,no,no,no,False
102840808,METROPOLITAN NASHVILLE POLICE DEPT,20200728225,Davidson,Nashville,11/24/2020 6:09:00 PM,4,0,0,36.189530,-86.791650,I 65,,,,0.00,,,,,,,85.65,N,Not at Intersection,N,Non-Junction,None,,,         ,Daniel,Tomlinson,Clear,Front to Rear,no,no,no,no,no,False
102840839,METROPOLITAN NASHVILLE POLICE DEPT,20200728282,Davidson,Nashville,11/24/2020 6:15:00 PM,2,1,0,36.084160,-86.705890,LINBAR DR,,,,0.00,,,HARDING PL,,,,0.00,Y,Four-Way,N,Intersection,None,,,         ,John,Jones,,"Sideswipe, Opposite Direction",no,no,no,no,no,False
102840845,METROPOLITAN NASHVILLE POLICE DEPT,20200728353,Davidson,Not in City Limit,11/24/2020 7:30:00 PM,1,2,0,36.294270,-86.853340,WHITES CREEK PKE,,,,7.00,Feet,South,SEYMOUR HOLLOW RD,,,,0.00,N,Not at Intersection,N,Non-Junction,None,,,         ,William,Boler,,Not Collision with Motor Vehicle in Transport,no,no,no,no,no,False
102840858,METROPOLITAN NASHVILLE POLICE DEPT,20200728393,Davidson,Nashville,11/24/2020 6:55:00 PM,2,0,0,36.181730,-86.799670,I 65,,,,0.00,,,,,,,85.10,N,Not at Intersection, ,,None,,,         ,Anna,Clayton,,,no,no,no,no,no,False
102840869,METROPOLITAN NASHVILLE POLICE DEPT,20200728080,Davidson,Nashville,11/24/2020 4:25:00 PM,7,2,0,36.081020,-86.696820,I 24,,,,0.00,,,,,,,56.10,N,Not at Intersection,N,Non-Junction,None,,,         ,Marcus,Darden,,Other,no,no,no,no,yes,False
102840893,METROPOLITAN NASHVILLE POLICE DEPT,20200728549,Davidson,Nashville,11/24/2020 9:19:00 PM,2,0,0,36.095800,-86.737320,WHEELER AV,,,,46.00,Feet,East,NOLENSVILLE PKE,,,,0.00,N,Not at Intersection,N,Non-Junction,None,,,         ,Edward,Starke,,Front to Rear,no,no,no,no,yes,False
102840911,METROPOLITAN NASHVILLE POLICE DEPT,20200728258,Davidson,Nashville,11/24/2020 6:25:00 PM,3,0,0,36.107530,-86.812830,HILLSBORO PKE,,,,109.00,Feet,South,GREEN HILLS VILLAGE DR,,,,0.00,N,Not at Intersection,N,Non-Junction,None,,,         ,Savannah,Starbuck,,Front to Rear,no,no,no,no,no,False
102840924,METROPOLITAN NASHVILLE POLICE DEPT,2020-0723678,Davidson,Nashville,11/22/2020 12:00:00 AM,2,0,0,36.152960,-86.690720,BRILEY PKWY N ENT RAMP,,,,0.00,,,BRILEY PKWYN,,,,0.00,Y,OTHER,Y,Non-Junction,None,,,         ,Frank,Walker,Rain,"Sideswipe, Same Direction",no,no,no,no,no,False
102840942,METROPOLITAN NASHVILLE POLICE DEPT,20200728669,Davidson,Nashville,11/24/2020 9:40:00 PM,1,0,0,36.028590,-86.669450,PETTUS RD,,,,969.00,Feet,East,BLUE HOLE RD,,,,0.00,N,Not at Intersection, ,Non-Junction,None,,,         ,Leonard,Cato,,Not Collision with Motor Vehicle in Transport,no,no,no,no,no,False
102840948,METROPOLITAN NASHVILLE POLICE DEPT,20200728727,Davidson,Nashville,11/24/2020 11:29:00 PM,2,0,0,36.044850,-86.668370,ARBOR COMMON,,,,0.00,Feet,,BEECHWOOD TER,,,,0.00,Y,T-Intersection,Y,Intersection-Related,None,,,         ,Austin,Bowles,,Not Collision with Motor Vehicle in Transport,no,no,no,no,no,False
102840959,METROPOLITAN NASHVILLE POLICE DEPT,20200728831,Davidson,Nashville,11/25/2020 12:40:00 AM,2,0,0,36.242790,-86.780460,MASONWOOD DR,,,,0.00,,,BRICK CHURCH PKE,,,,0.00,Y,T-Intersection,N,Intersection,None,,,         ,Coleman,McKellar,,Front to Rear,no,no,no,no,yes,False
102840985,METROPOLITAN NASHVILLE POLICE DEPT,20200728973,Davidson,Nashville,11/25/2020 2:43:00 AM,1,0,0,36.067790,-86.630690,FOREST VIEW DR,,,,214.00,Feet,East,MURFREESBORO PKE,,,,0.00,N,Not at Intersection,N,Non-Junction,None,,,         ,Leonard,Cato,,Not Collision with Motor Vehicle in Transport,no,no,no,yes,no,False
102841032,METROPOLITAN NASHVILLE POLICE DEPT,20200729192,Davidson,Nashville,11/25/2020 12:00:00 AM,1,0,0,36.072430,-86.710200,FAULKNER DR,,,,441.00,Feet,West,LEOPOLE RD,,,,0.00,N,Not at Intersection,N,Non-Junction,None,,,         ,Antoine,Maghamez,,Not Collision with Motor Vehicle in Transport,no,no,no,no,yes,False
102841037,METROPOLITAN NASHVILLE POLICE DEPT,20200729218,Davidson,Nashville,11/25/2020 6:30:00 AM,1,0,0,36.187990,-86.821560,ED TEMPLE BLVD,,,,0.00,Feet,,ROSA L PARKS BLVD,,,,0.00,Y,OTHER,N,Intersection-Related,None,,,         ,Robert,Marquez,Cloudy,Not Collision with Motor Vehicle in Transport,no,no,no,no,no,False
102841050,METROPOLITAN NASHVILLE POLICE DEPT,20200729216,Davidson,Nashville,11/25/2020 6:17:00 AM,2,0,0,36.231960,-86.783600,I 24,,,,0.00,,,,,,,44.00,N,Not at Intersection, ,Non-Junction,None,,,         ,James,Wray,,Front to Rear,no,no,no,no,no,False
102841053,METROPOLITAN NASHVILLE POLICE DEPT,20200729262,Davidson,Nashville,11/25/2020 7:29:00 AM,1,1,0,36.232090,-86.826780,BRILEY PKWYW,,,,497.00,Feet,West,BRILEY PKWYE,,,,0.00,N,Not at Intersection,N,Non-Junction,None,,,         ,Royce,McLester,,Not Collision with Motor Vehicle in Transport,no,no,no,no,no,False
102841081,METROPOLITAN NASHVILLE POLICE DEPT,20200729232,Davidson,Antioch,11/25/2020 7:00:00 AM,3,0,0,36.035950,-86.599070,MURFREESBORO PKE,,,,1616.00,Feet,South,MAXWELL RD,,,,0.00,N,Not at Intersection,N,Non-Junction,None,,,         ,Nathaniel,Jones,Rain,Front to Rear,no,no,no,no,no,False
102841087,METROPOLITAN NASHVILLE POLICE DEPT,20200729303,Davidson,Nashville,11/25/2020 7:35:00 AM,1,0,0,36.080010,-86.720180,RECOVERY RD,,,,351.00,Feet,North,WALLACE RD,,,,0.00,N,Not at Intersection, ,Non-Junction,None,,,         ,Jason,Hees,Rain,Not Collision with Motor Vehicle in Transport,no,no,no,no,no,False
102841095,METROPOLITAN NASHVILLE POLICE DEPT,20200727675,Davidson,Nashville,11/24/2020 12:39:00 PM,2,0,0,36.244210,-86.762230,SKYLINE COMMONS PVTDR,,,,7.00,Feet,West,DOVERSIDE DR,,,,0.00,N,Not at Intersection,N,OtherLocation,None,,,         ,Ruben,Mariano,Clear,Front to Rear,no,no,no,yes,yes,False
102841097,METROPOLITAN NASHVILLE POLICE DEPT,20200729340,Davidson,Nashville,11/25/2020 8:00:00 AM,1,0,0,36.108690,-86.720250,I24 W EXT RAMP,,,,0.00,,,I 24,,,,0.00,Y,Four-Way,N,Entrance/Exit Ramp Related,None,,,         ,Dillon,Gann,Rain,Not Collision with Motor Vehicle in Transport,no,no,no,no,no,False
102841103,METROPOLITAN NASHVILLE POLICE DEPT,20200729370,Davidson,Nashville,11/25/2020 8:40:00 AM,3,0,0,36.139600,-86.726800,I24E,,,,468.00,Feet,North,I24 W ENT RAMP,,,,0.00,N,Not at Intersection,N,Non-Junction,None,,,         ,Michael,Dance,Rain,Front to Rear,no,no,no,no,yes,False
102841114,METROPOLITAN NASHVILLE POLICE DEPT,20200723782,Davidson,Nashville,11/22/2020 12:40:00 PM,1,0,0,36.233740,-86.728900,JOYCE LN,,,,16.00,Feet,East,GRINSTEAD PL,,,,0.00,N,Not at Intersection,N,Non-Junction,None,,,         ,Maria,Reynolds,,Not Collision with Motor Vehicle in Transport,no,no,no,no,yes,False
102841134,METROPOLITAN NASHVILLE POLICE DEPT,20200729461,Davidson,Nashville,11/25/2020 9:35:00 AM,2,0,0,36.164930,-86.794100,I 40,,,,0.00,,,,,,,208.40,N,Not at Intersection,N,Non-Junction,None,,,         ,Brian,Quigley,Rain,"Sideswipe, Same Direction",no,no,no,no,yes,False
102841136,METROPOLITAN NASHVILLE POLICE DEPT,20200729394,Davidson,Nashville,11/25/2020 8:50:00 AM,2,0,0,36.178000,-86.751570,CLEARVIEW AV,,,,0.00,,,S 10TH ST,,,,0.00,Y,OTHER,N,Non-Junction,None,,,         ,William,Sutherland,,Angle,no,no,no,no,yes,False
102841147,METROPOLITAN NASHVILLE POLICE DEPT,20200729326,Davidson,Nashville,11/25/2020 8:14:00 AM,2,1,0,36.216780,-86.623510,GRANWOOD BLVD,,,,0.00,,,OLD HICKORY BLVD,,,,0.00,Y,Four-Way,N,Intersection-Related,None,,,         ,Michael,Brooks,Rain,Front to Rear,no,no,no,no,no,False
102841148,METROPOLITAN NASHVILLE POLICE DEPT,20200729398,Davidson,Nashville,11/25/2020 8:55:00 AM,1,0,0,36.091430,-86.625340,BELL RD,,,,531.00,Feet,North,SMITH SPRINGS RD,,,,0.00,N,Not at Intersection,N,Non-Junction,None,,,         ,Michael,Brooks,Rain,Not Collision with Motor Vehicle in Transport,no,no,no,no,no,False
102841149,METROPOLITAN NASHVILLE POLICE DEPT,20200729459,Davidson,Nashville,11/25/2020 7:39:00 AM,1,0,0,36.236120,-86.758170,DICKERSON PKE,,,,156.00,Feet,South,I65 N ENT RAMP,,,,0.00,N,Not at Intersection, ,Non-Junction,None,,,         ,Maria,Reynolds,,Not Collision with Motor Vehicle in Transport,no,no,no,yes,yes,False
102841154,METROPOLITAN NASHVILLE POLICE DEPT,20200729493,Davidson,Nashville,11/25/2020 9:56:00 AM,1,0,0,36.231330,-86.615190,SHUTE LN,,,,483.00,Feet,East,MONTCHANIN TER,,,,0.00,N,Not at Intersection,N,Non-Junction,None,,,         ,Michael,Brooks,Rain,Not Collision with Motor Vehicle in Transport,no,no,no,no,no,False
102841163,METROPOLITAN NASHVILLE POLICE DEPT,20200729405,Davidson,Nashville,11/25/2020 8:59:00 AM,2,0,0,36.232090,-86.784120,EWING DR,,,,1147.00,Feet,East,EXIT 43,,,,0.00,N,Not at Intersection,N,Non-Junction,None,,,         ,James,Wray,Rain,Not Collision with Motor Vehicle in Transport,no,no,no,no,yes,False
102841165,METROPOLITAN NASHVILLE POLICE DEPT,20200729629,Davidson,Nashville,11/25/2020 10:51:00 AM,1,0,0,36.139490,-86.726870,I24E,,,,438.00,Feet,North,I24 W ENT RAMP,,,,0.00,N,Not at Intersection,N,Non-Junction,None,,,         ,Michael,Dance,Cloudy,Not Collision with Motor Vehicle in Transport,no,no,no,no,no,False
102841167,METROPOLITAN NASHVILLE POLICE DEPT,20200729417,Davidson,Nashville,11/25/2020 9:00:00 AM,3,0,0,36.185480,-86.775200,I 24,,,,0.00,,,,,,,47.20,N,Not at Intersection,N,Non-Junction,None,,,         ,Douglas,Smith,,Angle,no,no,no,no,no,False
102841171,METROPOLITAN NASHVILLE POLICE DEPT,20200729450,Davidson,Not in City Limit,11/25/2020 9:30:00 AM,2,0,0,36.317390,-86.861430,CLAY LICK RD,,,,0.00,,,UNION HILL RD,,,,0.00,Y,T-Intersection, ,Intersection,None,,,         ,Garren,Hoskins,"Cloudy, Rain","Sideswipe, Opposite Direction",no,no,no,no,no,False
102841174,METROPOLITAN NASHVILLE POLICE DEPT,20200729552,Davidson,Nashville,11/25/2020 10:27:00 AM,2,0,0,36.163320,-86.613120,BELL RD,,,,0.00,,,DODSON CHAPEL RD,,,,0.00,Y,T-Intersection, ,Intersection,None,,,         ,Michael,Dance,Cloudy,Front to Rear,no,no,no,no,no,False
102841194,METROPOLITAN NASHVILLE POLICE DEPT,20200729590,Davidson,Nashville,11/25/2020 10:44:00 AM,2,0,0,36.103640,-86.766270,I 65,,,,0.00,,,,,,,79.30,N,Not at Intersection, ,Non-Junction,None,,,         ,Earl,Davis,,"Sideswipe, Same Direction",no,no,no,no,no,False
102841195,METROPOLITAN NASHVILLE POLICE DEPT,20200729529,Davidson,Nashville,11/25/2020 10:00:00 AM,2,1,0,36.054040,-86.667420,HICKORY HOLLOW PKWY,,,,1465.00,Feet,East,MT VIEW RD,,,,0.00,N,Not at Intersection,N,Non-Junction,None,,,         ,Dillon,Gann,Rain,HeadOn,no,no,no,no,no,False
102841196,METROPOLITAN NASHVILLE POLICE DEPT,20200729650,Davidson,Nashville,11/25/2020 11:10:00 AM,2,0,0,36.098070,-86.722440,MCCALL ST,,,,233.00,Feet,East,DUMAS DR,,,,0.00,N,Not at Intersection,N,Non-Junction,None,,,         ,James,Thomas,,HeadOn,no,no,no,no,yes,False
102841212,METROPOLITAN NASHVILLE POLICE DEPT,20200729709,Davidson,Nashville,11/25/2020 11:13:00 AM,2,0,0,36.134280,-86.779960,WEDGEWOOD AV,,,,155.00,Feet,East,BEECH AV,,,,0.00,N,Not at Intersection, ,Non-Junction,None,,,         ,Earl,Davis,,Front to Rear,no,no,no,no,no,False
102841220,METROPOLITAN NASHVILLE POLICE DEPT,20200729762,Davidson,Nashville,11/25/2020 12:19:00 PM,2,0,0,36.139210,-86.706080,PATRICIA DR,,,,81.00,Feet,North,KAREN DR,,,,0.00,N,Not at Intersection, ,Non-Junction,None,,,         ,Michael,Dance,Clear,"Sideswipe, Opposite Direction",no,no,no,no,no,False
102841241,METROPOLITAN NASHVILLE POLICE DEPT,20200729680,Davidson,Nashville,11/25/2020 11:03:00 AM,3,0,0,36.180030,-86.800410,I 65,,,,0.00,,,,,,,85.00,N,Not at Intersection,N,Non-Junction,None,,,         ,Robert,Marquez,Cloudy,Front to Rear,no,no,no,no,yes,False
102841276,METROPOLITAN NASHVILLE POLICE DEPT,20200729768,Davidson,Nashville,11/25/2020 10:30:00 AM,2,0,0,36.073090,-86.692220,I 24,,,,0.00,,,,,,,56.70,N,Not at Intersection, ,Non-Junction,None,,,         ,Caleb,Jernigan,,Angle,no,no,no,no,no,False
102841278,METROPOLITAN NASHVILLE POLICE DEPT,2020-0729781,Davidson,Nashville,11/25/2020 12:20:00 PM,3,1,0,36.251920,-86.717690,GALLATIN PKES,,,,0.00,,,E WEBSTER ST,,,,0.00,Y,Four-Way,N,Intersection,None,,,         ,Travis,Baxter,Clear,"Sideswipe, Same Direction",no,no,no,no,no,False
102841313,METROPOLITAN NASHVILLE POLICE DEPT,20200729835,Davidson,Nashville,11/25/2020 12:30:00 PM,2,0,0,36.183820,-86.748370,EASTLAND AV,,,,0.00,,,GALLATIN AV,,,,0.00,Y,Four-Way,N,Non-Junction,None,,,         ,Douglas,Smith,,"Sideswipe, Same Direction",no,no,no,no,no,False
102841334,THP District 3 - Nashville,320066860,Davidson,Nashville,11/22/2020 1:19:00 PM,1,1,0,36.035280,-86.783260,I 65,,,,0.00,,,,,,,74.30,N,Not at Intersection,Y,Entrance/Exit Ramp Related,None,,,         ,Joseph,Whitmarsh,Rain,Not Collision with Motor Vehicle in Transport,no,no,no,no,no,False
102841336,METROPOLITAN NASHVILLE POLICE DEPT,20200729836,Davidson,Nashville,11/25/2020 12:45:00 PM,2,0,0,36.063030,-86.916890,OLD HICKORY BLVD,,,,39.00,Feet,South,BELLEVUE RD,,,,0.00,N,Not at Intersection, ,Non-Junction,Construction Zone,,,         ,Douglas,Atwood,,Front to Rear,no,no,no,no,yes,False
102841337,METROPOLITAN NASHVILLE POLICE DEPT,20200729469,Davidson,Nashville,11/25/2020 9:34:00 AM,2,0,0,36.201860,-86.785370,SEMINARY ST,,,,0.00,,,HAYNES ST,,,,0.00,Y,T-Intersection,N,Non-Junction,None,,,         ,James,Wray,Rain,Angle,no,no,no,no,yes,False
102841339,METROPOLITAN NASHVILLE POLICE DEPT,20200729361,Davidson,Nashville,11/25/2020 8:30:00 AM,3,0,0,36.152670,-86.829650,CHARLOTTE AV,,,,164.00,Feet,East,38TH AVN,,,,0.00,N,Not at Intersection, ,Non-Junction,None,,,         ,Esther,Poysti,,Front to Rear,no,no,no,no,no,False
102841340,METROPOLITAN NASHVILLE POLICE DEPT,20200729809,Davidson,Nashville,11/25/2020 12:43:00 PM,2,0,0,36.162030,-86.760700,I 24,,,,0.00,,,,,,,49.35,N,Not at Intersection, ,Non-Junction,None,,,         ,Michael,Agee,,"Sideswipe, Same Direction",no,no,no,no,no,False
102841342,METROPOLITAN NASHVILLE POLICE DEPT,20200729882,Davidson,Nashville,11/25/2020 12:55:00 PM,2,0,0,36.044260,-86.713130,NOLENSVILLE PKE,,,,25.00,Feet,South,BRENTWOOD EAST DR,,,,0.00,N,Not at Intersection, ,Non-Junction,None,,,         ,Earl,Davis,,"Sideswipe, Same Direction",no,no,no,no,no,False
102841349,METROPOLITAN NASHVILLE POLICE DEPT,20200729805,Davidson,Not in City Limit,11/25/2020 1:00:00 PM,1,1,0,36.280340,-86.803470,I 24,,,,0.00,,,,,,,40.30,N,Not at Intersection,N,Non-Junction,None,,,         ,Gretta,Ireland,Clear,Not Collision with Motor Vehicle in Transport,no,no,no,no,no,False
102841350,METROPOLITAN NASHVILLE POLICE DEPT,20200729728,Davidson,Nashville,11/25/2020 11:40:00 AM,2,1,0,36.199060,-86.740960,GALLATIN PKE,,,,0.00,,,DELMAS AV,,,,0.00,Y,T-Intersection,N,Non-Junction,None,,,         ,Faye,Denson,,Angle,no,no,no,no,no,False
102841364,METROPOLITAN NASHVILLE POLICE DEPT,20200729864,Davidson,Nashville,11/25/2020 1:00:00 PM,1,2,0,36.244310,-86.794500,BRICK CHURCH LN,,,,2151.00,Feet,East,KNIGHT DR,,,,0.00,N,Not at Intersection,N,Non-Junction,None,,,         ,Brian,Quigley,,Not Collision with Motor Vehicle in Transport,no,no,no,no,yes,False
102841385,METROPOLITAN NASHVILLE POLICE DEPT,2020-0720757,Davidson,Nashville,11/20/2020 4:24:00 PM,1,1,0,36.183730,-86.747600,EASTLAND AV,,,,229.00,Feet,East,GALLATIN AV,,,,0.00,N,Not at Intersection, ,"Driveway, Alley Access, etc",None,,,         ,Anthony,Brooks,Clear,Not Collision with Motor Vehicle in Transport,yes,no,no,no,no,False
102841399,TENNESSEE STATE UNIVERSITY ,20-TSU-41733,Davidson,Nashville,11/24/2020 8:33:00 PM,2,0,0,36.164520,-86.827580,ALAMEDA ST,,,,360.00,Feet,West,33RD AVN,,,,0.00,N,Not at Intersection,N,Non-Junction,None,,,         ,Inice,Wagner,,HeadOn,no,no,no,yes,no,False
102841420,METROPOLITAN NASHVILLE POLICE DEPT,20200726051,Davidson,Goodlettsville,11/23/2020 12:00:00 AM,2,0,0,36.300770,-86.694820,SHEPHERD HILLS DR,,,,0.00,Feet,,RIVERGATE MALL PVTDR,,,,0.00,Y,Four-Way,N,Intersection-Related,None,,,         ,Dylan,Ramos,Clear,Front to Rear,no,no,no,no,no,False
102841425,METROPOLITAN NASHVILLE POLICE DEPT,20200729931,Davidson,Nashville,11/25/2020 2:00:00 PM,1,1,0,36.145390,-86.873410,AMERICAN RD,,,,40.00,Feet,South,MERCOMATIC DR,,,,0.00,N,Not at Intersection,N,Non-Junction,None,,,         ,Charles,Boles,,Not Collision with Motor Vehicle in Transport,no,no,no,no,no,False
102841435,METROPOLITAN NASHVILLE POLICE DEPT,20200730001,Davidson,Nashville,11/25/2020 2:53:00 PM,2,1,0,36.044870,-86.663410,BELL RD,,,,556.00,Feet,West,CANE RIDGE RD,,,,0.00,N,Not at Intersection,N,Non-Junction,None,,,         ,Steven,Begley,,Angle,no,no,no,no,no,False
102841447,METROPOLITAN NASHVILLE POLICE DEPT,20200730057,Davidson,Nashville,11/25/2020 2:20:00 PM,2,0,0,36.152810,-86.842240,46TH AVN,,,,180.00,Feet,South,I40 E ENT RAMP,,,,0.00,N,Not at Intersection, ,,None,,,         ,Hillary,Sherman,,,no,no,no,no,no,False
102841505,METROPOLITAN NASHVILLE POLICE DEPT,20200730176,Davidson,Nashville,11/25/2020 4:27:00 PM,2,0,0,36.107720,-86.765400,POWELL AV,,,,499.00,Feet,North,POWELL PL,,,,0.00,N,Not at Intersection, ,,None,,,         ,Douglas,Sykes,,,no,no,no,no,no,False
102841508,METROPOLITAN NASHVILLE POLICE DEPT,20200730089,Davidson,Nashville,11/25/2020 3:40:00 PM,2,3,0,36.154960,-86.665270,LAKELAND DR,,,,0.00,,,DONELSON PKE,,,,0.00,Y,Four-Way,N,Intersection,None,,,         ,Adam,Warren,,Front to Rear,no,no,no,no,no,False