master_record_number,agency,agency_tracking_number,county,city,collision_date,vehicles_involved,number_injured,number_dead,latitude,longitude,roadway_name,roadway_suffix,roadway_number,roadway_local_id,distance_from_reference,miles-feet_indicator,direction_from_reference,intersection_road_name,intersection_road_name_suffix,intersection_road_number,intersection_local_id,mile_marker,intersection_indicator,intersect_type,interchange_related_indicator,relation_to_junction,work_zone_type,construction_maintenance_zone,construction_maintenance_zone_location,fatal_case_number,officer_first_name,officer_last_name,weather_condition(s),manner_of_crash,pedestrian,bicycle,scooter,parking,hitrun,mou
102844218,METROPOLITAN NASHVILLE POLICE DEPT,20200734677,Davidson,Nashville,11/28/2020 12:16:00 PM,2,0,0,36.215400,-86.588510,TULIP GROVE RD,,,,0.00,,,LEBANON PKE,,,,0.00,Y,Four-Way, ,,None,,,         ,Katelyn,Argeroplos,,,no,no,no,no,no,False
102844232,METROPOLITAN NASHVILLE POLICE DEPT,20200734710,Davidson,Not in City Limit,11/28/2020 1:54:00 PM,2,0,0,36.273530,-86.718840,NESBITT LN,,,,0.00,,,HERITAGE DR,,,,0.00,Y,T-Intersection,N,Intersection-Related,None,,,         ,Michael,McCord,Clear,Angle,no,no,no,no,no,False
102844267,METROPOLITAN NASHVILLE POLICE DEPT,20200734797,Davidson,Nashville,11/28/2020 12:00:00 AM,2,0,0,36.141220,-86.759010,LEWIS ST,,,,49.00,Feet,North,ANDREW T WHITMORE ST,,,,0.00,N,Not at Intersection, ,Non-Junction,None,,,         ,John,Braun,Clear,"Sideswipe, Same Direction",no,no,no,no,no,False
102844281,METROPOLITAN NASHVILLE POLICE DEPT,20200734805,Davidson,Nashville,11/28/2020 3:00:00 PM,2,0,0,36.157110,-86.774670,4TH AVS,,,,0.00,,,KOREAN VETERANS BLVD,,,,0.00,Y,Four-Way, ,Intersection,None,,,         ,Matthew,Mrowiec,,Angle,no,no,no,no,no,False
102844326,METROPOLITAN NASHVILLE POLICE DEPT,20200734855,Davidson,Nashville,11/28/2020 3:45:00 PM,2,0,0,36.159610,-86.796260,CHARLOTTE AV,,,,0.00,Feet,East,16TH AVN,,,,0.00,N,Not at Intersection, ,Non-Junction,None,,,         ,Goran,Manojlovic,,Front to Rear,no,no,no,no,no,False
102844327,METROPOLITAN NASHVILLE POLICE DEPT,20200734742,Davidson,Not in City Limit,11/28/2020 2:40:00 PM,3,2,0,36.306140,-86.686840,GALLATIN PKEN,,,,240.00,Feet,East,NORTHSIDE DR,,,,0.00,N,Not at Intersection,N,Non-Junction,None,,,         ,Kyle,Lund,,Front to Rear,no,no,no,no,no,False
102844329,METROPOLITAN NASHVILLE POLICE DEPT,20200734770,Davidson,Nashville,11/28/2020 2:20:00 PM,2,0,0,36.226310,-86.603190,SAUNDERSVILLE RD,,,,0.00,Feet,East,SHUTE LN,,,,0.00,N,Not at Intersection,N,Non-Junction,None,,,         ,Tyler,Hall,,Front to Rear,no,no,no,no,no,False
102844351,METROPOLITAN NASHVILLE POLICE DEPT,20200734823,Davidson,Nashville,11/28/2020 3:25:00 PM,3,1,0,36.157960,-86.791550,US HWY 70,,,,0.00,,,CHURCH ST,,,,0.00,Y,Four-Way,N,Intersection,None,,,         ,Zachary,Plese,Clear,Angle,no,no,no,no,no,False
102844360,METROPOLITAN NASHVILLE POLICE DEPT,20200734892,Davidson,Nashville,11/28/2020 4:00:00 PM,2,0,0,36.131010,-86.835620,WHITLAND AV,,,,0.00,,,WEST END AV,,,,0.00,Y,Four-Way, ,,None,,,         ,Hillary,Sherman,,,no,no,no,no,no,False
102844368,METROPOLITAN NASHVILLE POLICE DEPT,20200734935,Davidson,Nashville,11/28/2020 4:10:00 PM,2,0,0,36.060660,-86.916380,HIGHWAY 100,,,,72.00,Feet,West,OLD HICKORY BLVD,,,,0.00,N,Not at Intersection, ,,None,,,         ,Brian,DeMarce,,,no,no,no,no,no,False
102844369,METROPOLITAN NASHVILLE POLICE DEPT,20200734871,Davidson,Nashville,11/28/2020 3:45:00 PM,2,0,0,36.149150,-86.798530,BROADWAY,,,,92.00,Feet,West,DIVISION ST,,,,0.00,N,Not at Intersection, ,,None,,,         ,Jacob,Robbins,,,no,no,no,no,no,Campus
102844372,METROPOLITAN NASHVILLE POLICE DEPT,20200734902,Davidson,Nashville,11/28/2020 4:08:00 PM,2,0,0,36.152120,-86.772230,LAFAYETTE ST,,,,0.00,,,ASH ST,,,,0.00,Y,Four-Way,N,Intersection,None,,,         ,Philip,Claibourne,Clear,Angle,no,no,no,no,no,False
102844378,METROPOLITAN NASHVILLE POLICE DEPT,20200734973,Davidson,Nashville,11/28/2020 5:02:00 PM,2,1,0,36.087890,-86.691150,HARDING PL,,,,354.00,Feet,East,ANTIOCH PKE,,,,0.00,N,Not at Intersection,N,Non-Junction,None,,,         ,Garrett,Latham,Clear,"Sideswipe, Same Direction",no,no,no,no,no,False
102844389,METROPOLITAN NASHVILLE POLICE DEPT,20200734948,Davidson,Nashville,11/28/2020 4:40:00 PM,3,1,0,36.162800,-86.761300,I 24,,,,0.00,,,,,,,49.30,N,Not at Intersection,N,Non-Junction,None,,,         ,Christopher,Beery,,Front to Rear,no,no,no,no,no,False
102844391,METROPOLITAN NASHVILLE POLICE DEPT,20200734844,Davidson,Nashville,11/28/2020 3:01:00 PM,2,0,0,36.155400,-86.759290,I24 W ENT RAMP,,,,0.00,,,I 40,,,,0.00,Y,Y-Intersection,N,Non-Junction,None,,,         ,Zachary,Aldrich,,"Sideswipe, Same Direction",no,no,no,no,yes,False
102844394,METROPOLITAN NASHVILLE POLICE DEPT,20200734982,Davidson,Nashville,11/28/2020 5:08:00 PM,2,2,0,36.233910,-86.723310,BRILEY PKWY E ENT RAMP,,,,0.00,Feet,East,BRILEY PKWY E EXT RAMP,,,,0.00,N,Not at Intersection,Y,Entrance/Exit Ramp Related,None,,,         ,Jonathan,Foote,,Front to Rear,no,no,no,no,yes,False
102844397,METROPOLITAN NASHVILLE POLICE DEPT,20200734787,Davidson,Nashville,11/28/2020 2:40:00 PM,2,0,0,36.247270,-86.720810,GALLATIN PKES,,,,240.00,Feet,North,BERKLEY DR,,,,0.00,N,Not at Intersection,N,Non-Junction,None,,,         ,Jarret,Sonnenberg,Clear,Front to Rear,no,no,no,no,no,False
102844399,GOODLETTSVILLE POLICE DEPT,20-34928,Davidson,Goodlettsville,11/28/2020 3:23:00 AM,2,1,0,36.303560,-86.709130,VIETNAM VETERANS BLVDS,,,,1343.00,Feet,East,VIETNAM VETERANS BLVDN,,,,0.00,N,Not at Intersection,Y,Entrance/Exit Ramp Related,None,,,         ,Nicholas,Given,Clear,Angle,no,no,no,no,no,False
102844404,METROPOLITAN NASHVILLE POLICE DEPT,20200735024,Davidson,Goodlettsville,11/28/2020 5:40:00 PM,2,1,0,36.304430,-86.689390,GALLATIN PKEN,,,,157.00,Feet,West,LIBERTY LN,,,,0.00,N,Not at Intersection,N,Non-Junction,None,,,         ,Kyle,Lund,,Front to Rear,no,no,no,no,no,False
102844418,METROPOLITAN NASHVILLE POLICE DEPT,20200734957,Davidson,Nashville,11/28/2020 4:44:00 PM,2,0,0,36.151130,-86.770120,I40 W EXT RAMP,,,,0.00,Feet,East,I 40,,,,0.00,N,Not at Intersection, ,,None,,,         ,Matthew,Mrowiec,,,no,no,no,no,no,False
102844444,METROPOLITAN NASHVILLE POLICE DEPT,20200735138,Davidson,Nashville,11/28/2020 7:00:00 PM,2,0,0,36.192170,-86.828800,CLARKSVILLE PKE,,,,110.00,Feet,East,CLIFF DR,,,,0.00,N,Not at Intersection,N,Non-Junction,None,,,         ,Gabriel,Centeno,,Angle,no,no,no,no,no,False
102844447,METROPOLITAN NASHVILLE POLICE DEPT,20200735128,Davidson,Nashville,11/28/2020 6:52:00 PM,3,1,0,36.161170,-86.859110,MORROW RD,,,,759.00,Feet,East,60TH AVN,,,,0.00,N,Not at Intersection,N,Non-Junction,None,,,         ,Ryan,Malone,,Front to Rear,no,no,no,no,no,False
102844453,METROPOLITAN NASHVILLE POLICE DEPT,20200734938,Davidson,Nashville,11/28/2020 3:24:00 PM,4,1,0,36.234620,-86.809140,BRILEY PKWYE,,,,216.00,Feet,East,BRILEY PKWYW,,,,0.00,N,Not at Intersection,N,Entrance/Exit Ramp Related,None,,,         ,William,Boler,,Front to Rear,no,no,no,no,yes,False
102844489,METROPOLITAN NASHVILLE POLICE DEPT,20200735242,Davidson,Antioch,11/28/2020 7:38:00 PM,2,0,0,36.045250,-86.609100,MURFREESBORO PKE,,,,0.00,Feet,East,MOUNTAIN SPRINGS RD,,,,0.00,N,Not at Intersection,N,Non-Junction,None,,,         ,Nadine,Klemenz,Clear,"Sideswipe, Same Direction",no,no,no,no,yes,False
102844494,METROPOLITAN NASHVILLE POLICE DEPT,20200735127,Davidson,Nashville,11/28/2020 6:48:00 PM,2,3,0,36.202500,-86.820480,BUENA VISTA PKE,,,,0.00,Feet,,W TRINITY LN,,,,0.00,Y,T-Intersection,N,Intersection-Related,None,,,         ,Alec,Pellissier,,Angle,no,no,no,no,yes,False
102844508,METROPOLITAN NASHVILLE POLICE DEPT,20200735152,Davidson,Not in City Limit,11/28/2020 6:00:00 PM,2,0,0,36.258500,-86.738280,I 65,,,,0.00,,,,,,,91.85,N,Not at Intersection, ,Non-Junction,None,,,         ,Kyle,Lund,,Front to Rear,no,no,no,no,yes,False
102844562,METROPOLITAN NASHVILLE POLICE DEPT,20200735257,Davidson,Nashville,11/28/2020 8:44:00 PM,2,1,0,36.141970,-86.677710,I 40,,,,0.00,,,,,,,216.00,N,Not at Intersection,N,Non-Junction,None,,,         ,Carey,Steel,Clear,Front to Rear,no,no,no,no,yes,False
102844570,METROPOLITAN NASHVILLE POLICE DEPT,20200735208,Davidson,Nashville,11/28/2020 7:55:00 PM,2,0,0,36.153530,-86.788500,DEMONBREUN ST,,,,30.00,Feet,West,14TH AVS,,,,0.00,N,Not at Intersection,N,Non-Junction,None,,,         ,Savannah,Starbuck,,"Sideswipe, Same Direction",no,no,no,no,yes,False
102844571,METROPOLITAN NASHVILLE POLICE DEPT,20200735204,Davidson,Nashville,11/28/2020 8:01:00 PM,2,6,0,36.089130,-86.614850,SMITH SPRINGS RD,,,,0.00,,,CASTLEGATE DR,,,,0.00,Y,T-Intersection,N,Intersection,None,,,         ,Steven,Powers,,Angle,no,no,no,no,no,False
102844593,METROPOLITAN NASHVILLE POLICE DEPT,20200734923,Davidson,Nashville,11/28/2020 4:24:00 PM,3,1,0,36.248270,-86.742780,I 65,,,,0.00,,,,,,,91.05,N,Not at Intersection,N,Non-Junction,None,,,         ,William,Badger,,Front to Rear,no,no,no,no,no,False
102844597,METROPOLITAN NASHVILLE POLICE DEPT,20200735320,Davidson,Not in City Limit,11/28/2020 9:18:00 PM,2,0,0,36.264620,-86.683400,NASHWOOD PARK APTS PVTDR,,,,453.00,Feet,North,N DUPONT AV,,,,0.00,N,Not at Intersection,N,Non-Junction,None,,,         ,Spencer,Arroyo,,"Sideswipe, Opposite Direction",no,no,no,yes,no,False
102844602,METROPOLITAN NASHVILLE POLICE DEPT,20200733424,Davidson,Nashville,11/27/2020 5:00:00 PM,2,0,0,36.201710,-86.694370,OPRY MILLS DR,,,,1071.00,Feet,East,SHELBY BOTTOMS GRNWY,,,,0.00,N,Not at Intersection, ,Non-Junction,None,,,         ,Peter,Vaught,Clear,Unknown,no,no,no,yes,yes,False
102844617,METROPOLITAN NASHVILLE POLICE DEPT,20200735376,Davidson,Nashville,11/28/2020 10:05:00 PM,1,0,0,36.235220,-86.758310,DICKERSON PKE,,,,44.00,Feet,North,HOMESTEAD RD,,,,0.00,N,Not at Intersection, ,Non-Junction,None,,,         ,Maryanne,Bartello,,Not Collision with Motor Vehicle in Transport,no,no,no,no,no,False
102844658,METROPOLITAN NASHVILLE POLICE DEPT,20200735409,Davidson,Nashville,11/28/2020 10:42:00 PM,2,0,0,36.043030,-86.654810,I 24,,,,0.00,,,,,,,59.70,N,Not at Intersection, ,Non-Junction,None,,,         ,Austin,Bowles,,"Sideswipe, Same Direction",no,no,no,no,no,False
102844694,METROPOLITAN NASHVILLE POLICE DEPT,20200735575,Davidson,Nashville,11/29/2020 12:54:00 AM,1,1,0,36.054324,-86.618734,MURFREESBORO,PIKE,,,0.00,,,MT. VIEW,RD,,,0.00,Y,Four-Way,N,Intersection-Related,None,,,         ,Bryce,Hatten,,Not Collision with Motor Vehicle in Transport,no,no,no,no,no,False
102844698,METROPOLITAN NASHVILLE POLICE DEPT,20200735527,Davidson,Nashville,11/29/2020 12:20:00 AM,1,0,0,36.065190,-86.675280,REEVES RD,,,,148.00,Feet,East,GOODWIN RD,,,,0.00,N,Not at Intersection,N,Non-Junction,None,,,         ,Patrick,Hubbard Jr.,Clear,Not Collision with Motor Vehicle in Transport,no,no,no,no,no,False
102844705,METROPOLITAN NASHVILLE POLICE DEPT,20200735615,Davidson,Not in City Limit,11/29/2020 1:10:00 AM,1,0,0,36.257620,-86.704020,FOREST PARK RD,,,,28.00,Feet,North,FOREST BEND CIR,,,,0.00,N,Not at Intersection,N,Non-Junction,None,,,         ,Jonathon,Sheppard,Clear,Not Collision with Motor Vehicle in Transport,no,no,no,no,no,False
102844710,METROPOLITAN NASHVILLE POLICE DEPT,20200735634,Davidson,Nashville,11/29/2020 12:00:00 AM,2,0,0,36.137350,-86.777370,ALLOWAY ST,,,,333.00,Feet,West,RIDLEY BLVD,,,,0.00,N,Not at Intersection,N,Non-Junction,None,,,         ,Steven,Luckey,,"Sideswipe, Same Direction",no,no,no,no,yes,False
102844721,METROPOLITAN NASHVILLE POLICE DEPT,20200735704,Davidson,Nashville,11/29/2020 2:20:00 AM,1,0,0,36.138290,-86.726800,I 24,,,,0.00,,,,,,,52.40,N,Not at Intersection,N,Non-Junction,None,,,         ,Jeremy,Crisp,,Not Collision with Motor Vehicle in Transport,no,no,no,no,yes,False
102844726,METROPOLITAN NASHVILLE POLICE DEPT,20200735568,Davidson,Nashville,11/29/2020 12:02:00 AM,1,0,0,36.071300,-86.691280,I24 E EXT RAMP,,,,0.00,Feet,East,I 24,,,,0.00,N,Not at Intersection,N,Non-Junction,None,,,         ,Antoine,Maghamez,Clear,Not Collision with Motor Vehicle in Transport,no,no,no,no,no,False
102844733,METROPOLITAN NASHVILLE POLICE DEPT,20200735598,Davidson,Nashville,11/29/2020 1:05:00 AM,2,0,0,36.068060,-86.669050,RICHARDS RD,,,,0.00,,,DOWDY DR,,,,0.00,Y,Four-Way,Y,Intersection,None,,,         ,Scarlett,Collins,,Angle,no,no,no,no,no,False
102844741,METROPOLITAN NASHVILLE POLICE DEPT,20200735737,Davidson,Nashville,11/29/2020 12:00:00 AM,1,0,0,36.167020,-86.774070,TITANS WAY,,,,0.00,,,RUSSELL ST,,,,0.00,Y,T-Intersection,N,Intersection,None,,,         ,Richard,Luellen,Clear,Not Collision with Motor Vehicle in Transport,no,no,no,no,yes,False
102844742,METROPOLITAN NASHVILLE POLICE DEPT,20200735505,Davidson,Nashville,11/29/2020 12:09:00 AM,1,1,0,36.168050,-86.771670,S 1ST ST,,,,0.00,,,RUSSELL ST,,,,0.00,Y,T-Intersection,N,Non-Junction,None,,,         ,Richard,Luellen,Clear,Not Collision with Motor Vehicle in Transport,no,no,no,no,yes,False
102844743,METROPOLITAN NASHVILLE POLICE DEPT,20200735796,Davidson,Nashville,11/29/2020 12:05:00 AM,1,0,0,36.169410,-86.767860,INTERSTATE DR,,,,0.00,,,RUSSELL ST,,,,0.00,Y,T-Intersection,N,Non-Junction,None,,,         ,Richard,Luellen,Clear,Not Collision with Motor Vehicle in Transport,no,no,no,no,yes,False
102844745,METROPOLITAN NASHVILLE POLICE DEPT,20200735766,Davidson,Nashville,11/29/2020 3:29:00 AM,1,0,0,36.074240,-86.711240,FAULKNER DR,,,,219.00,Feet,North,LEOPOLE RD,,,,0.00,N,Not at Intersection,N,Non-Junction,None,,,         ,Scarlett,Collins,,Not Collision with Motor Vehicle in Transport,no,no,no,no,no,False
102844770,METROPOLITAN NASHVILLE POLICE DEPT,20200735810,Davidson,Nashville,11/29/2020 3:55:00 AM,2,0,0,36.051710,-86.645440,BELL RD,,,,237.00,Feet,South,BENT TREE  PVTDR,,,,0.00,N,Not at Intersection,N,OtherLocation,None,,,         ,Holly,Davis,,Angle,no,no,no,yes,yes,False
102844872,METROPOLITAN NASHVILLE POLICE DEPT,20200735986,Davidson,Nashville,11/29/2020 12:00:00 AM,1,0,0,36.242030,-86.634230,OLD HICKORY BLVD,,,,266.00,Feet,West,STONE HEDGE DR,,,,0.00,N,Not at Intersection,N,Non-Junction,None,,,         ,Rex,Engelbert,Clear,Not Collision with Motor Vehicle in Transport,no,no,no,no,yes,False
102844892,METROPOLITAN NASHVILLE POLICE DEPT,20200736011,Davidson,Nashville,11/29/2020 12:30:00 AM,2,0,0,36.070060,-86.655360,MULBERRY HILL PL,,,,64.00,Feet,North,BRIDGECREST DR,,,,0.00,N,Not at Intersection, ,Non-Junction,None,,,         ,Theodore,Flick,,Angle,no,no,no,no,yes,False
102844896,METROPOLITAN NASHVILLE POLICE DEPT,20200736039,Davidson,Nashville,11/29/2020 8:50:00 AM,2,0,0,36.043480,-86.661480,CANE RIDGE RD,,,,0.00,,,,,,,0.00,,, ,Non-Junction,None,,,         ,Nicholas,Carter,,"Sideswipe, Same Direction",no,no,no,yes,yes,False
102844959,METROPOLITAN NASHVILLE POLICE DEPT,20200736166,Davidson,Madison,11/29/2020 12:00:00 AM,1,0,0,36.265660,-86.679860,VANDIVER DR,,,,222.00,Feet,East,N DUPONT AV,,,,0.00,N,Not at Intersection,N,Non-Junction,None,,,         ,Dillon,Hunt,Unknown,Not Collision with Motor Vehicle in Transport,no,no,no,no,yes,False
102845012,METROPOLITAN NASHVILLE POLICE DEPT,20200736134,Davidson,Nashville,11/29/2020 10:22:00 AM,2,0,0,36.156010,-86.788850,BROADWAY,,,,0.00,Feet,,I40 W ENT RAMP,,,,0.00,Y,Four-Way,N,Intersection,None,,,         ,Henry,Perez,Clear,Angle,no,no,no,no,no,False
102845034,METROPOLITAN NASHVILLE POLICE DEPT,20200736143,Davidson,Nashville,11/29/2020 12:00:00 AM,2,0,0,36.130180,-86.755030,NOLENSVILLE PKE,,,,0.00,,,POLK AV,,,,0.00,Y,T-Intersection,N,Intersection,None,,,         ,James,Thornton,Cloudy,"Sideswipe, Same Direction",no,no,no,no,yes,False
102845110,METROPOLITAN NASHVILLE POLICE DEPT,20200736252,Davidson,Madison,11/29/2020 12:42:00 PM,2,0,0,36.264100,-86.724180,OLD HICKORY BLVDW,,,,0.00,,,HERITAGE DR,,,,0.00,Y,T-Intersection,N,Intersection,None,,,         ,Ruben,Mariano,Cloudy,Front to Rear,no,no,no,no,yes,False
102845126,METROPOLITAN NASHVILLE POLICE DEPT,20200736227,Davidson,Nashville,11/29/2020 12:00:00 AM,1,0,0,36.134340,-86.771520,STEWART PL,,,,200.00,Feet,North,WEDGEWOOD AV,,,,0.00,N,Not at Intersection,N,OtherLocation,None,,,         ,Brent,Bauer,Unknown,Not Collision with Motor Vehicle in Transport,no,no,no,yes,yes,False
102845146,METROPOLITAN NASHVILLE POLICE DEPT,20200736251,Davidson,Nashville,11/29/2020 12:40:00 PM,2,0,0,36.149100,-86.775420,I65 S ENT RAMP,,,,0.00,Feet,East,I 40,,,,0.00,N,Not at Intersection, ,Non-Junction,None,,,         ,Tyler,Shanks,Clear,Angle,no,no,no,no,no,False
102845189,METROPOLITAN NASHVILLE POLICE DEPT,20200736294,Davidson,Nashville,11/29/2020 1:20:00 PM,2,0,0,36.116960,-86.748280,NOLENSVILLE PKE,,,,181.00,Feet,South,WOODBINE ST,,,,0.00,N,Not at Intersection, ,Non-Junction,None,,,         ,William,Burnett,,Front to Rear,no,no,no,no,no,False
102845193,METROPOLITAN NASHVILLE POLICE DEPT,20200736273,Davidson,Nashville,11/29/2020 1:03:00 PM,2,1,0,36.146870,-86.793800,MUSIC SQW,,,,0.00,,,GRAND AV,,,,0.00,Y,Four-Way,N,Intersection-Related,None,,,         ,John,Roberson,,Angle,no,no,no,no,no,Campus
102845205,METROPOLITAN NASHVILLE POLICE DEPT,20200736259,Davidson,Nashville,11/29/2020 12:47:00 PM,2,0,0,36.074480,-86.638650,RURAL HILL RD,,,,0.00,,,MURFREESBORO PKE,,,,0.00,Y,Four-Way, ,Intersection,None,,,         ,Theodore,Flick,,Front to Rear,no,no,no,no,yes,False
102845238,METROPOLITAN NASHVILLE POLICE DEPT,20200736354,Davidson,Nashville,11/29/2020 12:50:00 PM,1,0,0,36.135080,-86.824010,WEST END AV,,,,159.00,Feet,West,I440 WEST END AV ENT RAMP,,,,0.00,N,Not at Intersection,N,Non-Junction,None,,,         ,Hillary,Sherman,Clear,Not Collision with Motor Vehicle in Transport,no,no,no,no,yes,False
102845245,METROPOLITAN NASHVILLE POLICE DEPT,20200736337,Davidson,Antioch,11/29/2020 2:36:00 PM,2,2,0,36.045250,-86.609100,MURFREESBORO PKE,,,,0.00,Feet,,MOUNTAIN SPRINGS RD,,,,0.00,Y,T-Intersection,N,Intersection,None,,,         ,Thomas,Parsons,,Angle,no,no,no,no,no,False
102845262,METROPOLITAN NASHVILLE POLICE DEPT,20200736392,Davidson,Nashville,11/29/2020 3:11:00 PM,2,0,0,36.167370,-86.662350,LEBANON PKE,,,,53.00,Feet,West,EDDINGS LN,,,,0.00,N,Not at Intersection, ,Non-Junction,None,,,         ,Joseph,Simon,,Angle,no,no,no,no,no,False
102845265,METROPOLITAN NASHVILLE POLICE DEPT,20200736375,Davidson,Nashville,11/29/2020 2:55:00 PM,2,0,0,36.116100,-86.704320,BRILEY PKWYS,,,,464.00,Feet,East,BRILEY PKWYN,,,,0.00,N,Not at Intersection, ,Non-Junction,None,,,         ,Austin,Binner,,"Sideswipe, Same Direction",no,no,no,no,no,False
102845328,METROPOLITAN NASHVILLE POLICE DEPT,20200736511,Davidson,Nashville,11/29/2020 4:42:00 PM,2,0,0,36.045370,-86.713260,OLD HICKORY BLVD,,,,0.00,,,NOLENSVILLE PKE,,,,0.00,Y,Four-Way,N,Intersection,None,,,         ,John,McDonnell,,Front to Rear,no,no,no,no,yes,False
102845340,METROPOLITAN NASHVILLE POLICE DEPT,20200736543,Davidson,Nashville,11/29/2020 5:20:00 PM,2,0,0,36.157780,-86.773490,3RD AVS,,,,53.00,Feet,North,KOREAN VETERANS BLVD,,,,0.00,N,Not at Intersection,N,Non-Junction,None,,,         ,Alexander,Hartle,Rain,Front to Rear,no,no,no,no,yes,False
102845341,METROPOLITAN NASHVILLE POLICE DEPT,20200736533,Davidson,Nashville,11/29/2020 5:13:00 PM,2,0,0,36.170290,-86.765540,S 4TH ST,,,,0.00,,,RUSSELL ST,,,,0.00,Y,OTHER,N,Non-Junction,None,,,         ,Jonathan,Foote,Rain,Angle,no,no,no,no,yes,False
102845343,METROPOLITAN NASHVILLE POLICE DEPT,20200736464,Davidson,Nashville,11/29/2020 12:00:00 AM,2,0,0,36.045610,-86.710730,OLD HICKORY BLVD,,,,753.00,Feet,East,NOLENSVILLE PKE,,,,0.00,N,Not at Intersection, ,Non-Junction,None,,,         ,Maccio,Hightower,,Front to Rear,no,no,no,yes,no,False
102845351,METROPOLITAN NASHVILLE POLICE DEPT,20200736546,Davidson,Nashville,11/29/2020 12:00:00 AM,1,0,0,36.064310,-86.717560,NOLENSVILLE PKE,,,,0.00,,,,,,,0.00,,,N,"Driveway, Alley Access, etc",None,,,         ,Jacob,Robbins,,Not Collision with Motor Vehicle in Transport,no,no,no,yes,yes,False
102845353,METROPOLITAN NASHVILLE POLICE DEPT,20200736503,Davidson,Nashville,11/29/2020 4:41:00 PM,2,0,0,36.044960,-86.665090,BELL RD,,,,518.00,Feet,North,CEDAR POINTE PKWY,,,,0.00,N,Not at Intersection,N,Non-Junction,None,,,         ,Joel,Bennett,,Front to Rear,no,no,no,no,no,False
102845356,METROPOLITAN NASHVILLE POLICE DEPT,20200736492,Davidson,Nashville,11/29/2020 4:28:00 PM,2,0,0,36.118300,-86.700320,MURFREESBORO PKE,,,,0.00,Feet,,BRILEY PKWYS,,,,0.00,Y,Four-Way,N,Intersection,None,,,         ,Phillip,Burke,,Angle,no,no,no,no,no,False
102845357,METROPOLITAN NASHVILLE POLICE DEPT,20200736560,Davidson,Nashville,11/29/2020 12:00:00 AM,3,2,0,36.134280,-86.779090,WEDGEWOOD AV,,,,0.00,,,8TH AVS,,,,0.00,Y,Four-Way,N,Intersection,None,,,         ,Sekou,Samassi,,HeadOn,no,no,no,no,yes,False
102845364,METROPOLITAN NASHVILLE POLICE DEPT,20200736619,Davidson,Nashville,11/29/2020 5:54:00 PM,2,0,0,36.084470,-86.704890,HARDING PL,,,,313.00,Feet,East,LARGO DR,,,,0.00,N,Not at Intersection, ,,None,,,         ,Thomas,Parsons,,,no,no,no,no,no,False
102845382,METROPOLITAN NASHVILLE POLICE DEPT,20200736470,Davidson,Nashville,11/29/2020 5:45:00 PM,1,1,0,36.238060,-86.784110,BRILEY PKWYE,,,,283.00,Feet,East,I24 W ENT RAMP,,,,0.00,N,Not at Intersection,N,Non-Junction,None,,,         ,Michael,Foster,,Not Collision with Motor Vehicle in Transport,no,no,no,no,no,False
102845387,METROPOLITAN NASHVILLE POLICE DEPT,20200736642,Davidson,Nashville,11/29/2020 6:32:00 PM,3,0,0,36.144120,-86.795600,18TH AVE S,,,,171.00,Feet,North,EDGEHILL AVE,,,,0.00,N,Not at Intersection, ,Non-Junction,None,,,         ,Zachary,Plese,Rain,"Sideswipe, Same Direction",no,no,no,no,yes,Campus
102845391,METROPOLITAN NASHVILLE POLICE DEPT,20200736672,Davidson,Nashville,11/29/2020 12:00:00 AM,1,0,0,36.090490,-86.627170,SMITH SPRINGS RD,,,,108.00,Feet,West,RAMP,,,,0.00,N,Not at Intersection, ,OtherLocation,None,,,         ,Adam,Gartner,,Not Collision with Motor Vehicle in Transport,no,no,no,yes,yes,False
102845399,METROPOLITAN NASHVILLE POLICE DEPT,20200736589,Davidson,Old Hickory,11/29/2020 6:00:00 PM,2,2,0,36.262590,-86.661600,ROBINSON RD,,,,0.00,,,ROBINSON RD EXT RAMP,,,,0.00,Y,OTHER,N,Non-Junction,None,,,         ,Tyler,Hall,,Angle,no,no,no,no,no,False
102845411,METROPOLITAN NASHVILLE POLICE DEPT,20200736684,Davidson,Nashville,11/29/2020 7:18:00 PM,1,0,0,36.198080,-86.775910,I 65,,,,0.00,,,,,,,86.75,N,Not at Intersection,N,Non-Junction,None,,,         ,Maryanne,Bartello,Rain,Not Collision with Motor Vehicle in Transport,no,no,no,no,no,False
102845416,METROPOLITAN NASHVILLE POLICE DEPT,2020-0736687,Davidson,Nashville,11/29/2020 7:25:00 PM,2,2,0,36.070460,-86.701580,HAYWOOD CT,,,,36.00,Feet,North,HAYWOOD LN,,,,0.00,N,Not at Intersection,N,Non-Junction,None,,,         ,Tyler,Geiger,,Front to Rear,no,no,no,no,yes,False
102845432,METROPOLITAN NASHVILLE POLICE DEPT,20200736631,Davidson,Nashville,11/29/2020 5:50:00 PM,3,0,0,36.043000,-86.712990,NOLENSVILLE PKE,,,,202.00,Feet,North,MILL CREEK WHITTLEMORE GRNWY,,,,0.00,N,Not at Intersection,N,Non-Junction,None,,,         ,Jacob,Robbins,,Angle,no,no,no,no,yes,False
102845435,METROPOLITAN NASHVILLE POLICE DEPT,20200736652,Davidson,Nashville,11/29/2020 6:40:00 PM,2,0,0,36.068930,-86.680460,RICHARDS RD,,,,187.00,Feet,West,DELIA DR,,,,0.00,N,Not at Intersection,N,Non-Junction,None,,,         ,John,Jones,,"Sideswipe, Same Direction",no,no,no,no,yes,False