master_record_number,agency,agency_tracking_number,county,city,collision_date,vehicles_involved,number_injured,number_dead,latitude,longitude,roadway_name,roadway_suffix,roadway_number,roadway_local_id,distance_from_reference,miles-feet_indicator,direction_from_reference,intersection_road_name,intersection_road_name_suffix,intersection_road_number,intersection_local_id,mile_marker,intersection_indicator,intersect_type,interchange_related_indicator,relation_to_junction,work_zone_type,construction_maintenance_zone,construction_maintenance_zone_location,fatal_case_number,officer_first_name,officer_last_name,weather_condition(s),manner_of_crash,pedestrian,bicycle,scooter,parking,hitrun,mou
102846498,METROPOLITAN NASHVILLE POLICE DEPT,20200739995,Davidson,Nashville,12/1/2020 10:40:00 AM,2,0,0,36.222830,-86.761260,DICKERSON PKE,,,,319.00,Feet,South,SUNSET DR,,,,0.00,N,Not at Intersection, ,Entrance/Exit Ramp Related,None,,,         ,Joshua,Baker,,Angle,no,no,no,no,no,False
102846526,METROPOLITAN NASHVILLE POLICE DEPT,20200740113,Davidson,Nashville,12/1/2020 11:55:00 AM,2,0,0,36.127570,-86.843880,WOODLAWN DR,,,,0.00,,,HARDING PKE,,,,0.00,Y,Four-Way, ,Intersection,None,,,         ,Curtis,Rich,Clear,Angle,no,no,no,no,no,False
102846543,METROPOLITAN NASHVILLE POLICE DEPT,20200740126,Davidson,Nashville,12/1/2020 12:05:00 PM,2,0,0,36.140870,-86.817430,WEST END AV,,,,0.00,,,ACKLEN PARK DR,,,,0.00,Y,T-Intersection,N,Intersection,None,,,         ,Earl,Davis,,Angle,no,no,no,no,no,False
102846544,METROPOLITAN NASHVILLE POLICE DEPT,20200740053,Davidson,Nashville,12/1/2020 11:20:00 AM,2,2,0,36.229660,-86.759230,DICKERSON PKE,,,,104.00,Feet,North,BROADMOOR DR,,,,0.00,N,Not at Intersection,Y,Non-Junction,None,,,         ,Cody,MIller,,Angle,no,no,no,no,no,False
102846548,METROPOLITAN NASHVILLE POLICE DEPT,2020-0740175,Davidson,Not in City Limit,12/1/2020 12:30:00 PM,2,1,0,36.267940,-86.703410,N DUPONT AV,,,,0.00,,,DELAWARE AV,,,,0.00,Y,T-Intersection,N,Intersection,None,,,         ,Travis,Baxter,Clear,Angle,no,no,no,no,no,False
102846557,METROPOLITAN NASHVILLE POLICE DEPT,20200740127,Davidson,Nashville,12/1/2020 10:30:00 AM,2,0,0,36.043740,-86.650410,HICKORY HOLLOW PKWY,,,,51.00,Feet,South,CROSSINGS PL,,,,0.00,N,Not at Intersection, ,Non-Junction,Construction Zone,,,         ,Joe,Hooper,Clear,"Sideswipe, Same Direction",no,no,no,no,no,False
102846582,METROPOLITAN NASHVILLE POLICE DEPT,20200740222,Davidson,Nashville,12/1/2020 1:00:00 PM,2,0,0,36.041610,-86.749250,OLD HICKORY BLVD,,,,0.00,,,HILL RD,,,,0.00,Y,T-Intersection,N,Intersection,None,,,         ,Jackson,Smythe,Clear,Front to Rear,no,no,no,no,yes,False
102846617,METROPOLITAN NASHVILLE POLICE DEPT,20200740200,Davidson,Nashville,12/1/2020 12:45:00 PM,2,0,0,36.049360,-86.648590,MT VIEW RD,,,,349.00,Feet,East,BELL RD,,,,0.00,N,Not at Intersection, ,Non-Junction,None,,,         ,Dakota,Davis,Clear,Angle,no,no,no,no,no,False
102846625,METROPOLITAN NASHVILLE POLICE DEPT,20200740264,Davidson,Nashville,12/1/2020 1:29:00 PM,2,0,0,36.044820,-86.662550,BELL RD,,,,302.00,Feet,West,CANE RIDGE RD,,,,0.00,N,Not at Intersection, ,Non-Junction,None,,,         ,Joe,Hooper,Clear,Front to Rear,no,no,no,no,no,False
102846628,METROPOLITAN NASHVILLE POLICE DEPT,20200740244,Davidson,Nashville,12/1/2020 12:00:00 AM,2,0,0,36.175950,-86.813520,23RD AVN,,,,250.00,Feet,South,OSAGE ST,,,,0.00,N,Not at Intersection, ,Non-Junction,None,,,         ,Keith,Parlato,Unknown,HeadOn,no,no,no,no,no,False
102846630,METROPOLITAN NASHVILLE POLICE DEPT,20200740298,Davidson,Nashville,12/1/2020 1:30:00 PM,2,0,0,36.195300,-86.724110,PORTER RD,,,,220.00,Feet,West,RIVERSIDE DR,,,,0.00,N,Not at Intersection,N,Non-Junction,None,,,         ,Douglas,Smith,,Front to Rear,no,no,no,no,yes,False
102846631,METROPOLITAN NASHVILLE POLICE DEPT,20200738214,Davidson,Nashville,11/30/2020 1:32:00 PM,4,0,0,36.064330,-86.771500,I 65,,,,0.00,,,,,,,76.55,N,Not at Intersection,N,Non-Junction,None,,,         ,Cynthia,Quirouette,,Angle,no,no,no,no,no,False
102846633,METROPOLITAN NASHVILLE POLICE DEPT,20200740291,Davidson,Nashville,12/1/2020 1:05:00 PM,2,0,0,36.206150,-86.772020,W TRINITY LN,,,,270.00,Feet,West,LUCAS LN,,,,0.00,N,Not at Intersection, ,Non-Junction,None,,,         ,Ronald,Bright,Clear,Angle,no,no,no,no,no,False
102846634,METROPOLITAN NASHVILLE POLICE DEPT,20200740226,Davidson,Nashville,12/1/2020 12:55:00 PM,2,0,0,36.170350,-86.801020,14TH AVN,,,,177.00,Feet,North,MEHARRY BLVD,,,,0.00,N,Not at Intersection, ,Non-Junction,None,,,         ,Isaac,Wood,Clear,"Sideswipe, Same Direction",no,no,no,no,no,False
102846656,METROPOLITAN NASHVILLE POLICE DEPT,20200740255,Davidson,Nashville,12/1/2020 1:15:00 PM,2,0,0,36.182430,-86.748950,GALLATIN AV,,,,103.00,Feet,South,STRATTON AV,,,,0.00,N,Not at Intersection, ,Non-Junction,None,,,         ,Faye,Denson,Clear,Angle,no,no,no,no,no,False
102846694,METROPOLITAN NASHVILLE POLICE DEPT,20200740329,Davidson,Nashville,12/1/2020 2:00:00 PM,2,0,0,36.071720,-86.636020,MURFREESBORO PKE,,,,73.00,Feet,South,BELL RD,,,,0.00,N,Not at Intersection, ,Non-Junction,None,,,         ,Stanley,Collins,Clear,"Sideswipe, Same Direction",no,no,no,no,no,False
102846709,METROPOLITAN NASHVILLE POLICE DEPT,20200740383,Davidson,Nashville,12/1/2020 2:30:00 PM,2,0,0,36.175120,-86.784270,RAMP,,,,0.00,,,JEFFERSON ST,,,,0.00,Y,OTHER,N,Entrance/Exit Ramp Related,None,,,         ,Brent,Morris,Clear,Front to Rear,no,no,no,no,no,False
102846713,METROPOLITAN NASHVILLE POLICE DEPT,20200740473,Davidson,Not in City Limit,12/1/2020 3:30:00 PM,1,1,0,36.263070,-86.711920,STATE RT 45,,,,0.00,,,OLD HICKORY BLVDW,,,,0.00,Y,Four-Way,N,Intersection,None,,,         ,Christopher,Littles,,Not Collision with Motor Vehicle in Transport,no,yes,no,no,no,False
102846727,METROPOLITAN NASHVILLE POLICE DEPT,20200740528,Davidson,Nashville,12/1/2020 2:36:00 PM,2,0,0,36.129340,-86.904360,CHARLOTTE PKE PVTDR,,,,15.00,Feet,North,CHARLOTTE PKE,,,,0.00,N,Not at Intersection,N,Non-Junction,None,,,         ,Jared,Dick,Clear,Angle,no,no,no,no,no,False
102846733,METROPOLITAN NASHVILLE POLICE DEPT,20200740538,Davidson,Nashville,12/1/2020 3:58:00 PM,2,0,0,36.085480,-86.701970,I24 E EXT RAMP,,,,0.00,Feet,East,I 24,,,,0.00,N,Not at Intersection,N,Non-Junction,None,,,         ,Edward,Starke,,Front to Rear,no,no,no,no,no,False
102846735,METROPOLITAN NASHVILLE POLICE DEPT,20200740471,Davidson,Nashville,12/1/2020 3:20:00 PM,3,0,0,36.185010,-86.797370,I 65,,,,0.00,,,,,,,85.40,N,Not at Intersection,N,Non-Junction,None,,,         ,Eric,McCoy,,Front to Rear,no,no,no,no,no,False
102846750,METROPOLITAN NASHVILLE POLICE DEPT,20200740563,Davidson,Nashville,12/1/2020 3:20:00 PM,2,0,0,36.161220,-86.819170,BATAVIA ST,,,,9.00,Feet,West,28TH AVN,,,,0.00,N,Not at Intersection, ,,Construction Zone,,,         ,Brian,Warstadt,,,no,no,no,no,no,False
102846766,METROPOLITAN NASHVILLE POLICE DEPT,20200740465,Davidson,Nashville,12/1/2020 3:28:00 PM,2,0,0,36.206080,-86.771100,W TRINITY LN,,,,0.00,,,LUCAS LN,,,,0.00,Y,T-Intersection,Y,Intersection-Related,None,,,         ,Sarah,Cartwright,Clear,"Sideswipe, Same Direction",no,no,no,no,no,False
102846767,METROPOLITAN NASHVILLE POLICE DEPT,20200740590,Davidson,Nashville,12/1/2020 4:39:00 PM,2,1,0,36.169360,-86.797070,I 40,,,,0.00,,,,,,,207.90,N,Not at Intersection,N,Non-Junction,None,,,         ,James,Hill,Clear,Front to Rear,no,no,no,no,no,False
102846782,METROPOLITAN NASHVILLE POLICE DEPT,20200740646,Davidson,Nashville,12/1/2020 5:10:00 PM,2,0,0,36.205890,-86.768610,E TRINITY LN,,,,0.00,,,DICKERSON PKE,,,,0.00,Y,Four-Way, ,Intersection-Related,None,,,         ,Jeremy,Smith,Clear,"Sideswipe, Same Direction",no,no,no,no,no,False
102846783,METROPOLITAN NASHVILLE POLICE DEPT,20200740642,Davidson,Nashville,12/1/2020 5:10:00 PM,2,0,0,36.081100,-86.715450,HARDING PL,,,,100.00,Feet,West,HUMBER DR,,,,0.00,N,Not at Intersection, ,Non-Junction,None,,,         ,Edward,Starke,Clear,Front to Rear,no,no,no,no,no,False
102846792,METROPOLITAN NASHVILLE POLICE DEPT,20200740441,Davidson,Nashville,12/1/2020 3:10:00 PM,4,0,0,36.037510,-86.785720,OLD HICKORY BLVD,,,,35.00,Feet,East,WILSON PIKE CIR,,,,0.00,N,Not at Intersection,N,Non-Junction,None,,,         ,Nicholas,Carroll,,Front to Rear,no,no,no,no,yes,False
102846799,METROPOLITAN NASHVILLE POLICE DEPT,20200740716,Davidson,Nashville,12/1/2020 5:52:00 PM,2,0,0,36.152790,-86.773370,5TH AVS,,,,0.00,,,ELM ST,,,,0.00,Y,OTHER, ,Intersection-Related,None,,,         ,Trevor,Taylor,Clear,Front to Rear,no,no,no,no,no,False
102846800,METROPOLITAN NASHVILLE POLICE DEPT,20200740671,Davidson,Nashville,12/1/2020 5:20:00 PM,2,0,0,36.036180,-86.644660,I 24,,,,0.00,,,,,,,60.40,N,Not at Intersection, ,Non-Junction,None,,,         ,Edward,Starke,Clear,Front to Rear,no,no,no,no,no,False
102846804,METROPOLITAN NASHVILLE POLICE DEPT,20200740704,Davidson,Nashville,12/1/2020 6:00:00 PM,2,1,0,36.170720,-86.745650,SHELBY AV,,,,220.00,Feet,West,S 15TH ST,,,,0.00,N,Not at Intersection,N,Non-Junction,None,,,         ,Kelsey,Hemminger,Clear,Angle,no,no,no,no,no,False
102846806,METROPOLITAN NASHVILLE POLICE DEPT,20200740634,Davidson,Nashville,12/1/2020 3:00:00 PM,2,0,0,36.120880,-86.916940,WEST PARK PVTDR,,,,19.00,Feet,South,CHARLOTTE PKE,,,,0.00,N,Not at Intersection,N,Non-Junction,None,,,         ,Brian,DeMarce,Clear,Angle,no,no,no,no,yes,False
102846808,METROPOLITAN NASHVILLE POLICE DEPT,20200740727,Davidson,Nashville,12/1/2020 6:07:00 PM,2,0,0,36.233870,-86.702490,BRILEY PKWYE,,,,974.00,Feet,North,BRILEY PKWYS,,,,0.00,N,Not at Intersection, ,Non-Junction,None,,,         ,Joseph,Simon,,"Sideswipe, Same Direction",no,no,no,no,no,False
102846810,METROPOLITAN NASHVILLE POLICE DEPT,20200740729,Davidson,Nashville,12/1/2020 6:15:00 PM,2,0,0,36.183670,-86.775070,I 24,,,,0.00,,,,,,,47.35,N,Not at Intersection, ,Non-Junction,None,,,         ,Christopher,Beery,Clear,"Sideswipe, Same Direction",no,no,no,no,no,False
102846815,METROPOLITAN NASHVILLE POLICE DEPT,20200740677,Davidson,Nashville,12/1/2020 5:32:00 PM,3,1,0,36.036180,-86.644660,I 24,,,,0.00,,,,,,,60.40,N,Not at Intersection,N,Non-Junction,None,,,         ,Edward,Starke,Clear,Front to Rear,no,no,no,no,no,False
102846818,METROPOLITAN NASHVILLE POLICE DEPT,20200740717,Davidson,Nashville,12/1/2020 6:10:00 PM,2,1,0,36.113400,-86.922890,OLD HICKORY BLVD,,,,343.00,Feet,North,I40 W EXT RAMP,,,,0.00,N,Not at Intersection,N,Non-Junction,None,,,         ,Brian,DeMarce,Clear,Angle,no,no,no,no,no,False
102846819,METROPOLITAN NASHVILLE POLICE DEPT,20200740647,Davidson,Nashville,12/1/2020 12:00:00 AM,2,0,0,36.133170,-86.726880,I24E,,,,75.00,Feet,East,I24 W EXT RAMP,,,,0.00,N,Not at Intersection, ,Non-Junction,None,,,         ,John,Braun,Clear,Front to Rear,no,no,no,no,no,False
102846820,METROPOLITAN NASHVILLE POLICE DEPT,20200740713,Davidson,Nashville,12/1/2020 6:00:00 PM,3,0,0,36.145830,-86.871060,CHARLOTTE PKE,,,,140.00,Feet,West,WESTBORO DR,,,,0.00,N,Not at Intersection,N,Non-Junction,None,,,         ,William,Vanbergen,Clear,Front to Rear,no,no,no,no,no,False
102846828,METROPOLITAN NASHVILLE POLICE DEPT,20200740678,Davidson,Nashville,12/1/2020 5:09:00 PM,3,0,0,36.037050,-86.786650,FRANKLIN PKE,,,,131.00,Feet,South,FRANKLIN RD,,,,0.00,N,Not at Intersection, ,,None,,,         ,Nicholas,Carroll,,,no,no,no,no,no,False
102846832,METROPOLITAN NASHVILLE POLICE DEPT,20200740625,Davidson,Nashville,12/1/2020 4:55:00 PM,2,1,0,36.208840,-86.683470,MCGAVOCK PKE,,,,0.00,,,WESTERN HILLS DR,,,,0.00,Y,T-Intersection,Y,Intersection,None,,,         ,Derek,Sibley,,Angle,no,no,no,no,no,False
102846834,METROPOLITAN NASHVILLE POLICE DEPT,20200740738,Davidson,Antioch,12/1/2020 6:20:00 PM,2,1,0,36.010680,-86.616180,I 24,,,,0.00,,,,,,,62.90,N,Not at Intersection,N,Non-Junction,None,,,         ,Cooper,HIll,,Front to Rear,no,no,no,no,no,False
102846837,METROPOLITAN NASHVILLE POLICE DEPT,20200740811,Davidson,Nashville,12/1/2020 5:00:00 PM,2,0,0,36.044820,-86.669630,BEECHWOOD TER,,,,13.00,Feet,North,BELL RD,,,,0.00,N,Not at Intersection, ,Non-Junction,None,,,         ,Steven,Begley,Clear,Angle,no,no,no,no,no,False
102846840,METROPOLITAN NASHVILLE POLICE DEPT,20200740834,Davidson,Nashville,12/1/2020 7:38:00 PM,2,0,0,36.148810,-86.666280,ELM HILL PKE,,,,0.00,,,DONELSON PKE,,,,0.00,Y,Four-Way,N,Intersection,None,,,         ,Adam,Warren,,Angle,no,no,no,no,no,False
102846844,METROPOLITAN NASHVILLE POLICE DEPT,20200740881,Davidson,Nashville,12/1/2020 8:14:00 PM,2,0,0,36.169540,-86.671600,LEBANON PKE,,,,0.00,Feet,,BLUEFIELD AV,,,,0.00,Y,T-Intersection, ,Intersection,None,,,         ,Jason,Milyaro Lucas,,Angle,no,no,no,no,yes,False
102846860,METROPOLITAN NASHVILLE POLICE DEPT,20200740858,Davidson,Nashville,12/1/2020 5:35:00 PM,2,0,0,36.151420,-86.768640,I 40,,,,0.00,,,,,,,210.50,N,Not at Intersection,N,Non-Junction,None,,,         ,Reagan,Heath,,Angle,no,no,no,no,no,False
102846862,METROPOLITAN NASHVILLE POLICE DEPT,20200740791,Davidson,Nashville,12/1/2020 7:00:00 PM,2,0,0,36.151440,-86.786430,I 40,,,,0.00,,,,,,,209.50,N,Not at Intersection, ,Non-Junction,None,,,         ,Trevor,Taylor,Clear,"Sideswipe, Same Direction",no,no,no,no,no,False
102846870,METROPOLITAN NASHVILLE POLICE DEPT,20200740839,Davidson,Nashville,12/1/2020 5:50:00 PM,2,0,0,36.076150,-86.594440,DAISY TRL,,,,0.00,Feet,,PLACID CT,,,,0.00,Y,T-Intersection, ,Non-Junction,None,,,         ,Edward,Starke,Clear,Angle,no,no,no,no,no,False
102846883,METROPOLITAN NASHVILLE POLICE DEPT,20200740609,Davidson,Nashville,12/1/2020 4:45:00 PM,1,1,0,36.059450,-86.641150,BELL RD,,,,53.00,Feet,South,CAMBRIDGE APTS PVTDR,,,,0.00,N,Not at Intersection,N,Non-Junction,None,,,         ,Michael,Russell,,Not Collision with Motor Vehicle in Transport,no,no,no,no,no,False
102846893,METROPOLITAN NASHVILLE POLICE DEPT,20200740862,Davidson,Nashville,12/1/2020 8:06:00 PM,1,0,0,36.171260,-86.768040,I 24,,,,0.00,,,,,,,48.40,N,Not at Intersection,N,Non-Junction,None,,,         ,Roy,Sain Jr.,Clear,Not Collision with Motor Vehicle in Transport,no,no,no,no,no,False
102846946,METROPOLITAN NASHVILLE POLICE DEPT,20200740986,Davidson,Nashville,12/1/2020 9:26:00 PM,3,0,0,36.069120,-86.690190,HAYWOOD LN,,,,142.00,Feet,East,I24 E EXT RAMP,,,,0.00,N,Not at Intersection, ,Non-Junction,None,,,         ,Edward,Starke,,Front to Rear,no,no,no,no,no,False
102846950,METROPOLITAN NASHVILLE POLICE DEPT,20200740597,Davidson,Nashville,12/1/2020 4:42:00 PM,2,0,0,36.177470,-86.630360,BRANDAU RD,,,,0.53,Miles,West,CENTRAL PKE,,,,0.00,N,Not at Intersection, ,Rail Grade Crossing,None,,,         ,Destiny,Zunic,,Angle,no,no,no,no,no,False
102846967,METROPOLITAN NASHVILLE POLICE DEPT,20200740968,Davidson,Nashville,12/1/2020 9:14:00 PM,2,0,0,36.110310,-86.766870,POWELL AV,,,,251.00,Feet,South,OLD POWELL AV,,,,0.00,N,Not at Intersection,N,Non-Junction,None,,,         ,Ryan,Sherry,Clear,Angle,no,no,no,no,no,False
102847010,METROPOLITAN NASHVILLE POLICE DEPT,20200741144,Davidson,Nashville,12/1/2020 11:16:00 PM,1,1,0,36.135410,-86.893790,I 40,,,,0.00,,,,,,,201.55,N,Not at Intersection,N,Non-Junction,None,,,         ,Nicholas,Smith,Clear,Not Collision with Motor Vehicle in Transport,no,no,no,no,no,False
102847026,METROPOLITAN NASHVILLE POLICE DEPT,20200741269,Davidson,Nashville,12/2/2020 12:15:00 AM,2,0,0,36.184710,-86.804050,CLAY ST,,,,114.00,Feet,East,10TH AVN,,,,0.00,N,Not at Intersection,N,Non-Junction,None,,,         ,Dakota,Vermillion,Clear,"Sideswipe, Opposite Direction",no,no,no,no,yes,False
102847035,METROPOLITAN NASHVILLE POLICE DEPT,20200741257,Davidson,Nashville,12/2/2020 12:00:00 AM,1,1,0,36.148110,-86.768760,4TH AVS,,,,183.00,Feet,North,CAMERON ST,,,,0.00,N,Not at Intersection,N,Non-Junction,None,,,         ,David,Barras,,Not Collision with Motor Vehicle in Transport,no,no,no,no,no,False
102847037,METROPOLITAN NASHVILLE POLICE DEPT,20200741393,Davidson,Nashville,12/2/2020 12:50:00 AM,1,0,0,36.163240,-86.843900,CENTENNIAL BLVD,,,,810.00,Feet,East,49TH AVN,,,,0.00,N,Not at Intersection, ,Non-Junction,None,,,         ,Devyn,Hollinsworth,Clear,Not Collision with Motor Vehicle in Transport,no,no,no,no,no,False
102847046,METROPOLITAN NASHVILLE POLICE DEPT,20200741516,Davidson,Nashville,12/2/2020 3:20:00 AM,1,0,0,36.125410,-86.727840,I 24,,,,0.00,,,,,,,52.55,N,Not at Intersection,N,Non-Junction,None,,,         ,Jonathan,Handley,Clear,Unknown,no,no,no,no,yes,False
102847064,METROPOLITAN NASHVILLE POLICE DEPT,20200741219,Davidson,Nashville,12/2/2020 12:00:00 AM,1,0,0,36.154830,-86.763200,HERMITAGE AV,,,,41.00,Feet,East,ANTHES DR,,,,0.00,N,Not at Intersection,N,Non-Junction,None,,,         ,Brenton,Adcox,Clear,Not Collision with Motor Vehicle in Transport,no,no,no,no,no,False
102847110,METROPOLITAN NASHVILLE POLICE DEPT,20200741742,Davidson,Nashville,12/2/2020 5:50:00 AM,2,0,0,36.161020,-86.760520,DAVIDSON ST,,,,605.00,Feet,West,S 5TH ST,,,,0.00,N,Not at Intersection,N,Non-Junction,None,,,         ,Richard,Luellen,Clear,"Sideswipe, Same Direction",no,no,no,no,yes,False
102847141,METROPOLITAN NASHVILLE POLICE DEPT,20200741759,Davidson,Antioch,12/2/2020 6:21:00 AM,2,0,0,36.042950,-86.606410,HOBSON PKE,,,,57.00,Feet,East,MURFREESBORO PKE,,,,0.00,N,Not at Intersection,N,Non-Junction,None,,,         ,Joe,Hooper,Clear,Front to Rear,no,no,no,no,yes,False
102847153,METROPOLITAN NASHVILLE POLICE DEPT,20200741893,Davidson,Nashville,12/2/2020 7:54:00 AM,2,0,0,36.188440,-86.607460,ANDREW JACKSON PKWY,,,,202.00,Feet,North,OLD LEBANON DIRT RD,,,,0.00,N,Not at Intersection,N,Non-Junction,None,,,         ,Michael,Brooks,,Front to Rear,no,no,no,no,no,False
102847154,METROPOLITAN NASHVILLE POLICE DEPT,20200741775,Davidson,Nashville,12/2/2020 7:00:00 AM,2,0,0,36.207550,-86.777790,BRICK CHURCH PKE,,,,0.00,,,I65 S EXT RAMP,,,,0.00,Y,T-Intersection, ,Non-Junction,None,,,         ,Gretta,Ireland,,Front to Rear,no,no,no,no,no,False
102847160,METROPOLITAN NASHVILLE POLICE DEPT,20200741784,Davidson,Nashville,12/2/2020 12:00:00 AM,2,1,0,36.134020,-86.722560,MURFREESBORO PKE,,,,0.00,,,PLUS PARK BLVD,,,,0.00,Y,T-Intersection,Y,Intersection,None,,,         ,Todd,Watson,Clear,Angle,no,no,no,no,no,False
102847170,METROPOLITAN NASHVILLE POLICE DEPT,20200741782,Davidson,Nashville,12/2/2020 6:50:00 AM,2,0,0,36.195720,-86.776130,I 65,,,,0.00,,,,,,,86.60,N,Not at Intersection, ,,None,,,         ,Garren,Hoskins,,,no,no,no,no,no,False
102847174,METROPOLITAN NASHVILLE POLICE DEPT,20200741900,Davidson,Nashville,12/2/2020 12:00:00 AM,2,1,0,36.122730,-86.630500,WOODLAND POINTE DR,,,,0.00,,,BELL RD,,,,0.00,Y,T-Intersection,N,Intersection,None,,,         ,MIchael,Mihajlov,,Front to Rear,no,no,no,no,no,False
102847178,METROPOLITAN NASHVILLE POLICE DEPT,20200741920,Davidson,Nashville,12/2/2020 8:07:00 AM,2,0,0,36.046160,-86.857530,OLD HICKORY BLVD,,,,640.00,Feet,West,WILDWOOD VALLEY DR,,,,0.00,N,Not at Intersection,N,Non-Junction,None,,,         ,Travis,Pemberton,,Front to Rear,no,no,no,no,no,False
102847180,METROPOLITAN NASHVILLE POLICE DEPT,20200741925,Davidson,Nashville,12/2/2020 7:37:00 AM,2,0,0,36.148810,-86.666280,ELM HILL PKE,,,,0.00,,,DONELSON PKE,,,,0.00,Y,Four-Way, ,,None,,,         ,Jason,Thomas,,,no,no,no,no,no,False
102847182,METROPOLITAN NASHVILLE POLICE DEPT,20200741890,Davidson,Nashville,12/2/2020 7:57:00 AM,2,0,0,36.180160,-86.800560,I 65,,,,0.00,,,,,,,85.00,N,Not at Intersection, ,Non-Junction,None,,,         ,Isaac,Wood,Clear,Front to Rear,no,no,no,no,no,False
102847192,METROPOLITAN NASHVILLE POLICE DEPT,20200741986,Davidson,Nashville,12/2/2020 8:44:00 AM,2,0,0,36.128280,-86.843660,HARDING PKE,,,,266.00,Feet,North,BOSLEY SPRINGS RD,,,,0.00,N,Not at Intersection, ,Non-Junction,None,,,         ,Curtis,Rich,Clear,Angle,no,no,no,yes,yes,False
102847194,METROPOLITAN NASHVILLE POLICE DEPT,20200741917,Davidson,Nashville,12/2/2020 8:05:00 AM,2,0,0,36.174820,-86.797600,ARTHUR AV,,,,263.00,Feet,East,CHEATHAM PL,,,,0.00,N,Not at Intersection, ,Non-Junction,None,,,         ,Cody,Jaworski,Clear,Front to Rear,no,no,no,no,no,False
102847221,METROPOLITAN NASHVILLE POLICE DEPT,20200741817,Davidson,Nashville,12/2/2020 7:10:00 AM,1,1,0,36.108460,-86.720940,I 24,,,,0.00,,,,,,,53.80,N,Not at Intersection,N,Non-Junction,None,,,         ,James,Thomas,Clear,Not Collision with Motor Vehicle in Transport,no,no,no,no,no,False
102847223,METROPOLITAN NASHVILLE POLICE DEPT,20200742115,Davidson,Nashville,12/2/2020 9:29:00 AM,2,0,0,36.074330,-86.921480,HIGHWAY 70S,,,,157.00,Feet,East,OLD HARDING PKE,,,,0.00,N,Not at Intersection, ,Non-Junction,None,,,         ,Curtis,Rich,Clear,Angle,no,no,no,no,no,False
102847229,Nashville Airport Police,2020-03312,Davidson,Nashville,12/2/2020 5:30:00 AM,2,0,0,36.137170,-86.664870,SATELLITE WAY,,,,0.00,,,SATELLITE WAY ENT RAMP,,,,0.00,Y,OTHER,N,Non-Junction,None,,,         ,Steve,Matheny,Clear,Angle,no,no,no,no,yes,False
102847250,METROPOLITAN NASHVILLE POLICE DEPT,20200740285,Davidson,Nashville,12/1/2020 1:40:00 PM,2,0,0,36.168280,-86.766000,I 24,,,,0.00,,,,,,,48.80,N,Not at Intersection,N,Non-Junction,None,,,         ,Cameron,Schmid,,Front to Rear,no,no,no,no,no,False
102847254,METROPOLITAN NASHVILLE POLICE DEPT,20200742228,Davidson,Nashville,12/2/2020 10:31:00 AM,2,0,0,36.134340,-86.780980,ACKLEN AV,,,,0.00,,,WEDGEWOOD AV,,,,0.00,Y,OTHER, ,Intersection,None,,,         ,Earl,Davis,,Front to Rear,no,no,no,no,no,False
102847255,METROPOLITAN NASHVILLE POLICE DEPT,20200742159,Davidson,Nashville,12/2/2020 12:00:00 AM,1,1,0,36.221260,-86.762040,PINE RIDGE DR,,,,58.00,Feet,West,DICKERSON PKE,,,,0.00,N,Not at Intersection,N,Non-Junction,None,,,         ,Maria,Reynolds,,Not Collision with Motor Vehicle in Transport,no,no,no,no,no,False
102847258,METROPOLITAN NASHVILLE POLICE DEPT,20200741836,Davidson,Nashville,12/2/2020 7:30:00 AM,1,0,0,36.179160,-86.800780,I 65,,,,0.00,,,,,,,84.95,N,Not at Intersection,N,Non-Junction,None,,,         ,Robert,Marquez,,Not Collision with Motor Vehicle in Transport,no,no,no,no,no,False
102847267,METROPOLITAN NASHVILLE POLICE DEPT,20200742091,Davidson,Nashville,12/2/2020 8:49:00 AM,1,0,0,36.216670,-86.780930,BRICK CHURCH PIKE,,,,338.00,Feet,South,WOODFOLK AVE,,,,0.00,N,Not at Intersection,N,Non-Junction,None,,,         ,James,Wray,,Unknown,no,no,no,no,yes,False
102847270,VANDERBILT UNIVERSITY POLICE,20200741914,Davidson,Nashville,12/2/2020 7:53:00 AM,1,1,0,36.139730,-86.801670,PIERCE AV,,,,0.00,,,MEDICAL CENTER DR,,,,0.00,Y,Four-Way,N,Intersection,None,,,         ,Christopher,Dion,Clear,Not Collision with Motor Vehicle in Transport,yes,no,no,no,no,Campus
102847275,METROPOLITAN NASHVILLE POLICE DEPT,20200742136,Davidson,Nashville,12/2/2020 9:50:00 AM,1,1,0,36.207780,-86.777630,I65 S EXT RAMP,,,,0.00,,,I 65,,,,0.00,Y,T-Intersection,N,Non-Junction,None,,,         ,Gretta,Ireland,,Not Collision with Motor Vehicle in Transport,yes,no,no,no,yes,False
102847281,METROPOLITAN NASHVILLE POLICE DEPT,20200739641,Davidson,Nashville,12/1/2020 7:00:00 AM,2,2,0,36.263200,-86.756990,WESTCHESTER DR,,,,83.00,Feet,East,DICKERSON PKE,,,,0.00,N,Not at Intersection,N,Non-Junction,None,,,         ,Ricki,Armstrong,Clear,"Sideswipe, Opposite Direction",no,no,no,no,no,False