master_record_number,agency,agency_tracking_number,county,city,collision_date,vehicles_involved,number_injured,number_dead,latitude,longitude,roadway_name,roadway_suffix,roadway_number,roadway_local_id,distance_from_reference,miles-feet_indicator,direction_from_reference,intersection_road_name,intersection_road_name_suffix,intersection_road_number,intersection_local_id,mile_marker,intersection_indicator,intersect_type,interchange_related_indicator,relation_to_junction,work_zone_type,construction_maintenance_zone,construction_maintenance_zone_location,fatal_case_number,officer_first_name,officer_last_name,weather_condition(s),manner_of_crash,pedestrian,bicycle,scooter,parking,hitrun,mou
102854075,METROPOLITAN NASHVILLE POLICE DEPT,20200759909,Davidson,Nashville,12/10/2020 5:22:00 PM,2,1,0,36.138840,-86.800590,CAPERS AV,,,,0.00,,,21ST AVS,,,,0.00,Y,T-Intersection,Y,Intersection,None,,,         ,Josh,Lauton,,Front to Rear,no,no,no,no,no,Campus
102854076,METROPOLITAN NASHVILLE POLICE DEPT,20200759970,Davidson,Nashville,12/10/2020 5:12:00 PM,3,0,0,36.172110,-86.586990,CENTRAL PKE,,,,675.00,Feet,West,S NEW HOPE RD,,,,0.00,N,Not at Intersection,N,Non-Junction,None,,,         ,Nathaniel,Jones,,Front to Rear,no,no,no,no,no,False
102854078,METROPOLITAN NASHVILLE POLICE DEPT,20200759859,Davidson,Nashville,12/10/2020 5:00:00 PM,2,0,0,36.131830,-86.726530,I24 W EXT RAMP,,,,0.00,Feet,East,I 24,,,,0.00,N,Not at Intersection,N,Non-Junction,None,,,         ,Douglas,Mann,Clear,Front to Rear,no,no,no,no,no,False
102854095,METROPOLITAN NASHVILLE POLICE DEPT,20200760155,Davidson,Nashville,12/10/2020 6:26:00 PM,3,0,0,36.084980,-86.703250,HARDING PL,,,,59.00,Feet,East,TRAVELERS INN DR,,,,0.00,N,Not at Intersection,N,Non-Junction,None,,,         ,Nadine,Klemenz,,"Sideswipe, Same Direction",no,no,no,no,no,False
102854096,METROPOLITAN NASHVILLE POLICE DEPT,20200760059,Davidson,Nashville,12/10/2020 6:07:00 PM,2,0,0,36.132940,-86.726760,I 24,,,,0.00,,,,,,,52.00,N,Not at Intersection,N,Non-Junction,None,,,         ,Douglas,Mann,Clear,Front to Rear,no,no,no,no,yes,False
102854101,METROPOLITAN NASHVILLE POLICE DEPT,20200759597,Davidson,Not in City Limit,12/10/2020 2:55:00 PM,2,0,0,36.076800,-86.925140,DEER LAKE DR,,,,480.00,Feet,North,HICKS RD,,,,0.00,N,Not at Intersection, ,Non-Junction,None,,,         ,Eric,Westbrook,,Not Collision with Motor Vehicle in Transport,no,no,no,yes,no,False
102854102,METROPOLITAN NASHVILLE POLICE DEPT,20200760118,Davidson,Nashville,12/10/2020 12:00:00 AM,2,4,0,36.238040,-86.830800,STEVENS LN,,,,0.00,Feet,,CLARKSVILLE PKE,,,,0.00,Y,Four-Way,Y,Non-Junction,None,,,         ,Melvin,Taylor,,Angle,no,no,no,no,no,False
102854117,METROPOLITAN NASHVILLE POLICE DEPT,20200759816,Davidson,Not in City Limit,12/10/2020 4:35:00 PM,2,0,0,36.081920,-86.957690,HIGHWAY 70S,,,,0.00,,,,,,,0.00,,,N,Non-Junction,None,,,         ,Eric,Westbrook,,Angle,no,no,no,yes,yes,False
102854135,METROPOLITAN NASHVILLE POLICE DEPT,20200759881,Davidson,Nashville,12/10/2020 5:07:00 PM,2,1,0,36.144180,-86.697910,I 40,,,,0.00,,,,,,,214.85,N,Not at Intersection,N,Non-Junction,None,,,         ,Michael,Fox,,Front to Rear,no,no,no,no,no,False
102854151,METROPOLITAN NASHVILLE POLICE DEPT,20200760271,Davidson,Nashville,12/10/2020 9:10:00 PM,1,0,0,36.231700,-86.747320,ELLINGTON PKWYN,,,,386.00,Feet,South,I65 N ENT RAMP,,,,0.00,N,Not at Intersection,N,Non-Junction,None,,,         ,Jeremy,Smith,,Not Collision with Motor Vehicle in Transport,no,no,no,no,no,False
102854183,METROPOLITAN NASHVILLE POLICE DEPT,20200760239,Davidson,Nashville,12/10/2020 8:50:00 PM,2,0,0,36.130640,-86.801810,21ST AVS,,,,103.00,Feet,North,BLAIR BLVD,,,,0.00,N,Not at Intersection, ,Non-Junction,None,,,         ,Jacob,Robbins,,Angle,no,no,no,no,no,False
102854184,METROPOLITAN NASHVILLE POLICE DEPT,20200760164,Davidson,Nashville,12/10/2020 7:50:00 PM,2,0,0,36.188020,-86.613910,OLD HICKORY BLVD,,,,537.00,Feet,West,OLD LEBANON DIRT RD,,,,0.00,N,Not at Intersection,N,Non-Junction,None,,,         ,Nathaniel,Jones,,Angle,no,no,no,no,no,False
102854185,METROPOLITAN NASHVILLE POLICE DEPT,20200760044,Davidson,Not in City Limit,12/10/2020 6:44:00 PM,2,2,0,36.078870,-86.948680,BELLEVUE CTR PVTDR,,,,0.00,Feet,East,HIGHWAY 70S,,,,0.00,N,Not at Intersection,N,Non-Junction,None,,,         ,Jeremy,Huffine,,Angle,no,no,no,yes,no,False
102854226,METROPOLITAN NASHVILLE POLICE DEPT,20200760434,Davidson,Not in City Limit,12/10/2020 11:27:00 PM,2,0,0,36.072700,-86.926470,OLD HARDING PKE,,,,0.00,Feet,,HICKS RD,,,,0.00,Y,Four-Way, ,Intersection,None,,,         ,Kelsey,Hicks,Clear,Front to Rear,no,no,no,no,no,False
102854240,METROPOLITAN NASHVILLE POLICE DEPT,20200760469,Davidson,Nashville,12/10/2020 11:20:00 PM,1,0,0,36.136980,-86.629420,BELL RD,,,,294.00,Feet,North,REELFOOT CIR,,,,0.00,N,Not at Intersection, ,,None,,,         ,Jacob,Ross,,,no,no,no,no,no,False
102854243,METROPOLITAN NASHVILLE POLICE DEPT,20200760663,Davidson,Nashville,12/11/2020 1:34:00 AM,1,0,0,36.073370,-86.682500,ANTIOCH PKE,,,,512.00,Feet,North,CHEROKEE PL,,,,0.00,N,Not at Intersection,N,Non-Junction,None,,,         ,Scarlett,Collins,,Not Collision with Motor Vehicle in Transport,no,no,no,no,no,False
102854244,METROPOLITAN NASHVILLE POLICE DEPT,20200760389,Davidson,Nashville,12/10/2020 10:54:00 PM,1,1,0,36.093730,-86.645360,LONGHUNTER LN,,,,17.00,Feet,East,VILLAGE HILLS DR,,,,0.00,N,Not at Intersection,N,Non-Junction,None,,,         ,Graham,Binkley,,Not Collision with Motor Vehicle in Transport,yes,no,no,yes,yes,False
102854250,METROPOLITAN NASHVILLE POLICE DEPT,20200760631,Davidson,Nashville,12/11/2020 1:13:00 AM,2,1,0,36.045360,-86.713270,OLD HICKORY BLVD,,,,2.00,Feet,West,NOLENSVILLE PKE,,,,0.00,N,Not at Intersection,N,Non-Junction,None,,,         ,Aaron,Brumley,,Angle,no,no,no,no,no,False
102854295,METROPOLITAN NASHVILLE POLICE DEPT,20200760850,Davidson,Nashville,12/11/2020 4:24:00 AM,1,0,0,36.070560,-86.684890,ANTIOCH PKE,,,,0.00,,,,,,,0.00,,,N,Non-Junction,None,,,         ,Kaleigh,Pearce,,Unknown,no,no,no,yes,yes,False
102854297,METROPOLITAN NASHVILLE POLICE DEPT,20200760807,Davidson,Nashville,12/11/2020 3:42:00 AM,2,2,0,36.088230,-86.701610,I 24,,,,0.00,,,,,,,55.55,N,Not at Intersection,N,Non-Junction,None,,,         ,Robert,Leverick,,Not Collision with Motor Vehicle in Transport,no,no,no,no,no,False
102854298,METROPOLITAN NASHVILLE POLICE DEPT,20200760831,Davidson,Nashville,12/11/2020 4:04:00 AM,2,0,0,36.243920,-86.747560,I 65,,,,0.00,,,,,,,90.65,N,Not at Intersection, ,Non-Junction,None,,,         ,Derrick,Toney,,"Sideswipe, Same Direction",no,no,no,no,no,False
102854306,METROPOLITAN NASHVILLE POLICE DEPT,20200759539,Davidson,Nashville,12/10/2020 2:15:00 PM,2,0,0,36.250640,-86.718540,GALLATIN PKES,,,,57.00,Feet,South,MOVING CENTER CT,,,,0.00,N,Not at Intersection,N,Non-Junction,None,,,         ,Brian,Otto,Clear,Angle,no,no,no,no,no,False
102854311,METROPOLITAN NASHVILLE POLICE DEPT,20200760931,Davidson,Nashville,12/11/2020 5:35:00 AM,2,0,0,36.134240,-86.776600,WEDGEWOOD AV,,,,69.00,Feet,West,I65 S EXT RAMP,,,,0.00,N,Not at Intersection, ,Non-Junction,None,,,         ,David,Barras,,"Sideswipe, Same Direction",no,no,no,no,no,False
102854315,METROPOLITAN NASHVILLE POLICE DEPT,20200760972,Davidson,Nashville,12/11/2020 5:43:00 AM,2,0,0,36.045310,-86.713870,OLD HICKORY BLVD,,,,200.00,Feet,West,NOLENSVILLE PKE,,,,0.00,N,Not at Intersection, ,Non-Junction,None,,,         ,Earl,Davis,,Angle,no,no,no,no,no,False
102854332,METROPOLITAN NASHVILLE POLICE DEPT,20200761002,Davidson,Nashville,12/11/2020 7:18:00 AM,2,0,0,36.170820,-86.601550,OLD HICKORY BLVD,,,,0.00,,,I40 W EXT RAMP,,,,0.00,Y,OTHER, ,Intersection,None,,,         ,Michael,Brooks,Clear,Front to Rear,no,no,no,no,no,False
102854410,THP District 3 - Nashville,320070729,Davidson,Nashville,12/10/2020 1:11:00 PM,2,0,0,36.219620,-86.727430,GALLATIN PKE,,,,0.00,,,CURDWOOD BLVD,,,,0.00,Y,Four-Way,Y,Intersection,None,,,         ,Matthew,Priest,Clear,Front to Rear,no,no,no,no,no,False
102854429,BELLE MEADE POLICE DEPT,20-0280,Davidson,Belle Meade,12/11/2020 7:55:00 AM,2,0,0,36.089510,-86.860900,BELLE MEADE BLVD,,,,0.00,,,W TYNE DR,,,,0.00,Y,T-Intersection,N,Intersection,None,,,         ,Charles,Williams,Clear,Front to Rear,no,no,no,no,no,False
102854450,METROPOLITAN NASHVILLE POLICE DEPT,20200761226,Davidson,Nashville,12/11/2020 9:41:00 AM,2,0,0,36.240390,-86.747390,BRILEY PKWY W EXT RAMP,,,,0.00,Feet,East,BRILEY PKWYW,,,,0.00,N,Not at Intersection, ,,None,,,         ,Darrin,Hardin,,,no,no,no,no,no,False
102854452,METROPOLITAN NASHVILLE POLICE DEPT,20200761301,Davidson,Nashville,12/11/2020 10:16:00 AM,1,0,0,36.154590,-86.770440,2ND AVS,,,,47.00,Feet,North,MIDDLETON ST,,,,0.00,N,Not at Intersection, ,Non-Junction,None,,,         ,Rachel,Susee,Clear,Not Collision with Motor Vehicle in Transport,no,no,no,yes,no,False
102854454,METROPOLITAN NASHVILLE POLICE DEPT,20200761316,Davidson,Nashville,12/11/2020 9:42:00 AM,2,0,0,36.185060,-86.797530,I 65,,,,0.00,,,,,,,85.40,N,Not at Intersection, ,Non-Junction,None,,,         ,Justen,Ogle,Clear,Front to Rear,no,no,no,no,no,False
102854466,THP District 3 - Nashville,320070734,Davidson,Nashville,12/10/2020 2:02:00 PM,2,0,0,36.219620,-86.727430,GALLATIN PKE,,,,0.00,,,CURDWOOD BLVD,,,,0.00,Y,Four-Way, ,Intersection,None,,,         ,Matthew,Priest,Clear,"Sideswipe, Same Direction",no,no,no,no,no,False
102854525,METROPOLITAN NASHVILLE POLICE DEPT,20200761174,Davidson,Nashville,12/11/2020 9:00:00 AM,2,0,0,36.192820,-86.745670,DOUGLAS AV,,,,0.00,,,TREVECCA AV,,,,0.00,Y,T-Intersection,N,Intersection,None,,,         ,Douglas,Smith,,Angle,no,no,no,no,no,False
102854582,METROPOLITAN NASHVILLE POLICE DEPT,20200761520,Davidson,Nashville,12/11/2020 12:41:00 PM,2,0,0,36.111930,-86.762920,THOMPSON LN,,,,0.00,,,E IRIS DR,,,,0.00,Y,T-Intersection,N,Intersection,None,,,         ,Earl,Davis,,Angle,no,no,no,no,no,False
102854583,METROPOLITAN NASHVILLE POLICE DEPT,20200761054,Davidson,Nashville,12/11/2020 7:45:00 AM,1,1,0,36.086820,-86.707000,LINBAR DR,,,,0.00,,,,,,,0.00,,,N,Non-Junction,None,,,         ,Brian,Sherman,Clear,Not Collision with Motor Vehicle in Transport,no,no,no,yes,no,False
102854588,METROPOLITAN NASHVILLE POLICE DEPT,20200761479,Davidson,Nashville,12/11/2020 12:07:00 PM,2,2,0,36.105890,-86.922200,BELLE VALLEY DR,,,,0.00,,,OLD HICKORY BLVD,,,,0.00,Y,T-Intersection,N,Intersection-Related,None,,,         ,Curtis,Rich,Cloudy,Front to Rear,no,no,no,no,no,False
102854597,METROPOLITAN NASHVILLE POLICE DEPT,20200761492,Davidson,Nashville,12/11/2020 12:12:00 PM,2,0,0,36.186120,-86.747360,GALLATIN AV,,,,179.00,Feet,South,PETWAY AV,,,,0.00,N,Not at Intersection, ,Non-Junction,None,,,         ,Michael,Intrieri,,Rear to Side,no,no,no,yes,no,False
102854648,THP District 3 - Nashville,320070774,Davidson,Nashville,12/10/2020 5:08:00 PM,3,0,0,36.031110,-86.783530,I 65,,,,0.00,,,,,,,74.00,N,Not at Intersection, ,Non-Junction,None,,,         ,Christopher,Vance,Cloudy,Other,no,no,no,no,no,False
102854652,METROPOLITAN NASHVILLE POLICE DEPT,20200761523,Davidson,Nashville,12/11/2020 12:48:00 PM,2,2,0,36.247720,-86.720530,GALLATIN PKES,,,,115.00,Feet,South,DUE WEST AVW,,,,0.00,N,Not at Intersection,N,Non-Junction,None,,,         ,Brian,Otto,Cloudy,Angle,no,no,no,no,no,False
102854653,METROPOLITAN NASHVILLE POLICE DEPT,20200761584,Davidson,Nashville,12/11/2020 1:00:00 PM,2,0,0,36.245280,-86.760850,SKYLINE COMMONS PVTDR,,,,0.00,Feet,East,DOVERSIDE DR,,,,0.00,N,Not at Intersection,N,Non-Junction,None,,,         ,Ian,Wilson,Clear,Front to Rear,no,no,no,yes,yes,False
102854664,METROPOLITAN NASHVILLE POLICE DEPT,20200761596,Davidson,Not in City Limit,12/11/2020 1:19:00 PM,2,0,0,36.114900,-86.929020,WHEATFIELD WAY,,,,34.00,Feet,South,WHEATFIELD CT,,,,0.00,N,Not at Intersection, ,Non-Junction,None,,,         ,Curtis,Rich,Cloudy,Front to Rear,no,no,no,no,no,False
102854671,METROPOLITAN NASHVILLE POLICE DEPT,20200761531,Davidson,Nashville,12/11/2020 12:25:00 PM,2,0,0,36.223700,-86.806290,WHITES CREEK PKE,,,,0.00,,,KNIGHT DR,,,,0.00,Y,T-Intersection, ,,None,,,         ,Royce,McLester,,,no,no,no,no,no,False
102854674,METROPOLITAN NASHVILLE POLICE DEPT,20200761374,Davidson,Nashville,12/11/2020 11:15:00 AM,5,0,0,36.201580,-86.776860,I 65,,,,0.00,,,,,,,87.00,N,Not at Intersection,N,Non-Junction,None,,,         ,James,Wray,Clear,Front to Rear,no,no,no,no,no,False
102854679,METROPOLITAN NASHVILLE POLICE DEPT,20200761569,Davidson,Nashville,12/11/2020 12:13:00 PM,2,0,0,36.167230,-86.599380,OLD HICKORY BLVD,,,,521.00,Feet,South,SELLS DR,,,,0.00,N,Not at Intersection, ,,None,,,         ,Michael,Brooks,,,no,no,no,no,no,False
102854708,METROPOLITAN NASHVILLE POLICE DEPT,20200761360,Davidson,Nashville,12/11/2020 11:04:00 AM,2,0,0,36.098190,-86.872380,HIGHWAY 100,,,,290.00,Feet,South,HARDING PKE,,,,0.00,N,Not at Intersection, ,OtherLocation,None,,,         ,Jack,Crouch,,"Sideswipe, Opposite Direction",no,no,no,yes,no,False
102854747,BERRY HILL POLICE DEPT,20-4464,Davidson,Berry Hill,12/10/2020 8:34:00 AM,2,0,0,36.112330,-86.767020,THOMPSON LN,,,,0.00,,,BRANSFORD AV,,,,0.00,Y,Four-Way, ,,None,,,         ,Larry,Carter,,,no,no,no,no,no,False
102854752,GOODLETTSVILLE POLICE DEPT,20-36298,Davidson,Goodlettsville,12/11/2020 11:49:00 AM,1,0,0,36.297030,-86.713210,HARDAWAY DR,,,,131.00,Feet,South,ALTA LOMA RD,,,,0.00,N,Not at Intersection,N,Non-Junction,None,,,         ,Jessica,Gistarb,Clear,Not Collision with Motor Vehicle in Transport,no,no,no,no,no,False
102854774,METROPOLITAN NASHVILLE POLICE DEPT,20200760172,Davidson,Nashville,12/10/2020 7:54:00 PM,1,0,1,36.268120,-86.658070,OLD HICKORY BLVD,,,,790.00,Feet,North,INDUSTRIAL DR,,,,0.00,N,Not at Intersection,N,Non-Junction,None,,,         ,Cressie,Prill,Clear,Not Collision with Motor Vehicle in Transport,no,no,no,no,no,False
102854796,METROPOLITAN NASHVILLE POLICE DEPT,20200761753,Davidson,Nashville,12/11/2020 3:11:00 PM,2,0,0,36.210540,-86.733390,GALLATIN PKE,,,,152.00,Feet,North,HOME RD,,,,0.00,N,Not at Intersection, ,Non-Junction,None,,,         ,D’Mitri,Mackall,,Angle,no,no,no,no,no,False
102854798,METROPOLITAN NASHVILLE POLICE DEPT,20200760401,Davidson,Nashville,12/10/2020 12:00:00 AM,2,0,0,36.167010,-86.763730,SHELBY AV,,,,0.00,Feet,,S 4TH ST,,,,0.00,Y,Four-Way,Y,Intersection-Related,None,,,         ,Kelby,Dumond,,Angle,no,no,no,no,yes,False
102854805,BERRY HILL POLICE DEPT,20-4467,Davidson,Berry Hill,12/10/2020 1:12:00 PM,2,0,0,36.126320,-86.771150,CRAIGHEAD ST,,,,0.00,,,MCKEAND AV,,,,0.00,Y,T-Intersection, ,Intersection-Related,None,,,         ,Larry,Carter,Clear,Front to Rear,no,no,no,no,no,False
102854812,METROPOLITAN NASHVILLE POLICE DEPT,20200761761,Davidson,Nashville,12/11/2020 2:16:00 PM,3,0,0,36.135070,-86.887110,CHARLOTTE PKE,,,,312.00,Feet,East,W HILLWOOD DR,,,,0.00,N,Not at Intersection, ,Non-Junction,None,,,         ,Jared,Dick,,Front to Rear,no,no,no,no,yes,False
102854821,METROPOLITAN NASHVILLE POLICE DEPT,20200761767,Davidson,Nashville,12/11/2020 1:30:00 PM,2,0,0,36.213800,-86.799990,WHITES CREEK PKE,,,,0.00,,,FRANCES ST,,,,0.00,Y,Four-Way,N,Intersection,None,,,         ,Alec,Pellissier,,Angle,no,no,no,no,no,False
102854830,METROPOLITAN NASHVILLE POLICE DEPT,20200761815,Davidson,Nashville,12/11/2020 3:46:00 PM,2,0,0,36.099900,-86.819940,HILLSBORO PKE,,,,287.00,Feet,East,CASTLEMAN DR,,,,0.00,N,Not at Intersection, ,Non-Junction,None,,,         ,Edin,Plancic,,Front to Rear,no,no,no,no,no,False
102854857,METROPOLITAN NASHVILLE POLICE DEPT,20200761855,Davidson,Nashville,12/11/2020 12:44:00 PM,2,0,0,36.033520,-86.712960,BARNES RD,,,,7.00,Feet,East,NOLENSVILLE PKE,,,,0.00,N,Not at Intersection, ,Non-Junction,None,,,         ,Nadine,Klemenz,,Front to Rear,no,no,no,no,no,False
102854870,METROPOLITAN NASHVILLE POLICE DEPT,20200761822,Davidson,Nashville,12/11/2020 3:09:00 PM,2,0,0,36.127440,-86.901590,I 40,,,,0.00,,,,,,,200.80,N,Not at Intersection, ,Non-Junction,None,,,         ,Cody,MIller,,"Sideswipe, Same Direction",no,no,no,no,no,False
102854894,METROPOLITAN NASHVILLE POLICE DEPT,20200761883,Davidson,Nashville,12/11/2020 4:21:00 PM,2,0,0,36.166450,-86.764840,I 24,,,,0.00,,,,,,,49.00,N,Not at Intersection, ,Non-Junction,None,,,         ,Nicholas,Berry,Clear,Front to Rear,no,no,no,no,no,False
102854896,METROPOLITAN NASHVILLE POLICE DEPT,20200761870,Davidson,Nashville,12/11/2020 1:20:00 PM,2,0,0,36.195880,-86.621570,LEBANON PKE,,,,116.00,Feet,North,BONNASPRING DR,,,,0.00,N,Not at Intersection, ,,None,,,         ,Zaire,Murray,,,no,no,no,no,no,False
102854942,GOODLETTSVILLE POLICE DEPT,20-36309,Davidson,Goodlettsville,12/11/2020 3:53:00 PM,2,1,0,36.298140,-86.723020,DRY CREEK LN,,,,0.00,,,DICKERSON PKES,,,,0.00,Y,Four-Way,N,Intersection-Related,None,,,         ,Jeffrey,Petty,Cloudy,Angle,no,no,no,no,no,False
102854944,METROPOLITAN NASHVILLE POLICE DEPT,20200761925,Davidson,Nashville,12/11/2020 4:55:00 PM,2,0,0,36.144160,-86.776890,I 65,,,,0.00,,,,,,,82.10,N,Not at Intersection, ,Non-Junction,None,,,         ,Sekou,Samassi,,"Sideswipe, Same Direction",no,no,no,no,no,False
102855023,METROPOLITAN NASHVILLE POLICE DEPT,20200761982,Davidson,Nashville,12/11/2020 5:20:00 PM,2,0,0,36.204670,-86.750130,E TRINITY LN,,,,0.00,,,ELLINGTON PKWYN,,,,0.00,Y,Four-Way,N,Intersection,None,,,         ,Jeremy,Smith,,"Sideswipe, Same Direction",no,no,no,no,yes,False
102855029,METROPOLITAN NASHVILLE POLICE DEPT,20200761809,Davidson,Nashville,12/11/2020 3:40:00 PM,2,0,0,36.087760,-86.691410,HARDING PL,,,,264.00,Feet,East,ANTIOCH PKE,,,,0.00,N,Not at Intersection,N,Non-Junction,None,,,         ,Gabriel,Hamilton,Clear,Angle,no,no,no,no,no,False
102855030,METROPOLITAN NASHVILLE POLICE DEPT,20200761911,Davidson,Nashville,12/11/2020 4:27:00 PM,2,0,0,36.113010,-86.723810,I 24,,,,0.00,,,,,,,53.40,N,Not at Intersection, ,,None,,,         ,Beri,Scott,,,no,no,no,no,no,False
102855060,METROPOLITAN NASHVILLE POLICE DEPT,20200762048,Davidson,Nashville,12/11/2020 5:30:00 PM,2,1,0,36.186640,-86.773460,DICKERSON PKE,,,,292.00,Feet,South,CLEVELAND ST,,,,0.00,N,Not at Intersection,N,Non-Junction,None,,,         ,Ty,Cummings,,"Sideswipe, Same Direction",no,no,no,no,yes,False
102855092,METROPOLITAN NASHVILLE POLICE DEPT,20200762161,Davidson,Nashville,12/11/2020 6:31:00 PM,2,0,0,36.050370,-86.646690,BELL FORGE LNE,,,,146.00,Feet,South,BELL RD,,,,0.00,N,Not at Intersection, ,Non-Junction,None,,,         ,Eric,Laury,,Angle,no,no,no,no,no,False
102855095,METROPOLITAN NASHVILLE POLICE DEPT,20200762142,Davidson,Nashville,12/11/2020 5:10:00 PM,2,0,0,36.149710,-86.773130,I 40,,,,0.00,,,,,,,210.25,N,Not at Intersection,N,Non-Junction,None,,,         ,Philip,Claibourne,Clear,Front to Rear,no,no,no,no,no,False
102855106,METROPOLITAN NASHVILLE POLICE DEPT,20200762021,Davidson,Nashville,12/11/2020 5:55:00 PM,2,0,0,36.121570,-86.727330,I 24,,,,0.00,,,,,,,52.80,N,Not at Intersection, ,Non-Junction,None,,,         ,Megan,Arnett,Clear,Front to Rear,no,no,no,no,no,False
102855109,METROPOLITAN NASHVILLE POLICE DEPT,20200762178,Davidson,Nashville,12/11/2020 5:37:00 PM,3,2,0,35.997980,-86.691430,NOLENSVILLE PKE,,,,609.00,Feet,West,CONCORD RD,,,,0.00,N,Not at Intersection,N,Non-Junction,None,,,         ,Nadine,Klemenz,Clear,Front to Rear,no,no,no,no,no,False
102855117,METROPOLITAN NASHVILLE POLICE DEPT,20200762050,Davidson,Nashville,12/11/2020 5:30:00 PM,2,0,0,36.149130,-86.747020,I 40,,,,0.00,,,,,,,211.80,N,Not at Intersection,N,Non-Junction,None,,,         ,Peter,Kinsey,,"Sideswipe, Same Direction",no,no,no,no,yes,False
102855121,METROPOLITAN NASHVILLE POLICE DEPT,20200762212,Davidson,Nashville,12/11/2020 7:30:00 PM,2,0,0,36.048340,-86.654490,BELL RD,,,,514.00,Feet,East,HICKORY HOLLOW MALL PVTDR PL,,,,0.00,N,Not at Intersection,N,Non-Junction,None,,,         ,Lisa,Beck,Clear,"Sideswipe, Same Direction",no,no,no,no,no,False
102855234,METROPOLITAN NASHVILLE POLICE DEPT,20200761965,Davidson,Nashville,12/11/2020 6:10:00 PM,2,0,0,36.147280,-86.869200,CHARLOTTE PKE,,,,150.00,Feet,West,CROLEY DR,,,,0.00,N,Not at Intersection, ,,None,,,         ,Ryan,Malone,,,no,no,no,no,no,False
102855263,METROPOLITAN NASHVILLE POLICE DEPT,20200762326,Davidson,Nashville,12/11/2020 7:44:00 PM,2,0,0,36.149340,-86.859840,OCEOLA AV,,,,125.00,Feet,South,CHARLOTTE PKE,,,,0.00,N,Not at Intersection, ,Non-Junction,None,,,         ,Ryan,Malone,,"Sideswipe, Same Direction",no,no,no,no,yes,False
102855271,METROPOLITAN NASHVILLE POLICE DEPT,20200762349,Davidson,Not in City Limit,12/11/2020 9:20:00 PM,1,0,0,36.261610,-86.677860,E OLD HICKORY BLVD,,,,3.00,Feet,West,SANDHURST DR,,,,0.00,N,Not at Intersection, ,Non-Junction,None,,,         ,Matthew,Herod,Clear,Not Collision with Motor Vehicle in Transport,no,no,no,no,no,False
102855273,METROPOLITAN NASHVILLE POLICE DEPT,20200762377,Davidson,Nashville,12/11/2020 9:45:00 PM,2,0,0,36.195140,-86.775570,I 65,,,,0.00,,,,,,,86.55,N,Not at Intersection,N,Non-Junction,None,,,         ,Jeremy,Smith,Clear,"Sideswipe, Same Direction",no,no,no,no,yes,False
102855294,METROPOLITAN NASHVILLE POLICE DEPT,20200762277,Davidson,Nashville,12/11/2020 7:50:00 PM,2,0,0,36.135410,-86.725110,I24 W EXT RAMP,,,,0.00,Feet,East,SPENCE LN,,,,0.00,N,Not at Intersection, ,Entrance/Exit Ramp Related,None,,,         ,Andrew,Brazee,,Front to Rear,no,no,no,no,no,False
102855313,METROPOLITAN NASHVILLE POLICE DEPT,20200762059,Davidson,Not in City Limit,12/11/2020 6:22:00 PM,2,1,0,36.262990,-86.680970,STATE RT 45,,,,7.00,Feet,West,RIO VISTA DR,,,,0.00,N,Not at Intersection,N,OtherLocation,None,,,         ,Spencer,Arroyo,,Angle,no,no,no,no,no,False
102855314,METROPOLITAN NASHVILLE POLICE DEPT,20200762402,Davidson,Nashville,12/11/2020 10:21:00 PM,1,0,0,36.191960,-86.781770,I 65,,,,0.00,,,,,,,86.20,N,Not at Intersection,N,Non-Junction,None,,,         ,Brandon,Chapman,,Not Collision with Motor Vehicle in Transport,no,no,no,no,no,False
102855327,METROPOLITAN NASHVILLE POLICE DEPT,20200761987,Davidson,Nashville,12/11/2020 5:05:00 PM,2,0,0,36.119860,-86.726430,I440 W ENT RAMP,,,,0.00,Feet,East,I 24,,,,0.00,N,Not at Intersection, ,,None,,,         ,Steffani,Dahlstrom,,,no,no,no,no,no,False
102855368,METROPOLITAN NASHVILLE POLICE DEPT,20200762481,Davidson,Nashville,12/11/2020 11:26:00 PM,1,0,0,36.100970,-86.731880,ANTIOCH PKE,,,,131.00,Feet,East,AVENAL AV,,,,0.00,N,Not at Intersection,N,Non-Junction,None,,,         ,Robert,Leverick,,Not Collision with Motor Vehicle in Transport,no,no,no,no,yes,False
102855370,METROPOLITAN NASHVILLE POLICE DEPT,20200762547,Davidson,Nashville,12/12/2020 12:00:00 AM,1,0,0,36.191960,-86.781780,I 65,,,,0.00,,,,,,,86.20,N,Not at Intersection,N,Non-Junction,None,,,         ,Joseph,Gawlowski,,Not Collision with Motor Vehicle in Transport,no,no,no,no,no,False
102855393,METROPOLITAN NASHVILLE POLICE DEPT,20200762634,Davidson,Nashville,12/12/2020 1:02:00 AM,1,0,0,36.164150,-86.763030,I 24,,,,0.00,,,,,,,49.15,N,Not at Intersection,N,Non-Junction,None,,,         ,Joseph,Hurst,Rain,Not Collision with Motor Vehicle in Transport,no,no,no,no,yes,False
102855400,METROPOLITAN NASHVILLE POLICE DEPT,20200762669,Davidson,Nashville,12/12/2020 1:35:00 AM,2,0,0,36.156180,-86.628790,I 40,,,,0.00,,,,,,,219.00,N,Not at Intersection,N,Non-Junction,None,,,         ,Randall,Ward,Rain,"Sideswipe, Same Direction",no,no,no,no,yes,False