master_record_number,agency,agency_tracking_number,county,city,collision_date,vehicles_involved,number_injured,number_dead,latitude,longitude,roadway_name,roadway_suffix,roadway_number,roadway_local_id,distance_from_reference,miles-feet_indicator,direction_from_reference,intersection_road_name,intersection_road_name_suffix,intersection_road_number,intersection_local_id,mile_marker,intersection_indicator,intersect_type,interchange_related_indicator,relation_to_junction,work_zone_type,construction_maintenance_zone,construction_maintenance_zone_location,fatal_case_number,officer_first_name,officer_last_name,weather_condition(s),manner_of_crash,pedestrian,bicycle,scooter,parking,hitrun,mou
102855402,METROPOLITAN NASHVILLE POLICE DEPT,20200762752,Davidson,Nashville,12/12/2020 2:46:00 AM,1,0,0,36.152850,-86.755360,I 40,,,,0.00,,,,,,,211.25,N,Not at Intersection,N,Non-Junction,None,,,         ,Randall,Ward,Rain,Not Collision with Motor Vehicle in Transport,no,no,no,no,no,False
102855406,METROPOLITAN NASHVILLE POLICE DEPT,20200762504,Davidson,Nashville,12/11/2020 11:41:00 PM,2,0,0,36.201900,-86.776850,I 65,,,,0.00,,,,,,,87.00,N,Not at Intersection,N,Non-Junction,None,,,         ,Joshua,Asbell,Rain,Front to Rear,no,no,no,no,yes,False
102855427,METROPOLITAN NASHVILLE POLICE DEPT,20200762674,Davidson,Nashville,12/12/2020 12:50:00 AM,2,0,0,36.129120,-86.754330,NOLENSVILLE PKE,,,,197.00,Feet,South,CARSON ST,,,,0.00,N,Not at Intersection,N,Non-Junction,None,,,         ,Bryson,Wilkins,,Front to Rear,no,no,no,no,no,False
102855428,METROPOLITAN NASHVILLE POLICE DEPT,20200762803,Davidson,Nashville,12/12/2020 3:19:00 AM,1,0,0,36.078540,-86.660140,PICCADILLY ROW,,,,355.00,Feet,West,BISHOPSGATE RD,,,,0.00,N,Not at Intersection,N,Non-Junction,None,,,         ,Jose,Oliveros,,Not Collision with Motor Vehicle in Transport,no,no,no,no,no,False
102855436,METROPOLITAN NASHVILLE POLICE DEPT,20200762792,Davidson,Antioch,12/12/2020 3:08:00 AM,1,0,0,36.015160,-86.620280,-- UNKNOWN RAMP/ROAD --,,,,0.00,Feet,East,I 24,,,,0.00,N,Not at Intersection,N,Entrance/Exit Ramp Related,None,,,         ,Holly,Davis,Rain,Not Collision with Motor Vehicle in Transport,no,no,no,no,no,False
102855457,METROPOLITAN NASHVILLE POLICE DEPT,20200762975,Davidson,Nashville,12/12/2020 6:15:00 AM,1,0,0,36.226440,-86.774010,I 65,,,,0.00,,,,,,,88.70,N,Not at Intersection,N,Non-Junction,None,,,         ,Coleman,McKellar,Rain,Not Collision with Motor Vehicle in Transport,no,no,no,no,no,False
102855477,METROPOLITAN NASHVILLE POLICE DEPT,20200763040,Davidson,Nashville,12/12/2020 12:00:00 AM,1,0,0,36.074490,-86.693650,LINBAR DR,,,,487.00,Feet,North,MELMACK DR,,,,0.00,N,Not at Intersection, ,Non-Junction,None,,,         ,Jason,Hees,Rain,Not Collision with Motor Vehicle in Transport,no,no,no,no,yes,False
102855478,METROPOLITAN NASHVILLE POLICE DEPT,20200762995,Davidson,Nashville,12/12/2020 6:57:00 AM,1,0,0,36.234500,-86.746300,ELLINGTON PKWYS,,,,1.00,Feet,North,I65 S EXT RAMP,,,,0.00,N,Not at Intersection,N,Entrance/Exit Ramp Related,None,,,         ,Darrin,Hardin,Rain,Not Collision with Motor Vehicle in Transport,no,no,no,no,no,False
102855491,METROPOLITAN NASHVILLE POLICE DEPT,20200763054,Davidson,Nashville,12/12/2020 7:51:00 AM,1,0,0,36.177130,-86.772680,I 24,,,,0.00,,,,,,,47.90,N,Not at Intersection, ,Entrance/Exit Ramp Related,None,,,         ,Michael,Intrieri,Rain,Not Collision with Motor Vehicle in Transport,no,no,no,no,no,False
102855501,METROPOLITAN NASHVILLE POLICE DEPT,20200763083,Davidson,Nashville,12/12/2020 8:10:00 AM,1,0,0,36.225310,-86.774420,I 65,,,,0.00,,,,,,,88.60,N,Not at Intersection,N,Non-Junction,None,,,         ,Justen,Ogle,Rain,Not Collision with Motor Vehicle in Transport,no,no,no,no,no,False
102855504,METROPOLITAN NASHVILLE POLICE DEPT,20200763133,Davidson,Nashville,12/12/2020 12:00:00 AM,1,0,0,36.151600,-86.767430,CARROLL ST,,,,67.00,Feet,East,1ST AVS,,,,0.00,N,Not at Intersection,N,Non-Junction,None,,,         ,Jason,Thomas,Unknown,Unknown,no,no,no,no,yes,False
102855505,METROPOLITAN NASHVILLE POLICE DEPT,20200763019,Davidson,Nashville,12/12/2020 7:00:00 AM,2,0,0,36.160760,-86.793690,14TH AVN,,,,0.00,,,CHARLOTTE AV,,,,0.00,Y,Four-Way, ,Intersection,None,,,         ,John,Roberson,,Angle,no,no,no,no,no,False
102855521,METROPOLITAN NASHVILLE POLICE DEPT,20200763147,Davidson,Nashville,12/12/2020 8:56:00 AM,2,0,0,36.166270,-86.612050,I 40,,,,0.00,,,,,,,220.20,N,Not at Intersection, ,Non-Junction,None,,,         ,Mario,Diaz,Cloudy,Front to Rear,no,no,no,no,no,False
102855523,METROPOLITAN NASHVILLE POLICE DEPT,20200763124,Davidson,Nashville,12/12/2020 8:55:00 AM,1,1,0,36.169240,-86.606600,I40 E EXT RAMP,,,,0.00,Feet,East,I 40,,,,0.00,N,Not at Intersection,N,Non-Junction,None,,,         ,Patrick,Lancaster,"Cloudy, Rain",Not Collision with Motor Vehicle in Transport,no,no,no,no,no,False
102855524,METROPOLITAN NASHVILLE POLICE DEPT,20200763139,Davidson,Nashville,12/12/2020 9:00:00 AM,1,0,0,36.224810,-86.774510,I 65,,,,0.00,,,,,,,88.60,N,Not at Intersection,N,Non-Junction,None,,,         ,Wyatt,Blacker,,Not Collision with Motor Vehicle in Transport,no,no,no,no,no,False
102855526,METROPOLITAN NASHVILLE POLICE DEPT,20200763045,Davidson,Nashville,12/12/2020 7:37:00 AM,1,0,0,36.191880,-86.780600,I 65,,,,0.00,,,,,,,86.30,N,Not at Intersection,N,Non-Junction,None,,,         ,James,Wray,Rain,Not Collision with Motor Vehicle in Transport,no,no,no,no,no,False
102855528,METROPOLITAN NASHVILLE POLICE DEPT,20200763086,Davidson,Nashville,12/12/2020 8:15:00 AM,2,0,0,36.135030,-86.726760,I 24,,,,0.00,,,,,,,52.15,N,Not at Intersection, ,Non-Junction,None,,,         ,Chase,Carter,"Cloudy, Rain",Front to Rear,no,no,no,no,no,False
102855536,METROPOLITAN NASHVILLE POLICE DEPT,20200763091,Davidson,Nashville,12/12/2020 8:30:00 AM,2,0,0,36.206500,-86.776480,W TRINITY LN,,,,10.00,Feet,South,I65 S ENT RAMP,,,,0.00,N,Not at Intersection, ,Non-Junction,None,,,         ,Gretta,Ireland,Clear,Rear to Rear,no,no,no,no,no,False
102855538,METROPOLITAN NASHVILLE POLICE DEPT,20200763163,Davidson,Nashville,12/12/2020 9:10:00 AM,2,0,0,36.189840,-86.798610,ROSA L PARKS BLVD,,,,438.00,Feet,South,VANTAGE WAY,,,,0.00,N,Not at Intersection,N,Non-Junction,None,,,         ,Justen,Ogle,Rain,Front to Rear,no,no,no,no,yes,False
102855542,METROPOLITAN NASHVILLE POLICE DEPT,20200763060,Davidson,OTHER,12/12/2020 7:54:00 AM,4,2,0,36.078000,-86.607100,COUNTRY HILL DR,,,,0.00,,,ANDERSON RD,,,,0.00,Y,Four-Way,N,Intersection,None,,,         ,Katelyn,Argeroplos,Cloudy,HeadOn,no,no,no,no,no,False
102855559,METROPOLITAN NASHVILLE POLICE DEPT,20200763143,Davidson,Nashville,12/12/2020 9:18:00 AM,2,1,0,36.223680,-86.838200,CLARKSVILLE PKE,,,,777.00,Feet,North,FAIRMEADE CT,,,,0.00,N,Not at Intersection,N,OtherLocation,None,,,         ,Jedidayah,Merriweather,Cloudy,Other,no,no,no,yes,no,False
102855561,METROPOLITAN NASHVILLE POLICE DEPT,20200763200,Davidson,Goodlettsville,12/12/2020 12:00:00 AM,2,0,0,36.302750,-86.691810,US HWY 31E,,,,0.00,,,CONFERENCE DR,,,,0.00,Y,Four-Way,Y,Intersection,None,,,         ,Keenan,McCann,Cloudy,"Sideswipe, Opposite Direction",no,no,no,no,yes,False
102855563,METROPOLITAN NASHVILLE POLICE DEPT,20200763179,Davidson,Nashville,12/12/2020 9:46:00 AM,1,1,0,36.138400,-86.727370,I24E,,,,312.00,Feet,West,I24 W ENT RAMP,,,,0.00,N,Not at Intersection,Y,Entrance/Exit Ramp Related,None,,,         ,Roger,Luther,Cloudy,Not Collision with Motor Vehicle in Transport,no,no,no,no,no,False
102855566,METROPOLITAN NASHVILLE POLICE DEPT,20200763222,Davidson,Nashville,12/12/2020 10:30:00 AM,1,1,0,36.169740,-86.607110,I40 W ENT RAMP,,,,0.00,,,I 40,,,,0.00,Y,T-Intersection,N,Non-Junction,None,,,         ,William,Mckay,Cloudy,Not Collision with Motor Vehicle in Transport,no,no,no,no,no,False
102855567,METROPOLITAN NASHVILLE POLICE DEPT,20200763108,Davidson,Nashville,12/12/2020 8:37:00 AM,1,0,0,36.202020,-86.707060,COOPER LN,,,,212.00,Feet,North,SANDY DR,,,,0.00,N,Not at Intersection,N,Non-Junction,None,,,         ,Torrance,Bennett,Cloudy,Not Collision with Motor Vehicle in Transport,no,no,no,no,yes,False
102855582,METROPOLITAN NASHVILLE POLICE DEPT,20200763293,Davidson,Nashville,12/12/2020 10:50:00 AM,2,0,0,36.142800,-86.789410,14TH AVS,,,,64.00,Feet,South,EDGEHILL AV,,,,0.00,N,Not at Intersection,N,Non-Junction,None,,,         ,Hendrik,Kruger,,HeadOn,no,no,no,no,yes,False
102855596,METROPOLITAN NASHVILLE POLICE DEPT,20200763311,Davidson,Nashville,12/12/2020 11:49:00 AM,2,3,0,36.243430,-86.748440,I 65,,,,0.00,,,,,,,90.60,N,Not at Intersection,N,Non-Junction,None,,,         ,Ian,Wilson,Clear,Not Collision with Motor Vehicle in Transport,no,no,no,no,no,False
102855597,METROPOLITAN NASHVILLE POLICE DEPT,20200763233,Davidson,Nashville,12/12/2020 10:54:00 AM,2,0,0,36.146100,-86.870730,CHARLOTTE PKE,,,,0.00,,,WESTBORO DR,,,,0.00,Y,T-Intersection, ,Intersection,None,,,         ,Darren,Key,Cloudy,Front to Rear,no,no,no,no,no,False
102855624,METROPOLITAN NASHVILLE POLICE DEPT,20200763360,Davidson,Goodlettsville,12/12/2020 12:15:00 PM,2,1,0,36.299930,-86.696380,GALLATIN PKEN,,,,100.00,Feet,East,CUDE LN,,,,0.00,N,Not at Intersection,N,"Driveway, Alley Access, etc",None,,,         ,Michael,McCord,Clear,Angle,no,no,no,no,yes,False
102855628,METROPOLITAN NASHVILLE POLICE DEPT,2020-0763266,Davidson,Nashville,12/12/2020 11:07:00 AM,2,1,0,36.231620,-86.804000,KNIGHT DR,,,,0.00,,,EWING DR,,,,0.00,Y,T-Intersection,N,Non-Junction,None,,,         ,James,Wray,Clear,Angle,no,no,no,no,no,False
102855633,METROPOLITAN NASHVILLE POLICE DEPT,20200763385,Davidson,Nashville,12/12/2020 12:10:00 PM,2,0,0,36.082680,-86.646780,SCOTT VALLEY DR,,,,11.00,Feet,East,MURFREESBORO PKE,,,,0.00,N,Not at Intersection,N,Non-Junction,None,,,         ,Gerald,Gomes,Clear,Front to Rear,no,no,no,no,yes,False
102855645,METROPOLITAN NASHVILLE POLICE DEPT,20200763439,Davidson,Nashville,12/12/2020 1:20:00 PM,2,0,0,36.083490,-86.650420,UNA ANTIOCH PKE,,,,660.00,Feet,North,PICCADILLY ROW,,,,0.00,N,Not at Intersection, ,Non-Junction,None,,,         ,Jason,Hees,Clear,Front to Rear,no,no,no,no,yes,False
102855648,METROPOLITAN NASHVILLE POLICE DEPT,20200763400,Davidson,Nashville,12/12/2020 1:00:00 PM,1,0,0,36.187360,-86.822100,ED TEMPLE BLVD,,,,280.00,Feet,South,ROSA L PARKS BLVD,,,,0.00,N,Not at Intersection, ,Non-Junction,None,,,         ,Gretta,Ireland,,Not Collision with Motor Vehicle in Transport,no,no,no,yes,no,False
102855655,METROPOLITAN NASHVILLE POLICE DEPT,20200763356,Davidson,Nashville,12/12/2020 11:45:00 AM,2,0,0,36.151270,-86.857780,WHITE BRIDGE PKE,,,,44.00,Feet,North,WHITE BRIDGE PL,,,,0.00,N,Not at Intersection,N,Non-Junction,None,,,         ,Tanner,Ward,Clear,Front to Rear,no,no,no,no,no,False
102855661,METROPOLITAN NASHVILLE POLICE DEPT,20200763398,Davidson,Nashville,12/12/2020 12:30:00 PM,1,0,0,36.157100,-86.762330,ANTHES DR,,,,573.00,Feet,West,I40 W ENT RAMP,,,,0.00,N,Not at Intersection,N,Non-Junction,None,,,         ,Miles,Posey,Clear,Not Collision with Motor Vehicle in Transport,no,no,no,yes,yes,False
102855672,METROPOLITAN NASHVILLE POLICE DEPT,20200763443,Davidson,Nashville,12/12/2020 1:26:00 PM,2,0,0,36.193370,-86.833710,JOHN MALLETTE DR,,,,0.00,,,COUNTY HOSPITAL RD,,,,0.00,Y,Four-Way, ,Intersection,None,,,         ,Royce,McLester,,Angle,no,no,no,no,no,False
102855678,METROPOLITAN NASHVILLE POLICE DEPT,20200763378,Davidson,Madison,12/12/2020 12:25:00 PM,2,2,0,36.307290,-86.684840,NORTHSIDE MARKETPLACE PVTDR,,,,0.00,Feet,,GALLATIN PKEN,,,,0.00,Y,T-Intersection,Y,Intersection,None,,,         ,Wyatt,Blacker,,HeadOn,no,no,no,no,no,False
102855700,Metro Park Police,20200763389,Davidson,Nashville,12/12/2020 12:30:00 PM,2,0,0,36.111970,-86.745770,NOLENSVILLE PKE,,,,295.00,Feet,South,MCCLAIN AV,,,,0.00,N,Not at Intersection, ,Non-Junction,None,,,         ,Elgrine,"Kirby, Jr.",Clear,Angle,no,no,no,no,no,False
102855721,METROPOLITAN NASHVILLE POLICE DEPT,20200763520,Davidson,Nashville,12/12/2020 2:54:00 PM,2,0,0,36.165280,-86.764090,I 24,,,,0.00,,,,,,,49.05,N,Not at Intersection, ,Non-Junction,None,,,         ,Nicholas,Berry,Clear,Front to Rear,no,no,no,no,no,False
102855725,METROPOLITAN NASHVILLE POLICE DEPT,20200763551,Davidson,Nashville,12/12/2020 3:14:00 PM,1,0,0,36.148130,-86.876360,I 40,,,,0.00,,,,,,,202.85,N,Not at Intersection,N,Non-Junction,None,,,         ,Jared,Dick,,Not Collision with Motor Vehicle in Transport,no,no,no,no,no,False
102855727,METROPOLITAN NASHVILLE POLICE DEPT,20200763489,Davidson,Antioch,12/12/2020 2:23:00 PM,2,0,0,36.043490,-86.607160,MURFREESBORO PKE,,,,293.00,Feet,North,HOBSON PKE,,,,0.00,N,Not at Intersection,N,Non-Junction,None,,,         ,William,Burnett,,Angle,no,no,no,no,no,False
102855744,METROPOLITAN NASHVILLE POLICE DEPT,20200763591,Davidson,Nashville,12/12/2020 1:52:00 PM,2,0,0,36.067670,-86.718650,NOLENSVILLE PKE,,,,238.00,Feet,South,HAYWOOD LN,,,,0.00,N,Not at Intersection,N,Non-Junction,None,,,         ,Laura,Williams,,Front to Rear,no,no,no,no,no,False
102855745,METROPOLITAN NASHVILLE POLICE DEPT,20200763454,Davidson,Not in City Limit,12/12/2020 1:39:00 PM,3,2,0,36.053970,-86.929740,HIGHWAY 100,,,,605.00,Feet,West,EXCHANGE CLUB GRNWY,,,,0.00,N,Not at Intersection,N,Non-Junction,None,,,         ,Douglas,Atwood,,Front to Rear,no,no,no,no,no,False
102855747,METROPOLITAN NASHVILLE POLICE DEPT,20200763567,Davidson,Nashville,12/12/2020 2:45:00 PM,2,0,0,36.081160,-86.715260,HARDING PL,,,,38.00,Feet,West,HUMBER DR,,,,0.00,N,Not at Intersection,N,Non-Junction,None,,,         ,Austin,Binner,,"Sideswipe, Same Direction",no,no,no,no,yes,False
102855748,METROPOLITAN NASHVILLE POLICE DEPT,20200763525,Davidson,Nashville,12/12/2020 2:55:00 PM,2,0,0,36.133390,-86.891450,OLD CHARLOTTE PKE,,,,0.00,,,CHARLOTTE PKE,,,,0.00,Y,T-Intersection,N,Intersection,None,,,         ,Matthew,Turppa,,Angle,no,no,no,no,no,False
102855750,METROPOLITAN NASHVILLE POLICE DEPT,20200763473,Davidson,Nashville,12/12/2020 2:01:00 PM,3,1,0,36.130070,-86.900780,CHARLOTTE PKE,,,,0.00,,,CABOT DR,,,,0.00,Y,Y-Intersection,N,Intersection,None,,,         ,Darren,Key,,Angle,no,no,no,no,yes,False
102855756,METROPOLITAN NASHVILLE POLICE DEPT,20200763574,Davidson,Nashville,12/12/2020 2:59:00 PM,2,0,0,36.116720,-86.810480,HILLSBORO PKE,,,,68.00,Feet,North,MATTHEW LN,,,,0.00,N,Not at Intersection, ,,None,,,         ,Ryan,Malone,,,no,no,no,no,no,False
102855781,METROPOLITAN NASHVILLE POLICE DEPT,20200763605,Davidson,Nashville,12/12/2020 3:46:00 PM,2,0,0,36.137700,-86.794230,16TH AVE S,,,,252.00,Feet,North,HORTON AVE,,,,0.00,N,Not at Intersection,N,Non-Junction,None,,,         ,Zachary,Plese,Clear,Front to Rear,no,no,no,no,yes,False
102855782,METROPOLITAN NASHVILLE POLICE DEPT,20200763554,Davidson,Not in City Limit,12/12/2020 2:00:00 PM,2,0,0,36.262900,-86.711980,GALLATIN PKES,,,,61.00,Feet,South,STATE RT 45,,,,0.00,N,Not at Intersection,N,Non-Junction,None,,,         ,Jeffrey,Mullins,,"Sideswipe, Same Direction",no,no,no,no,yes,False
102855789,METROPOLITAN NASHVILLE POLICE DEPT,20200763549,Davidson,Antioch,12/10/2020 8:30:00 AM,2,0,0,36.066770,-86.583850,SMITH SPRINGS PKWY,,,,143.00,Feet,West,SUNSAIL DR,,,,0.00,N,Not at Intersection,N,Non-Junction,None,,,         ,Brandon,Simpkins,,Angle,no,no,no,no,yes,False
102855842,METROPOLITAN NASHVILLE POLICE DEPT,20200763748,Davidson,Nashville,12/12/2020 5:28:00 PM,2,0,0,36.065730,-86.629460,MURFREESBORO PKE,,,,4.00,Feet,South,HAMILTON CROSSINGS,,,,0.00,N,Not at Intersection,N,Non-Junction,None,,,         ,Brandon,Simpkins,,Angle,no,no,no,no,yes,False
102855846,METROPOLITAN NASHVILLE POLICE DEPT,20200763756,Davidson,Nashville,12/12/2020 4:35:00 PM,2,0,0,36.249110,-86.741910,I 65,,,,0.00,,,,,,,91.15,N,Not at Intersection,N,Non-Junction,None,,,         ,Joshua,Goepper,,Front to Rear,no,no,no,no,no,False
102855855,METROPOLITAN NASHVILLE POLICE DEPT,20200763764,Davidson,Nashville,12/12/2020 5:15:00 PM,2,0,0,36.193920,-86.687200,BRILEY PKWYN,,,,488.00,Feet,South,BRILEY PKWYS,,,,0.00,N,Not at Intersection, ,,Unknown,,,         ,Douglas,Mann,,,no,no,no,no,no,False
102855859,METROPOLITAN NASHVILLE POLICE DEPT,20200763793,Davidson,Nashville,12/12/2020 5:56:00 PM,2,0,0,36.158630,-86.878360,ROBERTSON AV,,,,0.00,,,ANNEX AV,,,,0.00,Y,Four-Way, ,Intersection,None,,,         ,Ryan,Malone,,Angle,no,no,no,no,no,False
102855868,METROPOLITAN NASHVILLE POLICE DEPT,20200763727,Davidson,Nashville,12/12/2020 5:09:00 PM,2,0,0,36.230100,-86.771960,EWING DR,,,,340.00,Feet,West,HILLHURST DR,,,,0.00,N,Not at Intersection,N,Non-Junction,None,,,         ,Tyler,Heckaman,,Not Collision with Motor Vehicle in Transport,no,no,no,no,yes,False
102855879,METROPOLITAN NASHVILLE POLICE DEPT,20200763544,Davidson,Nashville,12/12/2020 3:01:00 PM,3,0,0,36.171930,-86.755060,S 9TH ST,,,,79.00,Feet,North,BOSCOBEL ST,,,,0.00,N,Not at Intersection,N,Non-Junction,None,,,         ,Zachary,Aldrich,,HeadOn,no,no,no,no,yes,False
102855880,METROPOLITAN NASHVILLE POLICE DEPT,20200763566,Davidson,Nashville,12/12/2020 2:19:00 PM,2,0,0,36.173600,-86.744490,FATHERLAND ST,,,,0.00,,,S 15TH ST,,,,0.00,Y,Four-Way, ,,None,,,         ,Zachary,Aldrich,,,no,no,no,no,no,False
102855897,METROPOLITAN NASHVILLE POLICE DEPT,20200763810,Davidson,Nashville,12/12/2020 5:13:00 PM,2,2,0,36.172840,-86.765340,S 5TH ST,,,,0.00,Feet,,SPRING ST,,,,0.00,Y,Four-Way,Y,Intersection,None,,,         ,Jonathan,Foote,,Angle,no,no,no,no,no,False
102855898,METROPOLITAN NASHVILLE POLICE DEPT,20200763779,Davidson,Nashville,12/12/2020 5:54:00 PM,2,2,0,36.173590,-86.602150,CENTRAL PKE,,,,0.00,,East,OLD HICKORY BLVD,,,,0.00,N,Not at Intersection,Y,Non-Junction,None,,,         ,Peter,Kinsey,,Front to Rear,no,no,no,no,no,False
102855907,METROPOLITAN NASHVILLE POLICE DEPT,2020-0763918,Davidson,Nashville,12/12/2020 12:12:00 PM,2,0,0,36.079840,-86.709090,TAMPA DR,,,,144.00,Feet,South,RICHBRIAR RD,,,,0.00,N,Not at Intersection,N,Non-Junction,None,,,         ,Gary,Anderson,Clear,"Sideswipe, Same Direction",no,no,no,no,yes,False
102855923,METROPOLITAN NASHVILLE POLICE DEPT,20200763730,Davidson,Not in City Limit,12/12/2020 5:15:00 PM,2,4,0,36.269260,-86.755740,OLD HICKORY BLVDW,,,,0.00,Feet,,DICKERSON PKE,,,,0.00,Y,Four-Way,N,Intersection,None,,,         ,Michael,Foster,Clear,HeadOn,no,no,no,no,no,False
102855929,THP District 3 - Nashville,320071016,Davidson,Nashville,12/11/2020 6:51:00 PM,2,0,0,36.035120,-86.783050,I 65,,,,0.00,,,,,,,74.30,N,Not at Intersection, ,Non-Junction,None,,,         ,Per,Hser,Clear,Front to Rear,no,no,no,no,no,False
102855941,METROPOLITAN NASHVILLE POLICE DEPT,20200763826,Davidson,Nashville,12/12/2020 6:35:00 PM,1,0,0,36.028600,-86.669350,PETTUS RD,,,,998.00,Feet,East,BLUE HOLE RD,,,,0.00,N,Not at Intersection, ,Non-Junction,None,,,         ,Luis,Pena,,Not Collision with Motor Vehicle in Transport,no,no,no,no,no,False
102855943,METROPOLITAN NASHVILLE POLICE DEPT,20200763895,Davidson,Nashville,12/12/2020 5:00:00 PM,2,0,0,36.051420,-86.722520,AMALIE CT,,,,511.00,Feet,East,AMALIE DR,,,,0.00,N,Not at Intersection,N,"Driveway, Alley Access, etc",None,,,         ,Brandon,Hughes,,Rear to Rear,no,no,no,no,yes,False
102855955,METROPOLITAN NASHVILLE POLICE DEPT,20200764007,Davidson,Not in City Limit,12/12/2020 8:05:00 PM,3,0,0,36.306210,-86.686730,GALLATIN PKEN,,,,283.00,Feet,East,NORTHSIDE DR,,,,0.00,N,Not at Intersection, ,Non-Junction,None,,,         ,Kyle,Lund,Clear,Front to Rear,no,no,no,no,yes,False
102855963,METROPOLITAN NASHVILLE POLICE DEPT,20200764016,Davidson,Nashville,12/12/2020 8:53:00 PM,1,0,0,36.087820,-86.691290,HARDING PL,,,,306.00,Feet,East,ANTIOCH PKE,,,,0.00,N,Not at Intersection,N,Non-Junction,None,,,         ,Gary,Anderson,Clear,Not Collision with Motor Vehicle in Transport,no,no,no,no,no,False
102855970,METROPOLITAN NASHVILLE POLICE DEPT,20200763794,Davidson,Not in City Limit,12/12/2020 5:10:00 PM,2,0,0,36.262220,-86.712200,GALLATIN PKES,,,,6.00,Feet,North,E OLD HICKORY BLVD,,,,0.00,N,Not at Intersection,N,Non-Junction,None,,,         ,David,Harms,Clear,Front to Rear,no,no,no,no,yes,False
102855976,METROPOLITAN NASHVILLE POLICE DEPT,20200764075,Davidson,Nashville,12/12/2020 9:15:00 PM,2,0,0,36.069120,-86.683840,ANTIOCH PKE,,,,0.00,,,RICHARDS RD,,,,0.00,Y,OTHER,N,"Driveway, Alley Access, etc",None,,,         ,John,Jones,,HeadOn,no,no,no,no,yes,False
102855986,METROPOLITAN NASHVILLE POLICE DEPT,20200764091,Davidson,Nashville,12/12/2020 12:00:00 AM,2,0,0,36.146800,-86.758100,FAIRFIELD AV,,,,188.00,Feet,South,LAFAYETTE ST,,,,0.00,N,Not at Intersection,N,Non-Junction,None,,,         ,John,Braun,,Angle,no,no,no,no,yes,False
102855999,METROPOLITAN NASHVILLE POLICE DEPT,20200764040,Davidson,Nashville,12/12/2020 9:00:00 PM,3,2,0,36.129290,-86.714430,MURFREESBORO PKE,,,,0.00,,,,,,,0.00,,,N,Non-Junction,None,,,         ,Phillip,Burke,,Front to Rear,no,no,no,no,no,False
102856044,METROPOLITAN NASHVILLE POLICE DEPT,20200764107,Davidson,Nashville,12/12/2020 9:48:00 PM,2,0,0,36.159720,-86.774280,DEMONBREUN ST,,,,120.00,Feet,East,3RD AVS,,,,0.00,N,Not at Intersection, ,Non-Junction,None,,,         ,Stephen,Waterman,Clear,Angle,no,no,no,no,no,False
102856045,METROPOLITAN NASHVILLE POLICE DEPT,20200764372,Davidson,Nashville,12/13/2020 12:20:00 AM,2,0,0,36.058380,-86.716130,NOLENSVILLE PKE,,,,246.00,Feet,South,TUSCULUM RD,,,,0.00,N,Not at Intersection,N,Non-Junction,None,,,         ,Ricardo,Cruz,,Angle,no,no,no,yes,yes,False
102856046,METROPOLITAN NASHVILLE POLICE DEPT,20200764205,Davidson,Nashville,12/12/2020 12:00:00 AM,2,0,0,36.160510,-86.801870,DR D B TODD JR BLVD,,,,0.00,,,JO JOHNSTON AV,,,,0.00,Y,Four-Way,N,Non-Junction,None,,,         ,Terrance,Stuckey,Clear,Angle,no,no,no,no,no,False
102856051,METROPOLITAN NASHVILLE POLICE DEPT,20200764274,Davidson,Nashville,12/12/2020 12:00:00 AM,1,0,0,36.249580,-86.686590,NEELYS BEND RD,,,,12.00,Feet,East,LARKIN SPRINGS RD,,,,0.00,N,Not at Intersection,N,OtherLocation,None,,,         ,Thomas,Denenea,Clear,Not Collision with Motor Vehicle in Transport,no,no,no,no,yes,False
102856057,METROPOLITAN NASHVILLE POLICE DEPT,20200764160,Davidson,Nashville,12/12/2020 9:00:00 PM,2,0,0,36.153690,-86.756720,I 40,,,,0.00,,,,,,,211.20,N,Not at Intersection,N,Non-Junction,None,,,         ,Jeremy,Crisp,,Front to Rear,no,no,no,no,no,False
102856058,METROPOLITAN NASHVILLE POLICE DEPT,20200764288,Davidson,Nashville,12/13/2020 12:00:00 AM,4,1,0,36.127200,-86.711750,MURFREESBORO PKE,,,,265.00,Feet,West,THOMPSON PL,,,,0.00,N,Not at Intersection,N,Non-Junction,None,,,         ,Jacob,Ross,,Not Collision with Motor Vehicle in Transport,no,no,no,no,yes,False
102856059,METROPOLITAN NASHVILLE POLICE DEPT,20200764334,Davidson,Not in City Limit,12/13/2020 12:47:00 AM,2,0,0,36.264100,-86.724180,OLD HICKORY BLVDW,,,,0.00,,,HERITAGE DR,,,,0.00,Y,Four-Way,N,Intersection,None,,,         ,Coleman,McKellar,,Front to Rear,no,no,no,no,no,False
102856077,METROPOLITAN NASHVILLE POLICE DEPT,20200764613,Davidson,Nashville,12/13/2020 3:56:00 AM,1,0,0,36.035140,-86.706840,CEDARMONT DR,,,,272.00,Feet,North,CEDARVIEW DR,,,,0.00,N,Not at Intersection,N,Non-Junction,None,,,         ,Douglas,Meringer,,Not Collision with Motor Vehicle in Transport,no,no,no,no,yes,False
102856078,METROPOLITAN NASHVILLE POLICE DEPT,20200764371,Davidson,Nashville,12/13/2020 1:03:00 AM,2,0,0,36.116420,-86.725030,GLENROSE AVE,,,,286.00,Feet,East,MALDEN DR,,,,0.00,N,Not at Intersection,N,Non-Junction,None,,,         ,Thomas,Broatch,,Angle,no,no,no,no,yes,False