master_record_number,agency,agency_tracking_number,county,city,collision_date,vehicles_involved,number_injured,number_dead,latitude,longitude,roadway_name,roadway_suffix,roadway_number,roadway_local_id,distance_from_reference,miles-feet_indicator,direction_from_reference,intersection_road_name,intersection_road_name_suffix,intersection_road_number,intersection_local_id,mile_marker,intersection_indicator,intersect_type,interchange_related_indicator,relation_to_junction,work_zone_type,construction_maintenance_zone,construction_maintenance_zone_location,fatal_case_number,officer_first_name,officer_last_name,weather_condition(s),manner_of_crash,pedestrian,bicycle,scooter,parking,hitrun,mou
102856911,METROPOLITAN NASHVILLE POLICE DEPT,20200766719,Davidson,Nashville,12/14/2020 11:18:00 AM,2,0,0,36.129870,-86.839100,HARDING PKE,,,,140.00,Feet,West,MONTGOMERY BELL AV,,,,0.00,N,Not at Intersection, ,Non-Junction,None,,,         ,Curtis,Rich,Cloudy,Front to Rear,no,no,no,no,no,False
102856924,METROPOLITAN NASHVILLE POLICE DEPT,20200766755,Davidson,Nashville,12/14/2020 11:31:00 AM,2,0,0,36.157300,-86.792880,CHURCH ST,,,,75.00,Feet,West,15TH AVN,,,,0.00,N,Not at Intersection, ,Non-Junction,None,,,         ,Earl,Davis,,Front to Rear,no,no,no,no,no,False
102856932,METROPOLITAN NASHVILLE POLICE DEPT,20200766784,Davidson,Nashville,12/14/2020 11:45:00 AM,2,0,0,36.154510,-86.815630,CHARLOTTE AV,,,,0.00,,,26TH AVN,,,,0.00,Y,T-Intersection, ,Intersection-Related,None,,,         ,Earl,Davis,,Front to Rear,no,no,no,no,no,False
102856933,METROPOLITAN NASHVILLE POLICE DEPT,20200766759,Davidson,Nashville,12/14/2020 11:30:00 AM,2,0,0,36.214130,-86.730760,GALLATIN PKE,,,,0.00,,,GILLOCK ST,,,,0.00,Y,T-Intersection, ,Intersection,None,,,         ,Brandon,Evans,,Angle,no,no,no,no,no,False
102856947,METROPOLITAN NASHVILLE POLICE DEPT,20200766824,Davidson,Nashville,12/14/2020 12:15:00 PM,2,0,0,36.086570,-86.771490,HARDING PL,,,,140.00,Feet,East,FRANKLIN PKE,,,,0.00,N,Not at Intersection, ,Non-Junction,None,,,         ,John,Robish,,Front to Rear,no,no,no,no,no,False
102856954,METROPOLITAN NASHVILLE POLICE DEPT,20200766714,Davidson,Nashville,12/14/2020 11:00:00 AM,2,0,0,36.222240,-86.761470,DICKERSON PKE,,,,212.00,Feet,North,HART LN,,,,0.00,N,Not at Intersection,N,Non-Junction,None,,,         ,Ian,Wilson,Clear,Front to Rear,no,no,no,yes,yes,False
102856980,METROPOLITAN NASHVILLE POLICE DEPT,20200766815,Davidson,Nashville,12/14/2020 12:19:00 PM,1,0,0,36.205040,-86.756550,E TRINITY LN,,,,315.00,Feet,East,JONES AV,,,,0.00,N,Not at Intersection,N,Non-Junction,None,,,         ,Michael,Intrieri,,Not Collision with Motor Vehicle in Transport,no,no,no,no,no,False
102856996,METROPOLITAN NASHVILLE POLICE DEPT,2020-0763335,Davidson,Nashville,12/12/2020 11:30:00 AM,2,0,0,36.220070,-86.751500,HART LN,,,,653.00,Feet,East,WHITNEY PARK DR,,,,0.00,N,Not at Intersection,N,Non-Junction,None,,,         ,Sean,Williams,,"Sideswipe, Same Direction",no,no,no,no,no,False
102857006,METROPOLITAN NASHVILLE POLICE DEPT,20200766855,Davidson,Antioch,12/14/2020 12:42:00 PM,2,1,0,36.049310,-86.600000,HOBSON PKE,,,,0.00,,,PIN HOOK RD,,,,0.00,Y,Four-Way,N,Intersection-Related,None,,,         ,Joe,Hooper,,Front to Rear,no,no,no,no,yes,False
102857010,METROPOLITAN NASHVILLE POLICE DEPT,20200766876,Davidson,Nashville,12/14/2020 12:25:00 PM,2,0,0,36.206420,-86.775560,W TRINITY LN,,,,80.00,Feet,East,I65 N ENT RAMP,,,,0.00,N,Not at Intersection,N,Non-Junction,None,,,         ,Jedidayah,Merriweather,Cloudy,Front to Rear,no,no,no,no,yes,False
102857061,METROPOLITAN NASHVILLE POLICE DEPT,20200766777,Davidson,Nashville,12/14/2020 10:01:00 AM,2,0,0,36.026790,-86.712730,LORDS CHAPEL DR,,,,0.00,,,NOLENSVILLE PKE,,,,0.00,Y,T-Intersection, ,Non-Junction,None,,,         ,Gregory,Dixon,,Front to Rear,no,no,no,no,no,False
102857110,METROPOLITAN NASHVILLE POLICE DEPT,20200767110,Davidson,Nashville,12/14/2020 3:31:00 PM,2,0,0,36.158780,-86.774150,3RD AVS,,,,0.00,,,MOLLOY ST,,,,0.00,Y,T-Intersection, ,Intersection,None,,,         ,Joshua,Reece,Clear,Angle,no,no,no,no,no,False
102857111,METROPOLITAN NASHVILLE POLICE DEPT,20200767106,Davidson,Nashville,12/14/2020 1:30:00 PM,2,0,0,36.205910,-86.771110,LUCAS LN,,,,61.00,Feet,South,W TRINITY LN,,,,0.00,N,Not at Intersection, ,,None,,,         ,Sarah,Cartwright,,,no,no,no,no,no,False
102857116,METROPOLITAN NASHVILLE POLICE DEPT,20200767056,Davidson,Nashville,12/14/2020 1:49:00 PM,2,0,0,36.044690,-86.650660,CROSSINGS BLVD,,,,120.00,Feet,East,HICKORY HOLLOW PKWY,,,,0.00,N,Not at Intersection,N,Non-Junction,None,,,         ,Edward,Starke,,"Sideswipe, Same Direction",no,no,no,no,no,False
102857123,METROPOLITAN NASHVILLE POLICE DEPT,20200767119,Davidson,Nashville,12/14/2020 3:25:00 PM,2,0,0,36.157790,-86.784660,US HWY 70,,,,158.00,Feet,West,10TH AVE N,,,,0.00,N,Not at Intersection,N,Non-Junction,None,,,         ,Brent,Morris,Cloudy,"Sideswipe, Same Direction",no,no,no,no,no,False
102857130,VANDERBILT UNIVERSITY POLICE,20200767115,Davidson,Nashville,12/14/2020 11:30:00 AM,1,0,0,36.139450,-86.804410,CHILDRENS WAY,,,,0.00,,,,,,,0.00,,, ,,None,,,         ,Edwin,Melgar,,,no,no,no,yes,no,Campus
102857137,METROPOLITAN NASHVILLE POLICE DEPT,20200767285,Davidson,Not in City Limit,12/14/2020 4:55:00 PM,2,0,0,36.261150,-86.757610,DICKERSON PKE,,,,0.00,,,TUCKAHOE DR,,,,0.00,Y,T-Intersection,N,Intersection,None,,,         ,Christopher,Littles,Clear,Angle,no,no,no,no,no,False
102857143,METROPOLITAN NASHVILLE POLICE DEPT,20200767334,Davidson,Nashville,12/14/2020 4:26:00 PM,2,0,0,36.022260,-86.629540,I 24,,,,0.00,,,,,,,61.85,N,Not at Intersection,N,Non-Junction,None,,,         ,Edward,Starke,,Front to Rear,no,no,no,no,yes,False
102857147,METROPOLITAN NASHVILLE POLICE DEPT,20200767340,Davidson,Not in City Limit,12/14/2020 5:26:00 PM,2,0,0,36.085950,-86.946340,I 40,,,,0.00,,,,,,,197.00,N,Not at Intersection, ,Non-Junction,None,,,         ,Eric,Westbrook,Clear,Front to Rear,no,no,no,no,no,False
102857155,METROPOLITAN NASHVILLE POLICE DEPT,20200765664,Davidson,Nashville,12/13/2020 9:04:00 PM,1,1,0,36.172790,-86.801970,I 40,,,,0.00,,,,,,,207.70,N,Not at Intersection,N,Non-Junction,None,,,         ,Anna,Clayton,Rain,Unknown,no,no,no,no,no,False
102857159,METROPOLITAN NASHVILLE POLICE DEPT,20200767373,Davidson,Nashville,12/14/2020 5:45:00 PM,2,0,0,36.215910,-86.597660,ANDREW JACKSON PKWY,,,,285.00,Feet,North,LEBANON PKE,,,,0.00,N,Not at Intersection,N,Non-Junction,None,,,         ,Heather,Fox,,"Sideswipe, Same Direction",no,no,no,no,yes,False
102857163,METROPOLITAN NASHVILLE POLICE DEPT,20200767405,Davidson,Goodlettsville,12/14/2020 5:42:00 PM,2,0,0,36.287740,-86.725730,I 65,,,,0.00,,,,,,,94.00,N,Not at Intersection,N,Non-Junction,None,,,         ,Christopher,Littles,Cloudy,Front to Rear,no,no,no,no,no,False
102857167,METROPOLITAN NASHVILLE POLICE DEPT,20200767423,Davidson,Nashville,12/14/2020 5:20:00 PM,2,0,0,36.130220,-86.900210,CHARLOTTE PKE,,,,83.00,Feet,West,I40 W EXT RAMP,,,,0.00,N,Not at Intersection,N,Non-Junction,None,,,         ,Brian,DeMarce,Clear,Front to Rear,no,no,no,no,yes,False
102857184,METROPOLITAN NASHVILLE POLICE DEPT,20200767512,Davidson,Nashville,12/14/2020 6:50:00 PM,3,0,0,36.116710,-86.923250,CHARLOTTE PKE,,,,0.00,,,OLD HICKORY BLVD,,,,0.00,Y,Four-Way,Y,Intersection,None,,,         ,Brian,DeMarce,Clear,Angle,no,no,no,no,yes,False
102857185,METROPOLITAN NASHVILLE POLICE DEPT,20200767564,Davidson,Not in City Limit,12/14/2020 7:57:00 PM,3,0,0,36.265490,-86.739870,OLD HICKORY BLVDW,,,,0.00,,,I65 S EXT RAMP,,,,0.00,Y,T-Intersection,N,Entrance/Exit Ramp Related,None,,,         ,Christopher,Littles,Cloudy,HeadOn,no,no,no,no,no,False
102857196,METROPOLITAN NASHVILLE POLICE DEPT,20200767386,Davidson,Nashville,12/14/2020 5:54:00 PM,2,0,0,36.191020,-86.798950,VANTAGE WAY CT,,,,0.00,,,VANTAGE WAY,,,,0.00,Y,Four-Way,N,Intersection,None,,,         ,Jonathan,Sharp,,Angle,no,no,no,no,no,False
102857211,METROPOLITAN NASHVILLE POLICE DEPT,20200767632,Davidson,Not in City Limit,12/14/2020 8:09:00 PM,2,0,0,36.262370,-86.681060,E OLD HICKORY BLVD,,,,0.00,,,RIO VISTA DR,,,,0.00,Y,T-Intersection,N,Intersection,None,,,         ,Christopher,Littles,,"Sideswipe, Opposite Direction",no,no,no,no,yes,False
102857224,METROPOLITAN NASHVILLE POLICE DEPT,20200767319,Davidson,Nashville,12/14/2020 5:10:00 PM,2,0,0,36.155940,-86.789490,I 40,,,,0.00,,,,,,,209.15,N,Not at Intersection,Y,Entrance/Exit Ramp Related,None,,,         ,Savannah,Starbuck,,Front to Rear,no,no,no,no,no,False
102857235,METROPOLITAN NASHVILLE POLICE DEPT,20200767218,Davidson,Nashville,12/14/2020 4:24:00 PM,2,0,0,36.085140,-86.728430,NOLENSVILLE PKE,,,,130.00,Feet,North,PARAGON MILLS RD,,,,0.00,N,Not at Intersection, ,,None,,,         ,Sierra,Walker,,,no,no,no,no,no,False
102857239,METROPOLITAN NASHVILLE POLICE DEPT,20200767679,Davidson,Nashville,12/14/2020 9:10:00 PM,2,0,0,36.163450,-86.787620,CHARLOTTE AV,,,,61.00,Feet,East,10TH AVN,,,,0.00,N,Not at Intersection, ,Non-Junction,Construction Zone,,,         ,Gabriel,Vasquez,Clear,Front to Rear,no,no,no,no,no,False
102857274,METROPOLITAN NASHVILLE POLICE DEPT,20200767680,Davidson,Nashville,12/14/2020 9:11:00 PM,2,0,0,36.161620,-86.760460,I 24,,,,0.00,,,,,,,49.40,N,Not at Intersection,N,Non-Junction,None,,,         ,Jonathan,Foote,,"Sideswipe, Same Direction",no,no,no,no,yes,False
102857277,METROPOLITAN NASHVILLE POLICE DEPT,2020-0763187,Davidson,Nashville,12/12/2020 9:55:00 AM,2,1,0,36.213060,-86.697680,OPRYLAND DR,,,,0.00,,,OPRY MILLS DR,,,,0.00,Y,T-Intersection,N,Non-Junction,None,,,         ,Frank,Walker,,Angle,no,no,no,yes,no,False
102857291,METROPOLITAN NASHVILLE POLICE DEPT,20200767712,Davidson,Nashville,12/14/2020 9:51:00 PM,2,0,0,36.236180,-86.627290,OLD HICKORY BLVD,,,,14.00,Feet,South,FIELDS DR,,,,0.00,N,Not at Intersection, ,Non-Junction,None,,,         ,Melina,Tamborella,,Front to Rear,no,no,no,no,no,False
102857293,METROPOLITAN NASHVILLE POLICE DEPT,20200767676,Davidson,Nashville,12/14/2020 9:18:00 PM,2,0,0,36.190030,-86.834610,DOAK AV,,,,4.00,Feet,North,S HAMILTON RD,,,,0.00,N,Not at Intersection, ,Non-Junction,None,,,         ,Wesley,Carver,Clear,Angle,no,no,no,no,no,False
102857297,METROPOLITAN NASHVILLE POLICE DEPT,20200767738,Davidson,Nashville,12/14/2020 10:14:00 PM,1,1,0,36.251090,-86.718250,GALLATIN PKES,,,,13.00,Feet,South,BRINK HAVEN AV,,,,0.00,N,Not at Intersection,N,Non-Junction,None,,,         ,Christopher,Littles,,Not Collision with Motor Vehicle in Transport,no,no,no,no,no,False
102857306,METROPOLITAN NASHVILLE POLICE DEPT,20200767748,Davidson,Nashville,12/14/2020 10:11:00 PM,2,0,0,36.169700,-86.673460,LEBANON PKE,,,,0.00,,,,,,,0.00,,,N,Non-Junction,None,,,         ,Joseph,Simon,,Front to Rear,no,no,no,yes,yes,False
102857314,GOODLETTSVILLE POLICE DEPT,20-36598,Davidson,Goodlettsville,12/14/2020 9:30:00 PM,1,2,0,36.297490,-86.738180,OLD DICKERSON PKE,,,,777.00,Feet,North,SOLITUDE CIR,,,,0.00,N,Not at Intersection,N,Non-Junction,None,,,         ,Zachary,Scannell,Clear,Not Collision with Motor Vehicle in Transport,no,no,no,no,no,False
102857323,METROPOLITAN NASHVILLE POLICE DEPT,20200767839,Davidson,Nashville,12/14/2020 8:00:00 PM,2,0,0,36.170800,-86.600490,I40 W EXT RAMP,,,,0.00,Feet,East,I 40,,,,0.00,N,Not at Intersection,N,Non-Junction,None,,,         ,Clayton,Smith,,Front to Rear,no,no,no,yes,yes,False
102857341,METROPOLITAN NASHVILLE POLICE DEPT,20200767970,Davidson,Nashville,12/15/2020 12:52:00 AM,2,0,0,36.093040,-86.645610,LONGHUNTER,LN,,,0.00,Feet,,VILLAGE HILLS,DR,,,0.00,Y,T-Intersection,N,Intersection,None,,,         ,Corey,Ethridge,,Angle,no,no,no,no,no,False
102857346,METROPOLITAN NASHVILLE POLICE DEPT,20200768098,Davidson,Antioch,12/15/2020 1:45:00 AM,2,0,0,36.015360,-86.617490,GOULD BLVD,,,,0.00,,,,,,,0.00,,,N,Non-Junction,None,,,         ,Luke,Steigerwalt,Clear,"Sideswipe, Same Direction",no,no,no,no,yes,False
102857398,METROPOLITAN NASHVILLE POLICE DEPT,20200768377,Davidson,Nashville,12/15/2020 1:28:00 AM,1,0,0,36.159500,-86.614780,BELL RD,,,,1459.00,Feet,South,DODSON CHAPEL RD,,,,0.00,N,Not at Intersection, ,Non-Junction,None,,,         ,Michael,Dance,,Not Collision with Motor Vehicle in Transport,no,no,no,no,no,False
102857409,METROPOLITAN NASHVILLE POLICE DEPT,20200769338,Davidson,Nashville,12/15/2020 5:50:00 AM,2,0,0,36.154890,-86.779150,KOREAN VETERANS BLVD,,,,0.00,,,8TH AVS,,,,0.00,Y,Traffic Circle,N,Intersection,None,,,         ,Erik,Wagner,Clear,Front to Rear,no,no,no,no,yes,False
102857437,GOODLETTSVILLE POLICE DEPT,20-36224,Davidson,Goodlettsville,12/10/2020 5:14:00 PM,2,0,0,36.324440,-86.701290,CONFERENCE DR,,,,281.00,Feet,South,LONG HOLLOW PKE,,,,0.00,N,Not at Intersection, ,Non-Junction,None,,,         ,Hannah,Poole,Clear,Angle,no,no,no,no,yes,False
102857459,VANDERBILT UNIVERSITY POLICE,20200768536,Davidson,Nashville,12/15/2020 8:05:00 AM,1,0,0,36.150320,-86.799740,TERRACE PL,,,,0.00,,,,,,,0.00,,,N,Non-Junction,None,,,         ,Christopher,Dion,Clear,Not Collision with Motor Vehicle in Transport,no,no,no,yes,no,Campus
102857487,METROPOLITAN NASHVILLE POLICE DEPT,20200768555,Davidson,Nashville,12/15/2020 9:06:00 AM,2,2,0,36.149320,-86.763880,LAFAYETTE ST,,,,449.00,Feet,West,CHARLES E DAVIS BLVD,,,,0.00,N,Not at Intersection,N,Non-Junction,None,,,         ,Joe,Hooper,Clear,"Sideswipe, Opposite Direction",no,no,no,no,no,False
102857490,METROPOLITAN NASHVILLE POLICE DEPT,20200768553,Davidson,Nashville,12/15/2020 12:00:00 AM,2,0,0,36.194630,-86.764500,STAINBACK AV,,,,329.00,Feet,North,DOUGLAS AV,,,,0.00,N,Not at Intersection, ,Non-Junction,None,,,         ,Brandon,Evans,Clear,"Sideswipe, Same Direction",no,no,no,no,no,False
102857497,METROPOLITAN NASHVILLE POLICE DEPT,20200768659,Davidson,Nashville,12/15/2020 9:59:00 AM,2,0,0,36.169930,-86.593590,I 40,,,,0.00,,,,,,,221.25,N,Not at Intersection, ,Non-Junction,None,,,         ,Michael,Dance,,"Sideswipe, Same Direction",no,no,no,no,no,False
102857507,METROPOLITAN NASHVILLE POLICE DEPT,20200768644,Davidson,Nashville,12/15/2020 12:00:00 AM,1,0,0,36.095870,-86.737320,WHEELER AV,,,,50.00,Feet,East,NOLENSVILLE PKE,,,,0.00,N,Not at Intersection,N,Non-Junction,None,,,         ,James,Thomas,Unknown,Unknown,no,no,no,yes,yes,False
102857511,METROPOLITAN NASHVILLE POLICE DEPT,20200768638,Davidson,Nashville,12/15/2020 10:09:00 AM,2,0,0,36.106370,-86.742880,NOLENSVILLE PKE,,,,0.00,,,MORTON AV,,,,0.00,Y,Four-Way,N,Intersection,None,,,         ,Joe,Hooper,Clear,Angle,no,no,no,no,no,False
102857525,METROPOLITAN NASHVILLE POLICE DEPT,20200768603,Davidson,Nashville,12/15/2020 9:40:00 AM,2,0,0,36.236730,-86.760650,I 65,,,,0.00,,,,,,,89.80,N,Not at Intersection,N,Non-Junction,None,,,         ,Jeremy,Arnold,Clear,"Sideswipe, Same Direction",no,no,no,no,yes,False
102857530,METROPOLITAN NASHVILLE POLICE DEPT,20200768679,Davidson,Nashville,12/15/2020 10:25:00 AM,2,0,0,36.115920,-86.798620,BATTLEFIELD DR,,,,0.00,,,BELMONT BLVD,,,,0.00,Y,Four-Way,N,Intersection-Related,None,,,         ,John,Robish,,Front to Rear,no,no,no,no,yes,False
102857536,METROPOLITAN NASHVILLE POLICE DEPT,20200768586,Davidson,Goodlettsville,12/15/2020 9:25:00 AM,3,0,0,36.287410,-86.705150,GALLATIN PKEN,,,,239.00,Feet,North,EDENWOLD RD,,,,0.00,N,Not at Intersection,N,Non-Junction,None,,,         ,Craig,Paschetti,Cloudy,Front to Rear,no,no,no,no,yes,False
102857544,METROPOLITAN NASHVILLE POLICE DEPT,20200768795,Davidson,Nashville,12/15/2020 11:30:00 AM,2,1,0,36.122090,-86.807160,I440 E ENT RAMP,,,,0.00,,,I 440,,,,0.00,Y,T-Intersection,N,Entrance/Exit Ramp Related,None,,,         ,Curtis,Rich,Clear,Front to Rear,no,no,no,no,no,False
102857552,METROPOLITAN NASHVILLE POLICE DEPT,20200768841,Davidson,Not in City Limit,12/15/2020 12:07:00 PM,2,0,0,36.269380,-86.689880,ROOSEVELT AV,,,,0.00,,,MYATT DR,,,,0.00,Y,Four-Way,N,Intersection,None,,,         ,Michelle,Steidl,Clear,Angle,no,no,no,no,no,False
102857554,METROPOLITAN NASHVILLE POLICE DEPT,20200768812,Davidson,Nashville,12/15/2020 11:49:00 AM,2,0,0,36.060080,-86.852360,HILLSBORO PKE,,,,335.00,Feet,North,CROMWELL DR,,,,0.00,N,Not at Intersection, ,Non-Junction,None,,,         ,Earl,Davis,,Front to Rear,no,no,no,no,no,False
102857557,METROPOLITAN NASHVILLE POLICE DEPT,20200768788,Davidson,Nashville,12/15/2020 11:38:00 AM,2,1,0,36.121350,-86.708870,WINTHORNE CT,,,,246.00,Feet,West,WINTHORNE DR,,,,0.00,N,Not at Intersection,N,Non-Junction,None,,,         ,Joe,Hooper,Clear,Angle,no,no,no,no,no,False
102857558,METROPOLITAN NASHVILLE POLICE DEPT,20200768779,Davidson,Nashville,12/15/2020 11:18:00 AM,2,0,0,36.138790,-86.700130,BRILEY PKWYN,,,,261.00,Feet,South,BRILEY PKWY,,,,0.00,N,Not at Intersection, ,Non-Junction,None,,,         ,Lucas,Thomas,Clear,Front to Rear,no,no,no,no,no,False
102857562,METROPOLITAN NASHVILLE POLICE DEPT,20200768791,Davidson,Nashville,12/15/2020 11:29:00 AM,2,0,0,36.153880,-86.801190,20TH AVN,,,,0.00,,,STATE ST,,,,0.00,Y,T-Intersection, ,Intersection,None,,,         ,Earl,Davis,,Angle,no,no,no,no,no,False
102857577,METROPOLITAN NASHVILLE POLICE DEPT,20200768844,Davidson,Nashville,12/15/2020 11:50:00 AM,2,0,0,36.110970,-86.767210,POWELL AV,,,,9.00,Feet,North,OLD POWELL AV,,,,0.00,N,Not at Intersection, ,Non-Junction,None,,,         ,John,Robish,,Angle,no,no,no,no,no,False
102857590,METROPOLITAN NASHVILLE POLICE DEPT,20200768853,Davidson,Nashville,12/15/2020 12:17:00 PM,1,1,0,36.200740,-86.627810,PLANTATION DR,,,,0.00,,,BONNAVILLE DR,,,,0.00,Y,T-Intersection,N,Intersection,None,,,         ,Michael,Dance,Clear,Not Collision with Motor Vehicle in Transport,no,no,no,no,yes,False
102857593,METROPOLITAN NASHVILLE POLICE DEPT,20200768882,Davidson,Nashville,12/15/2020 11:29:00 AM,2,0,0,36.153910,-86.799810,CHURCH ST,,,,350.00,Feet,West,19TH AVN,,,,0.00,N,Not at Intersection,N,Non-Junction,None,,,         ,Earl,Davis,,Front to Rear,no,no,no,no,yes,False
102857652,METROPOLITAN NASHVILLE POLICE DEPT,20200768826,Davidson,Nashville,12/15/2020 11:55:00 AM,1,0,0,36.210140,-86.765860,DICKERSON PKE,,,,181.00,Feet,North,MARTIN AV,,,,0.00,N,Not at Intersection,N,Non-Junction,None,,,         ,Lindsey,Anderson,Clear,Not Collision with Motor Vehicle in Transport,no,no,no,no,no,False
102857666,METROPOLITAN NASHVILLE POLICE DEPT,2020-0768955,Davidson,Nashville,12/15/2020 1:00:00 PM,2,1,0,36.249320,-86.743700,OLD DUE WEST AVE,,,,144.00,Feet,West,CHANNING DR,,,,0.00,N,Not at Intersection,N,Non-Junction,None,,,         ,Travis,Baxter,Clear,HeadOn,no,no,no,no,no,False
102857671,METROPOLITAN NASHVILLE POLICE DEPT,20200768855,Davidson,Nashville,12/15/2020 11:20:00 AM,2,0,0,36.159610,-86.796260,CHARLOTTE AV,,,,0.00,,,16TH AVN,,,,0.00,Y,Four-Way, ,Intersection,None,,,         ,Nicholas,Kiraly,Clear,Angle,no,no,no,no,no,False
102857673,METROPOLITAN NASHVILLE POLICE DEPT,20200768832,Davidson,Nashville,12/15/2020 12:04:00 PM,3,0,0,36.163530,-86.762360,I 24,,,,0.00,,,,,,,49.20,N,Not at Intersection,N,Non-Junction,None,,,         ,Matthew,Hogan,,"Sideswipe, Same Direction",no,no,no,no,yes,False
102857676,METROPOLITAN NASHVILLE POLICE DEPT,20200768932,Davidson,Madison,12/15/2020 12:34:00 PM,2,0,0,36.263950,-86.742510,PORT DR,,,,0.00,,,WESTCHESTER DR,,,,0.00,Y,Four-Way,N,Intersection,None,,,         ,Ruben,Mariano,,Angle,no,no,no,no,no,False
102857679,METROPOLITAN NASHVILLE POLICE DEPT,20200768925,Davidson,Not in City Limit,12/15/2020 12:36:00 PM,2,0,0,36.321890,-86.867730,WHITES CREEK PKE,,,,65.00,Feet,South,I24 E EXT RAMP,,,,0.00,N,Not at Intersection,N,Non-Junction,None,,,         ,Jedidayah,Merriweather,Cloudy,Angle,no,no,no,yes,yes,False
102857711,METROPOLITAN NASHVILLE POLICE DEPT,20200769075,Davidson,Hermitage,12/15/2020 2:10:00 PM,2,0,0,36.097750,-86.553890,HOBSON PKE,,,,52.00,Feet,North,COUCHVILLE PKE,,,,0.00,N,Not at Intersection,N,Non-Junction,None,,,         ,Joe,Hooper,,"Sideswipe, Opposite Direction",no,no,no,no,no,False
102857718,METROPOLITAN NASHVILLE POLICE DEPT,20200769040,Davidson,Nashville,12/15/2020 12:47:00 PM,2,0,0,36.167660,-86.815630,I 40,,,,0.00,,,,,,,206.75,N,Not at Intersection, ,Non-Junction,None,,,         ,Royce,McLester,,"Sideswipe, Same Direction",no,no,no,no,no,False
102857719,WILLIAMSON CO SHERIFFS OFFICE,2027143,Davidson,Nashville,12/15/2020 1:30:00 PM,1,0,0,36.029510,-86.876240,HILLSBORO RD,,,,651.00,Feet,South,MURRAY LN,,,,0.00,N,Not at Intersection, ,Non-Junction,Construction Zone,,,         ,Greg,Wilhelm,Cloudy,Not Collision with Motor Vehicle in Transport,no,no,no,no,no,False
102857720,METROPOLITAN NASHVILLE POLICE DEPT,20200769094,Davidson,Nashville,12/15/2020 2:15:00 PM,2,0,0,36.054150,-86.719930,GREEN LEAF DR,,,,0.00,,,BREWER DR,,,,0.00,Y,Four-Way,N,Non-Junction,None,,,         ,Ryan,Papp,,Front to Rear,no,no,no,no,no,False
102857759,METROPOLITAN NASHVILLE POLICE DEPT,20200769214,Davidson,Nashville,12/15/2020 2:28:00 PM,2,0,0,36.053060,-86.654610,HICKORY HOLLOW MALL PVTDR PL,,,,514.00,Feet,West,MT VIEW RD,,,,0.00,N,Not at Intersection,N,Non-Junction,None,,,         ,Edward,Starke,Clear,Unknown,no,no,no,yes,yes,False
102857784,METROPOLITAN NASHVILLE POLICE DEPT,20200733894,Davidson,Nashville,11/28/2020 12:22:00 AM,2,2,0,36.171930,-86.945800,RIVER ROAD PKE,,,,0.93,Miles,North,LAKEVIEW DR,,,,0.00,N,Not at Intersection,N,Non-Junction,None,,,         ,Christopher,Augustin,Cloudy,Front to Rear,no,no,no,no,no,False
102857801,METROPOLITAN NASHVILLE POLICE DEPT,20200769223,Davidson,Nashville,12/15/2020 1:05:00 PM,2,0,0,36.160510,-86.801870,DR D B TODD JR BLVD,,,,0.00,,,JO JOHNSTON AV,,,,0.00,Y,Four-Way, ,,None,,,         ,Chase,Harriman,,,no,no,no,no,no,False
102857819,METROPOLITAN NASHVILLE POLICE DEPT,20200769303,Davidson,Nashville,12/15/2020 3:57:00 PM,1,0,0,36.152330,-86.725730,LEBANON PKE,,,,1331.00,Feet,West,SPENCE LN,,,,0.00,N,Not at Intersection,N,Non-Junction,None,,,         ,Joseph,Simon,,Not Collision with Motor Vehicle in Transport,no,no,no,yes,yes,False
102857822,METROPOLITAN NASHVILLE POLICE DEPT,20200769249,Davidson,Not in City Limit,12/15/2020 12:00:00 AM,2,0,0,36.321360,-86.852390,I 24,,,,0.00,,,,,,,35.85,N,Not at Intersection,N,Non-Junction,None,,,         ,Melvin,Taylor,,"Sideswipe, Same Direction",no,no,no,no,yes,False
102857836,METROPOLITAN NASHVILLE POLICE DEPT,20200769316,Davidson,Nashville,12/15/2020 4:01:00 PM,2,0,0,36.084830,-86.728190,NOLENSVILLE PKE,,,,0.00,,,PARAGON MILLS RD,,,,0.00,Y,T-Intersection,N,Intersection-Related,None,,,         ,Edward,Starke,Clear,Angle,no,no,no,no,no,False
102857837,METROPOLITAN NASHVILLE POLICE DEPT,20200769173,Davidson,Nashville,12/15/2020 3:00:00 PM,2,1,0,36.189590,-86.627330,LEBANON PKE,,,,768.00,Feet,East,HICKORY HILL LN,,,,0.00,N,Not at Intersection,N,Non-Junction,None,,,         ,William,Sutherland,,Angle,no,no,no,no,no,False
102857839,METROPOLITAN NASHVILLE POLICE DEPT,20200769396,Davidson,Nashville,12/15/2020 4:47:00 PM,2,0,0,36.074480,-86.920940,OLD HICKORY BLVD,,,,0.00,,,HIGHWAY 70S,,,,0.00,Y,Four-Way, ,Intersection,None,,,         ,Cody,MIller,,"Sideswipe, Same Direction",no,no,no,no,no,False
102857865,METROPOLITAN NASHVILLE POLICE DEPT,20200769464,Davidson,Not in City Limit,12/15/2020 4:54:00 PM,4,0,0,36.270210,-86.736410,I 65,,,,0.00,,,,,,,92.65,N,Not at Intersection,N,Non-Junction,None,,,         ,Kyle,Eicholtz,,Front to Rear,no,no,no,no,yes,False
102857875,METROPOLITAN NASHVILLE POLICE DEPT,20200769530,Davidson,Nashville,12/15/2020 6:00:00 PM,2,0,0,36.169460,-86.766520,I 24,,,,0.00,,,,,,,48.75,N,Not at Intersection,N,Non-Junction,None,,,         ,Christopher,Beery,Clear,Front to Rear,no,no,no,no,no,False