master_record_number,agency,agency_tracking_number,county,city,collision_date,vehicles_involved,number_injured,number_dead,latitude,longitude,roadway_name,roadway_suffix,roadway_number,roadway_local_id,distance_from_reference,miles-feet_indicator,direction_from_reference,intersection_road_name,intersection_road_name_suffix,intersection_road_number,intersection_local_id,mile_marker,intersection_indicator,intersect_type,interchange_related_indicator,relation_to_junction,work_zone_type,construction_maintenance_zone,construction_maintenance_zone_location,fatal_case_number,officer_first_name,officer_last_name,weather_condition(s),manner_of_crash,pedestrian,bicycle,scooter,parking,hitrun,mou
102857887,METROPOLITAN NASHVILLE POLICE DEPT,20200769541,Davidson,Nashville,12/15/2020 5:47:00 PM,2,0,0,36.117990,-86.768590,I 440,,,,0.00,,,,,,,5.20,N,Not at Intersection, ,,None,,,         ,John,Timm,,,no,no,no,no,no,False
102857888,METROPOLITAN NASHVILLE POLICE DEPT,20200769562,Davidson,Nashville,12/15/2020 6:24:00 PM,2,0,0,36.153510,-86.756300,I 40,,,,0.00,,,,,,,211.20,N,Not at Intersection,N,Non-Junction,None,,,         ,Randy,Puckett,Clear,Angle,no,no,no,no,yes,False
102857889,METROPOLITAN NASHVILLE POLICE DEPT,20200769495,Davidson,Nashville,12/15/2020 12:00:00 AM,3,0,0,36.124650,-86.737020,I 440,,,,0.00,,,,,,,7.00,N,Not at Intersection,N,Non-Junction,None,,,         ,John,Braun,Clear,Front to Rear,no,no,no,no,no,False
102857894,METROPOLITAN NASHVILLE POLICE DEPT,20200769383,Davidson,Goodlettsville,12/15/2020 4:41:00 PM,3,2,0,36.293140,-86.702350,GALLATIN PKEN,,,,0.00,,,RIVERGATE STATION PVTDR,,,,0.00,Y,Four-Way,N,Intersection-Related,None,,,         ,Austin,Bowles,,Front to Rear,no,no,no,no,no,False
102857897,METROPOLITAN NASHVILLE POLICE DEPT,20200769483,Davidson,Nashville,12/15/2020 3:24:00 PM,2,0,0,36.052200,-86.583740,OCEANFRONT CIRS,,,,292.00,Feet,East,OCEANFRONT CIRN,,,,0.00,N,Not at Intersection,N,Non-Junction,None,,,         ,Edward,Starke,Clear,Unknown,no,no,no,no,yes,False
102857902,METROPOLITAN NASHVILLE POLICE DEPT,20200769489,Davidson,Not in City Limit,12/15/2020 5:42:00 PM,2,2,0,36.264090,-86.736140,I65 N EXT RAMP,,,,0.00,,,I 65,,,,0.00,Y,T-Intersection,N,Intersection,None,,,         ,Christopher,Littles,,Front to Rear,no,no,no,no,no,False
102857903,METROPOLITAN NASHVILLE POLICE DEPT,20200769532,Davidson,Not in City Limit,12/15/2020 5:58:00 PM,2,0,0,36.263880,-86.736080,I65 N EXT RAMP,,,,0.00,,,OLD HICKORY BLVDW,,,,0.00,Y,T-Intersection,N,Intersection,None,,,         ,Christopher,Littles,,Front to Rear,no,no,no,no,yes,False
102857904,METROPOLITAN NASHVILLE POLICE DEPT,20200769565,Davidson,Nashville,12/15/2020 5:45:00 PM,2,1,0,36.154100,-86.837290,I 40,,,,0.00,,,,,,,205.10,N,Not at Intersection,N,Non-Junction,None,,,         ,William,Vanbergen,,Front to Rear,no,no,no,no,no,False
102857918,METROPOLITAN NASHVILLE POLICE DEPT,20200769561,Davidson,Nashville,12/15/2020 6:18:00 PM,2,0,0,36.152300,-86.797450,WEST END AV,,,,0.00,,,19TH AVN,,,,0.00,Y,Four-Way,N,Intersection-Related,None,,,         ,William,Hamblen,,Angle,no,no,no,no,yes,False
102857928,METROPOLITAN NASHVILLE POLICE DEPT,20200769465,Davidson,Goodlettsville,12/15/2020 4:41:00 PM,3,0,0,36.293140,-86.702350,GALLATIN PKEN,,,,0.00,,,RIVERGATE STATION PVTDR,,,,0.00,Y,Four-Way, ,Non-Junction,None,,,         ,Austin,Bowles,,Front to Rear,no,no,no,no,no,False
102857934,METROPOLITAN NASHVILLE POLICE DEPT,20200769616,Davidson,Not in City Limit,12/15/2020 6:54:00 PM,2,1,0,35.994930,-86.687180,NOLENSVILLE RD,,,,123.00,Feet,West,SOUTHPOINT PKWY,,,,0.00,N,Not at Intersection,N,Non-Junction,None,,,         ,Edward,Starke,,Front to Rear,no,no,no,no,yes,False
102857935,METROPOLITAN NASHVILLE POLICE DEPT,20200769504,Davidson,Nashville,12/15/2020 5:45:00 PM,2,2,0,36.165120,-86.602780,BELL RD,,,,0.00,,,MILLS RD,,,,0.00,Y,T-Intersection,N,Intersection,None,,,         ,Nathaniel,Jones,,Angle,no,no,no,no,no,False
102857945,METROPOLITAN NASHVILLE POLICE DEPT,20200769579,Davidson,Nashville,12/15/2020 6:39:00 PM,2,1,0,36.199750,-86.689130,OPRY MILLS DR,,,,216.00,Feet,West,BRILEY PKWYS,,,,0.00,N,Not at Intersection,N,Non-Junction,None,,,         ,Andrew,Richey,Clear,Front to Rear,no,no,no,no,no,False
102857948,METROPOLITAN NASHVILLE POLICE DEPT,20200769583,Davidson,Nashville,12/15/2020 6:00:00 PM,2,0,0,36.064630,-86.628300,MURFREESBORO PKE,,,,81.00,Feet,South,HAMILTON CHURCH RD,,,,0.00,N,Not at Intersection, ,Non-Junction,None,,,         ,Michael,Russell,,"Sideswipe, Same Direction",no,no,no,no,no,False
102857965,METROPOLITAN NASHVILLE POLICE DEPT,20200769759,Davidson,Not in City Limit,12/15/2020 8:44:00 PM,2,1,0,36.264150,-86.691470,STATE RT 45,,,,0.00,,,MCARTHUR DR,,,,0.00,Y,Four-Way,N,Intersection,None,,,         ,Christopher,Littles,,HeadOn,no,no,no,no,no,False
102857966,VANDERBILT UNIVERSITY POLICE,200769609,Davidson,Nashville,12/15/2020 7:09:00 PM,2,0,0,36.138840,-86.800590,CAPERS AV,,,,0.00,,,21ST AVS,,,,0.00,Y,T-Intersection, ,,None,,,         ,Robert,Gibson,,,no,no,no,no,no,Campus
102857969,METROPOLITAN NASHVILLE POLICE DEPT,20200762336,Davidson,Nashville,12/11/2020 9:17:00 PM,1,0,1,36.082610,-86.727250,NOLENSVILLE PKE,,,,0.00,,,WELSHWOOD DR,,,,0.00,Y,T-Intersection,N,Intersection,None,,,         ,Christopher,Valdez,Clear,Not Collision with Motor Vehicle in Transport,yes,no,no,no,no,False
102857970,METROPOLITAN NASHVILLE POLICE DEPT,20200769703,Davidson,Nashville,12/15/2020 8:00:00 PM,3,1,0,36.044880,-86.667830,BELL RD,,,,162.00,Feet,East,BEECHWOOD TER,,,,0.00,N,Not at Intersection,N,Non-Junction,None,,,         ,Cooper,HIll,,Front to Rear,no,no,no,no,yes,False
102858002,METROPOLITAN NASHVILLE POLICE DEPT,20200769622,Davidson,Nashville,12/15/2020 5:15:00 PM,2,2,0,36.182520,-86.797680,ROSA L PARKS BLVD,,,,0.00,,,I65 N EXT RAMP,,,,0.00,Y,Y-Intersection,Y,Entrance/Exit Ramp Related,None,,,         ,Jonathan,Sharp,,Front to Rear,no,no,no,no,no,False
102858030,METROPOLITAN NASHVILLE POLICE DEPT,20200769748,Davidson,Nashville,12/15/2020 8:25:00 PM,2,1,0,36.185190,-86.798250,ROSA L PARKS BLVD,,,,0.00,Feet,,I65 S EXT RAMP,,,,0.00,Y,T-Intersection,N,Intersection-Related,None,,,         ,Jonathan,Sharp,,Front to Rear,no,no,no,no,yes,False
102858036,METROPOLITAN NASHVILLE POLICE DEPT,20200769861,Davidson,Nashville,12/15/2020 10:17:00 PM,2,1,0,36.092940,-86.736010,NOLENSVILLE PKE,,,,150.00,Feet,South,MCNALLY DR,,,,0.00,N,Not at Intersection,N,Non-Junction,None,,,         ,Edward,Starke,,Angle,no,no,no,no,yes,False
102858051,METROPOLITAN NASHVILLE POLICE DEPT,20200769938,Davidson,Nashville,12/15/2020 9:00:00 PM,2,0,0,36.165350,-86.800570,HERMAN ST,,,,114.00,Feet,West,16TH AVE N,,,,0.00,N,Not at Intersection, ,Non-Junction,None,,,         ,Bobby,Samuels,Rain,Angle,no,no,no,no,yes,False
102858053,METROPOLITAN NASHVILLE POLICE DEPT,20200769930,Davidson,Nashville,12/15/2020 11:10:00 PM,2,2,0,36.045600,-86.658470,I24 W EXT RAMP,,,,0.00,,,I 24,,,,0.00,Y,Four-Way,N,Intersection,None,,,         ,Alex,DiBernardo,,"Sideswipe, Opposite Direction",no,no,no,no,no,False
102858054,METROPOLITAN NASHVILLE POLICE DEPT,20200769865,Davidson,Nashville,12/15/2020 10:20:00 PM,1,2,0,36.154370,-86.762600,I 40,,,,0.00,,,,,,,210.85,N,Not at Intersection,N,Non-Junction,None,,,         ,Brenna,Hosey,Rain,Not Collision with Motor Vehicle in Transport,no,no,no,no,no,False
102858065,VANDERBILT UNIVERSITY POLICE,20200769893,Davidson,Nashville,12/15/2020 10:53:00 PM,2,0,0,36.138030,-86.800700,21ST AVS,,,,168.00,Feet,North,WEDGEWOOD AV,,,,0.00,N,Not at Intersection, ,"Driveway, Alley Access, etc",None,,,         ,Orlando,Dixson,,Other,no,no,no,no,yes,Campus
102858066,METROPOLITAN NASHVILLE POLICE DEPT,20200769882,Davidson,Nashville,12/15/2020 10:46:00 PM,2,1,0,36.110610,-86.923830,I 40,,,,0.00,,,,,,,199.20,N,Not at Intersection,N,Non-Junction,None,,,         ,Travis,Pemberton,Rain,Front to Rear,no,no,no,no,no,False
102858090,METROPOLITAN NASHVILLE POLICE DEPT,20200770262,Davidson,Nashville,12/16/2020 2:46:00 AM,3,1,0,36.116210,-86.787830,I 440,,,,0.00,,,,,,,3.90,N,Not at Intersection,N,Non-Junction,None,,,         ,Tony,Mingsing,,Front to Rear,no,no,no,no,yes,False
102858110,METROPOLITAN NASHVILLE POLICE DEPT,20200770452,Davidson,Nashville,12/16/2020 5:20:00 AM,2,1,0,36.044860,-86.668380,BEECHWOOD TER,,,,3.00,Feet,North,BELL RD,,,,0.00,N,Not at Intersection,Y,"Driveway, Alley Access, etc",None,,,         ,Luke,Steigerwalt,Rain,Angle,no,no,no,no,no,False
102858125,METROPOLITAN NASHVILLE POLICE DEPT,20200770460,Davidson,Nashville,12/16/2020 5:31:00 AM,3,1,0,36.090520,-86.703440,I 24,,,,0.00,,,,,,,55.35,N,Not at Intersection,N,Non-Junction,None,,,         ,Jose,Oliveros,"Cloudy, Rain",Front to Rear,no,no,no,no,yes,False
102858138,METROPOLITAN NASHVILLE POLICE DEPT,20200770483,Davidson,Nashville,12/16/2020 5:54:00 AM,2,0,0,36.066930,-86.686820,I 24,,,,0.00,,,,,,,57.25,N,Not at Intersection,N,Non-Junction,None,,,         ,Autumn,Manning,Rain,Front to Rear,no,no,no,no,no,False
102858139,METROPOLITAN NASHVILLE POLICE DEPT,20200770155,Davidson,Nashville,12/16/2020 12:00:00 AM,1,0,0,36.151630,-86.768550,2ND AVS,,,,50.00,Feet,West,I40 W EXT RAMP,,,,0.00,N,Not at Intersection,N,Non-Junction,None,,,         ,Amanda,Topping,,Not Collision with Motor Vehicle in Transport,no,no,no,no,yes,False
102858146,METROPOLITAN NASHVILLE POLICE DEPT,20200770488,Davidson,Nashville,12/16/2020 6:25:00 AM,3,0,0,36.095960,-86.707850,I 24,,,,0.00,,,,,,,54.90,N,Not at Intersection, ,Non-Junction,None,,,         ,Esther,Poysti,Rain,Front to Rear,no,no,no,no,no,False
102858154,METROPOLITAN NASHVILLE POLICE DEPT,2020-0770535,Davidson,Goodlettsville,12/16/2020 7:05:00 AM,2,2,0,36.301300,-86.693950,US HWY 31E,,,,309.00,Feet,East,SHEPHERD HILLS DR,,,,0.00,N,Not at Intersection,N,Non-Junction,None,,,         ,Travis,Baxter,Rain,Front to Rear,no,no,no,no,no,False
102858155,METROPOLITAN NASHVILLE POLICE DEPT,20200770492,Davidson,Nashville,12/16/2020 6:17:00 AM,2,2,0,36.149060,-86.775920,I 40,,,,0.00,,,,,,,210.10,N,Not at Intersection,N,Non-Junction,None,,,         ,Brenton,Adcox,,Front to Rear,no,no,no,no,no,False
102858161,METROPOLITAN NASHVILLE POLICE DEPT,20200770500,Davidson,Nashville,12/16/2020 6:39:00 AM,1,0,0,36.105830,-86.690800,MCGAVOCK PKE,,,,567.00,Feet,South,PARRY DR,,,,0.00,N,Not at Intersection,N,Non-Junction,None,,,         ,Joe,Hooper,Rain,Not Collision with Motor Vehicle in Transport,no,no,no,no,no,False
102858167,METROPOLITAN NASHVILLE POLICE DEPT,20200770502,Davidson,Nashville,12/16/2020 6:32:00 AM,1,0,0,36.224630,-86.774540,I 65,,,,0.00,,,,,,,88.60,N,Not at Intersection,N,Non-Junction,None,,,         ,Michael,McCord,Rain,Not Collision with Motor Vehicle in Transport,no,no,no,no,no,False
102858168,METROPOLITAN NASHVILLE POLICE DEPT,20200770521,Davidson,Nashville,12/16/2020 7:20:00 AM,2,0,0,36.202930,-86.776850,I 65,,,,0.00,,,,,,,87.10,N,Not at Intersection, ,,None,,,         ,James,Wray,,,no,no,no,no,no,False
102858171,METROPOLITAN NASHVILLE POLICE DEPT,20200770499,Davidson,Nashville,12/16/2020 12:00:00 AM,1,1,0,36.156870,-86.780840,8TH AVS,,,,0.00,Feet,,DEMONBREUN ST,,,,0.00,Y,Four-Way,Y,Intersection,None,,,         ,Amanda,Topping,,Not Collision with Motor Vehicle in Transport,yes,no,no,no,no,False
102858176,METROPOLITAN NASHVILLE POLICE DEPT,20200770510,Davidson,Nashville,12/16/2020 5:50:00 AM,2,0,0,36.079650,-86.764560,I 65,,,,0.00,,,,,,,77.65,N,Not at Intersection, ,Non-Junction,Construction Zone,,,         ,Earl,Davis,,Front to Rear,no,no,no,no,no,False
102858186,METROPOLITAN NASHVILLE POLICE DEPT,20200770551,Davidson,Not in City Limit,12/16/2020 6:53:00 AM,2,0,0,35.996870,-86.689890,NOLENSVILLE PKE,,,,0.00,,,CONCORD RD,,,,0.00,Y,Four-Way, ,Intersection,None,,,         ,Earl,Davis,,Angle,no,no,no,no,no,False
102858188,METROPOLITAN NASHVILLE POLICE DEPT,20200770638,Davidson,Nashville,12/16/2020 7:29:00 AM,2,0,0,36.086870,-86.696320,HARDING PL,,,,109.00,Feet,West,METROPLEX DR,,,,0.00,N,Not at Intersection, ,Non-Junction,None,,,         ,Joe,Hooper,Rain,Front to Rear,no,no,no,no,no,False
102858189,METROPOLITAN NASHVILLE POLICE DEPT,20200770619,Davidson,Antioch,12/16/2020 7:58:00 AM,2,0,0,36.068150,-86.596380,MT VIEW RIDGE DR,,,,0.00,,,MT VIEW RD,,,,0.00,Y,T-Intersection, ,Non-Junction,None,,,         ,Alquavious,McDaniel,"Cloudy, Rain",Front to Rear,no,no,no,no,no,False
102858192,METROPOLITAN NASHVILLE POLICE DEPT,20200770650,Davidson,Nashville,12/16/2020 8:18:00 AM,2,1,0,36.044450,-86.725250,OLD HICKORY BLVD,,,,166.00,Feet,South,AMALIE DR,,,,0.00,N,Not at Intersection,N,Non-Junction,None,,,         ,Ryan,Papp,,Angle,no,no,no,no,no,False
102858198,METROPOLITAN NASHVILLE POLICE DEPT,20200770511,Davidson,Nashville,12/16/2020 6:50:00 AM,2,1,0,36.046850,-86.679410,BELL RD,,,,0.00,,,BRITTANY PARK DR,,,,0.00,Y,Four-Way,N,Intersection-Related,None,,,         ,Lynsey,Fish,"Cloudy, Rain",Angle,no,no,no,no,no,False
102858201,METROPOLITAN NASHVILLE POLICE DEPT,20200770555,Davidson,Nashville,12/16/2020 7:35:00 AM,2,0,0,36.175810,-86.751260,RUSSELL ST,,,,125.00,Feet,East,S 10TH ST,,,,0.00,N,Not at Intersection, ,,None,,,         ,Faye,Denson,,,no,no,no,no,no,False
102858207,METROPOLITAN NASHVILLE POLICE DEPT,20200770565,Davidson,Nashville,12/16/2020 7:30:00 AM,2,1,0,36.136100,-86.726940,I24E,,,,250.00,Feet,South,I24 E ENT RAMP,,,,0.00,N,Not at Intersection,N,Non-Junction,None,,,         ,Dakota,Davis,,Front to Rear,no,no,no,no,no,False
102858213,METROPOLITAN NASHVILLE POLICE DEPT,20200770618,Davidson,Nashville,12/16/2020 7:24:00 AM,2,0,0,36.163870,-86.762730,I 24,,,,0.00,,,,,,,49.20,N,Not at Intersection,N,Non-Junction,None,,,         ,Wesley,Young,Rain,"Sideswipe, Same Direction",no,no,no,no,no,False
102858220,METROPOLITAN NASHVILLE POLICE DEPT,20200770675,Davidson,Nashville,12/16/2020 8:35:00 AM,1,0,0,36.148600,-86.775780,I 40,,,,0.00,,,,,,,210.05,N,Not at Intersection,N,Non-Junction,None,,,         ,Devin,Mabry,,Not Collision with Motor Vehicle in Transport,no,no,no,no,no,False
102858222,METROPOLITAN NASHVILLE POLICE DEPT,20200770668,Davidson,Nashville,12/16/2020 8:31:00 AM,2,0,0,36.150690,-86.767950,2ND AVS,,,,0.00,,,LAFAYETTE ST,,,,0.00,Y,OTHER, ,Intersection,None,,,         ,Michael,Dance,"Cloudy, Rain",Angle,no,no,no,no,no,False
102858232,METROPOLITAN NASHVILLE POLICE DEPT,20200770682,Davidson,Nashville,12/16/2020 8:44:00 AM,2,0,0,36.152190,-86.768910,2ND AVS,,,,65.00,Feet,South,LINDSLEY AV,,,,0.00,N,Not at Intersection, ,Non-Junction,None,,,         ,Robert,Marquez,,"Sideswipe, Same Direction",no,no,no,no,no,False
102858238,METROPOLITAN NASHVILLE POLICE DEPT,20200770700,Davidson,Nashville,12/16/2020 8:38:00 AM,2,1,0,36.061550,-86.624920,MURFREESBORO PKE,,,,1447.00,Feet,South,HAMILTON CHURCH RD,,,,0.00,N,Not at Intersection,N,Non-Junction,None,,,         ,Joe,Hooper,Rain,Front to Rear,no,no,no,no,no,False
102858242,METROPOLITAN NASHVILLE POLICE DEPT,20200770751,Davidson,Not in City Limit,12/16/2020 12:00:00 AM,1,0,0,36.116430,-86.966380,BUFFALO RD,,,,416.00,Feet,West,OLD CHARLOTTE PKE,,,,0.00,N,Not at Intersection,N,Non-Junction,None,,,         ,Curtis,Rich,Rain,Not Collision with Motor Vehicle in Transport,no,no,no,no,yes,False
102858256,METROPOLITAN NASHVILLE POLICE DEPT,20200770827,Davidson,Nashville,12/16/2020 10:20:00 AM,2,0,0,36.149390,-86.747030,I 40,,,,0.00,,,,,,,211.80,N,Not at Intersection, ,Non-Junction,None,,,         ,Michael,Dance,"Cloudy, Rain",Front to Rear,no,no,no,no,no,False
102858265,METROPOLITAN NASHVILLE POLICE DEPT,20200770747,Davidson,Nashville,12/16/2020 9:04:00 AM,2,0,0,36.123760,-86.727050,I440 W ENT RAMP,,,,0.00,Feet,East,I 24,,,,0.00,N,Not at Intersection,N,Entrance/Exit Ramp Related,None,,,         ,Todd,Watson,"Cloudy, Rain","Sideswipe, Same Direction",no,no,no,no,no,False
102858273,METROPOLITAN NASHVILLE POLICE DEPT,20200770932,Davidson,Nashville,12/16/2020 11:26:00 AM,2,0,0,36.171420,-86.601700,OLD HICKORY BLVD,,,,223.00,Feet,North,I40 W EXT RAMP,,,,0.00,N,Not at Intersection,N,Non-Junction,None,,,         ,Michael,Dance,"Cloudy, Rain","Sideswipe, Same Direction",no,no,no,no,yes,False
102858280,METROPOLITAN NASHVILLE POLICE DEPT,20200770915,Davidson,Nashville,12/16/2020 11:11:00 AM,2,1,0,36.228940,-86.589840,SAUNDERSVILLE RD,,,,449.00,Feet,East,WOODSIDE DR,,,,0.00,N,Not at Intersection,N,Non-Junction,None,,,         ,Michael,Brooks,"Cloudy, Rain",HeadOn,no,no,no,no,no,False
102858286,METROPOLITAN NASHVILLE POLICE DEPT,20200770828,Davidson,Not in City Limit,12/16/2020 7:52:00 AM,2,1,0,35.996830,-86.689830,NOLENSVILLE PKE,,,,23.00,Feet,West,CONCORD RD,,,,0.00,N,Not at Intersection,N,Non-Junction,None,,,         ,Joe,Hooper,Rain,Front to Rear,no,no,no,no,no,False
102858287,METROPOLITAN NASHVILLE POLICE DEPT,20200770816,Davidson,Nashville,12/16/2020 10:18:00 AM,2,0,0,36.205890,-86.768610,E TRINITY LN,,,,0.00,,,DICKERSON PKE,,,,0.00,Y,Four-Way,Y,Intersection,None,,,         ,Jeremy,Arnold,Rain,Angle,no,no,no,no,yes,False
102858307,METROPOLITAN NASHVILLE POLICE DEPT,20200770966,Davidson,Nashville,12/16/2020 8:02:00 AM,2,0,0,36.059470,-86.680060,APACHE TRL,,,,445.00,Feet,East,APACHE TRL,,,,0.00,N,Not at Intersection, ,Non-Junction,None,,,         ,Joe,Hooper,Rain,Angle,no,no,no,no,no,False
102858320,METROPOLITAN NASHVILLE POLICE DEPT,20200771040,Davidson,Nashville,12/16/2020 12:37:00 PM,2,0,0,36.155420,-86.796740,CHURCH ST,,,,280.00,Feet,West,17TH AVN,,,,0.00,N,Not at Intersection, ,Non-Junction,None,,,         ,Earl,Davis,,Front to Rear,no,no,no,no,no,False
102858321,METROPOLITAN NASHVILLE POLICE DEPT,20200770934,Davidson,Nashville,12/16/2020 11:32:00 AM,1,1,0,36.045990,-86.660640,I24 E EXT RAMP,,,,105.00,Feet,North,I 24,,,,0.00,N,Not at Intersection,Y,Entrance/Exit Ramp Related,None,,,         ,Stanley,Collins,Rain,Not Collision with Motor Vehicle in Transport,no,no,no,no,no,False
102858330,METROPOLITAN NASHVILLE POLICE DEPT,20200770857,Davidson,Nashville,12/16/2020 10:37:00 AM,2,0,0,36.178960,-86.773620,I 24,,,,0.00,,,,,,,47.75,N,Not at Intersection,N,Entrance/Exit Ramp Related,None,,,         ,Darrin,Hardin,,"Sideswipe, Same Direction",no,no,no,no,no,False
102858337,METROPOLITAN NASHVILLE POLICE DEPT,20200771084,Davidson,Nashville,12/16/2020 12:41:00 PM,2,0,0,36.192320,-86.616300,OLD HICKORY BLVD,,,,0.00,,,JUAREZ DR,,,,0.00,Y,Four-Way,N,Intersection,None,,,         ,Michael,Brooks,,Front to Rear,no,no,no,no,yes,False
102858378,METROPOLITAN NASHVILLE POLICE DEPT,20200770942,Davidson,Nashville,12/16/2020 11:30:00 AM,1,1,0,36.226270,-86.828130,BOBWHITE DR,,,,61.00,Feet,North,BOBWHITE CT,,,,0.00,N,Not at Intersection,N,"Driveway, Alley Access, etc",None,,,         ,Dylan,Ramos,"Cloudy, Rain",Not Collision with Motor Vehicle in Transport,yes,no,no,yes,yes,False
102858380,METROPOLITAN NASHVILLE POLICE DEPT,20200770967,Davidson,Nashville,12/16/2020 9:03:00 AM,2,0,0,36.044770,-86.661450,BELL RD,,,,0.00,,,CANE RIDGE RD,,,,0.00,Y,Four-Way, ,Intersection-Related,None,,,         ,Joe,Hooper,Rain,Front to Rear,no,no,no,no,no,False
102858382,METROPOLITAN NASHVILLE POLICE DEPT,20200771086,Davidson,Not in City Limit,12/16/2020 1:15:00 PM,2,0,0,36.076520,-86.944010,HIGHWAY 70S,,,,312.00,Feet,West,CARRIAGE DR,,,,0.00,N,Not at Intersection, ,Non-Junction,None,,,         ,Wesley,Tilley,,Front to Rear,no,no,no,no,no,False
102858389,Metro Park Police,20200770969,Davidson,Nashville,12/16/2020 11:30:00 AM,2,0,0,36.155650,-86.789720,14TH AVS,,,,0.00,,,BROADWAY,,,,0.00,Y,OTHER, ,Non-Junction,None,,,         ,Darrell,Howse,Rain,"Sideswipe, Same Direction",no,no,no,no,no,False
102858391,METROPOLITAN NASHVILLE POLICE DEPT,20200770965,Davidson,Nashville,12/16/2020 11:50:00 AM,2,2,0,36.156630,-86.823190,I40 W EXT RAMP,,,,0.00,Feet,East,I 40,,,,0.00,N,Not at Intersection,Y,Entrance/Exit Ramp Related,None,,,         ,Jack,Crouch,,Other,no,no,no,no,no,False
102858392,METROPOLITAN NASHVILLE POLICE DEPT,20200771106,Davidson,Nashville,12/16/2020 1:15:00 PM,2,0,0,36.243890,-86.756580,SKYLINE MEMORIAL CT,,,,0.00,,,DICKERSON PKE,,,,0.00,Y,Four-Way, ,Intersection,None,,,         ,Ruben,Mariano,,Angle,no,no,no,no,no,False
102858402,METROPOLITAN NASHVILLE POLICE DEPT,20200770876,Davidson,Nashville,12/16/2020 9:10:00 AM,1,0,0,36.189530,-86.816610,25TH AVN,,,,434.00,Feet,North,DOWLAN ST,,,,0.00,N,Not at Intersection,N,Non-Junction,None,,,         ,Blas,Hernandez,"Cloudy, Rain",Not Collision with Motor Vehicle in Transport,no,no,no,no,no,False
102858406,METROPOLITAN NASHVILLE POLICE DEPT,20200770505,Davidson,Nashville,12/16/2020 9:37:00 AM,2,0,0,36.175070,-86.602790,OLD HICKORY BLVD,,,,217.00,Feet,North,BURNING TREE DR,,,,0.00,N,Not at Intersection,N,Non-Junction,None,,,         ,Ronald,Bright,Rain,Angle,no,no,no,no,no,False
102858424,METROPOLITAN NASHVILLE POLICE DEPT,20200771200,Davidson,Nashville,12/16/2020 2:12:00 PM,2,1,0,36.185300,-86.636500,JACKSON DOWNS BLVD,,,,0.00,,,LEBANON PKE,,,,0.00,Y,T-Intersection,N,Intersection,None,,,         ,Michael,Dance,,Front to Rear,no,no,no,no,no,False
102858453,METROPOLITAN NASHVILLE POLICE DEPT,20200771177,Davidson,Nashville,12/16/2020 1:57:00 PM,1,0,0,36.071340,-86.690880,I 24,,,,0.00,,,,,,,56.85,N,Not at Intersection, ,Non-Junction,None,,,         ,Jason,Hees,Cloudy,Not Collision with Motor Vehicle in Transport,no,no,no,no,no,False
102858468,METROPOLITAN NASHVILLE POLICE DEPT,20200771229,Davidson,Nashville,12/16/2020 2:36:00 PM,1,1,0,36.078310,-86.725940,NOLENSVILLE PKE,,,,455.00,Feet,North,WALLACE RD,,,,0.00,N,Not at Intersection,Y,"Driveway, Alley Access, etc",None,,,         ,Garrett,Latham,Cloudy,Not Collision with Motor Vehicle in Transport,yes,no,no,yes,no,False
102858470,METROPOLITAN NASHVILLE POLICE DEPT,20200771272,Davidson,Nashville,12/16/2020 12:00:00 AM,2,0,0,36.108960,-86.721090,I 24,,,,0.00,,,,,,,53.75,N,Not at Intersection, ,Non-Junction,None,,,         ,John,Braun,"Cloudy, Rain","Sideswipe, Same Direction",no,no,no,no,no,False
102858471,METROPOLITAN NASHVILLE POLICE DEPT,20200771204,Davidson,Nashville,12/16/2020 2:07:00 PM,2,1,0,36.070370,-86.690140,I 24,,,,0.00,,,,,,,56.90,N,Not at Intersection,N,Non-Junction,None,,,         ,Jason,Hees,Cloudy,"Sideswipe, Same Direction",no,no,no,no,no,False
102858481,METROPOLITAN NASHVILLE POLICE DEPT,20200771347,Davidson,Not in City Limit,12/16/2020 3:05:00 PM,2,0,0,36.078240,-86.948990,BELLEVUE CTR PVTDR,,,,80.00,Feet,North,HIGHWAY 70S,,,,0.00,N,Not at Intersection, ,,None,,,         ,Jared,Dick,,,no,no,no,no,no,False
102858485,METROPOLITAN NASHVILLE POLICE DEPT,20200771232,Davidson,Nashville,12/16/2020 2:35:00 PM,2,1,0,36.111380,-86.768600,OLD POWELL AV,,,,439.00,Feet,West,POWELL AV,,,,0.00,N,Not at Intersection,N,Non-Junction,None,,,         ,Ryan,Storm,Clear,Angle,no,no,no,yes,yes,False
102858486,METROPOLITAN NASHVILLE POLICE DEPT,20200771288,Davidson,Nashville,12/16/2020 3:00:00 PM,2,1,0,36.164860,-86.767910,S 2ND ST,,,,0.00,Feet,,SHELBY AV,,,,0.00,Y,Four-Way,Y,Intersection-Related,None,,,         ,Trevor,Taylor,Cloudy,Front to Rear,no,no,no,no,no,False
102858491,METROPOLITAN NASHVILLE POLICE DEPT,20200771357,Davidson,Nashville,12/16/2020 3:45:00 PM,2,0,0,36.167380,-86.762100,S 5TH ST,,,,90.00,Feet,South,SHELBY AV,,,,0.00,N,Not at Intersection, ,Non-Junction,None,,,         ,Christopher,Beery,,Front to Rear,no,no,no,no,no,False