master_record_number,agency,agency_tracking_number,county,city,collision_date,vehicles_involved,number_injured,number_dead,latitude,longitude,roadway_name,roadway_suffix,roadway_number,roadway_local_id,distance_from_reference,miles-feet_indicator,direction_from_reference,intersection_road_name,intersection_road_name_suffix,intersection_road_number,intersection_local_id,mile_marker,intersection_indicator,intersect_type,interchange_related_indicator,relation_to_junction,work_zone_type,construction_maintenance_zone,construction_maintenance_zone_location,fatal_case_number,officer_first_name,officer_last_name,weather_condition(s),manner_of_crash,pedestrian,bicycle,scooter,parking,hitrun,mou
102858946,METROPOLITAN NASHVILLE POLICE DEPT,20200772694,Davidson,Nashville,12/17/2020 12:00:00 AM,2,0,0,36.255000,-86.715220,MADISON BLVD,,,,0.00,,,MADISON SQ,,,,0.00,Y,Four-Way, ,Intersection-Related,None,,,         ,Keenan,McCann,Clear,"Sideswipe, Opposite Direction",no,no,no,no,no,False
102858968,METROPOLITAN NASHVILLE POLICE DEPT,20200772645,Davidson,Nashville,12/17/2020 8:40:00 AM,1,4,0,36.273050,-86.775570,BRICK CHURCH PKE,,,,971.00,Feet,North,BELL GRIMES LN,,,,0.00,N,Not at Intersection,N,Non-Junction,None,,,         ,Craig,Paschetti,,Not Collision with Motor Vehicle in Transport,no,no,no,no,no,False
102858971,METROPOLITAN NASHVILLE POLICE DEPT,20200772822,Davidson,Nashville,12/17/2020 10:26:00 AM,1,0,0,36.033520,-86.667950,SHIRE DR,,,,301.00,Feet,East,OLD FOREST RD,,,,0.00,N,Not at Intersection, ,Non-Junction,None,,,         ,Joe,Hooper,Clear,Not Collision with Motor Vehicle in Transport,no,no,no,no,no,False
102858976,METROPOLITAN NASHVILLE POLICE DEPT,20200772886,Davidson,Not in City Limit,12/17/2020 12:00:00 AM,1,0,0,36.304430,-86.859140,WHITES CREEK PKE,,,,1683.00,Feet,North,BEAR HOLLOW RD PVTDR,,,,0.00,N,Not at Intersection,N,Non-Junction,None,,,         ,Jordan,Shaffer,,Not Collision with Motor Vehicle in Transport,no,no,no,yes,yes,False
102858979,METROPOLITAN NASHVILLE POLICE DEPT,20200772914,Davidson,Not in City Limit,12/17/2020 11:20:00 AM,1,1,0,36.075970,-86.925950,HICKS RD,,,,115.00,Feet,North,DEER LAKE DR,,,,0.00,N,Not at Intersection,N,Non-Junction,None,,,         ,Curtis,Rich,Clear,Not Collision with Motor Vehicle in Transport,no,no,no,no,no,False
102858995,METROPOLITAN NASHVILLE POLICE DEPT,20200772930,Davidson,Nashville,12/17/2020 11:39:00 AM,2,0,0,36.143960,-86.722570,ELM HILL PKE,,,,0.00,,,SPENCE LN,,,,0.00,Y,Four-Way,N,Intersection,None,,,         ,Michael,Dance,Clear,Front to Rear,no,no,no,no,yes,False
102859017,METROPOLITAN NASHVILLE POLICE DEPT,20200772949,Davidson,Nashville,12/17/2020 11:48:00 AM,2,3,0,36.094290,-86.758250,SIDCO DR,,,,0.00,,,POWELL AV,,,,0.00,Y,T-Intersection,N,Intersection,None,,,         ,Earl,Davis,,Angle,no,no,no,no,no,False
102859033,METROPOLITAN NASHVILLE POLICE DEPT,20200772783,Davidson,Nashville,12/17/2020 10:10:00 AM,1,2,0,36.235780,-86.831250,CLARKSVILLE PKE,,,,0.00,,,ECHO LN,,,,0.00,Y,T-Intersection,N,Non-Junction,None,,,         ,James,Wray,,Not Collision with Motor Vehicle in Transport,no,no,no,no,no,False
102859089,METROPOLITAN NASHVILLE POLICE DEPT,20200773015,Davidson,Nashville,12/17/2020 12:47:00 PM,2,0,0,36.141560,-86.671590,I 40,,,,0.00,,,,,,,215.00,N,Not at Intersection,N,Non-Junction,None,,,         ,Michael,Dance,Clear,"Sideswipe, Same Direction",no,no,no,no,yes,False
102859100,METROPOLITAN NASHVILLE POLICE DEPT,20200773099,Davidson,Nashville,12/17/2020 1:10:00 PM,2,0,0,36.112100,-86.764720,THOMPSON LN,,,,335.00,Feet,South,BRANSFORD AV,,,,0.00,N,Not at Intersection, ,Non-Junction,None,,,         ,John,Robish,,Front to Rear,no,no,no,no,no,False
102859101,METROPOLITAN NASHVILLE POLICE DEPT,20200773080,Davidson,Nashville,12/17/2020 1:07:00 PM,2,0,0,36.141180,-86.817080,WEST END AV,,,,0.00,,,33RD AVS,,,,0.00,Y,T-Intersection, ,Intersection,Work Zone,,,         ,Earl,Davis,,Angle,no,no,no,no,no,False
102859128,METROPOLITAN NASHVILLE POLICE DEPT,20200773071,Davidson,Nashville,12/17/2020 1:29:00 PM,2,0,0,36.154150,-86.835710,I 40,,,,0.00,,,,,,,205.20,N,Not at Intersection, ,,None,,,         ,Curtis,Rich,,,no,no,no,no,no,False
102859139,METROPOLITAN NASHVILLE POLICE DEPT,20200773022,Davidson,Nashville,12/17/2020 10:00:00 AM,2,0,0,36.216490,-86.826400,TUCKER RD,,,,548.00,Feet,North,DOVE PL,,,,0.00,N,Not at Intersection, ,Non-Junction,None,,,         ,Dylan,Ramos,,Angle,no,no,no,no,no,False
102859143,METROPOLITAN NASHVILLE POLICE DEPT,20200773114,Davidson,Nashville,12/17/2020 1:40:00 PM,2,0,0,36.135960,-86.725300,MURFREESBORO PKE,,,,21.00,Feet,East,MURFREESBORO PKE EXT RAMP,,,,0.00,N,Not at Intersection, ,Non-Junction,None,,,         ,Joe,Hooper,Clear,Front to Rear,no,no,no,no,no,False
102859176,METROPOLITAN NASHVILLE POLICE DEPT,20200773165,Davidson,Nashville,12/17/2020 2:06:00 PM,2,2,0,36.157460,-86.802050,CHARLOTTE AV,,,,185.00,Feet,West,19TH AVN,,,,0.00,N,Not at Intersection,N,Non-Junction,None,,,         ,Earl,Davis,,Front to Rear,no,no,no,no,no,False
102859177,METROPOLITAN NASHVILLE POLICE DEPT,20200772933,Davidson,Nashville,12/17/2020 11:08:00 AM,2,0,0,36.216910,-86.775190,I 65,,,,0.00,,,,,,,88.10,N,Not at Intersection,N,Non-Junction,None,,,         ,Royce,McLester,,Front to Rear,no,no,no,no,no,False
102859178,METROPOLITAN NASHVILLE POLICE DEPT,20200773066,Davidson,Nashville,12/17/2020 1:00:00 PM,3,2,0,36.161640,-86.820500,I 40,,,,0.00,,,,,,,206.25,N,Not at Intersection,N,Non-Junction,None,,,         ,Nicholas,Kiraly,,Front to Rear,no,no,no,no,no,False
102859197,METROPOLITAN NASHVILLE POLICE DEPT,20200773017,Davidson,Nashville,12/17/2020 12:43:00 PM,2,0,0,36.215120,-86.597670,LEBANON PKE,,,,0.00,,,ANDREW JACKSON PKWY,,,,0.00,Y,Four-Way,N,Intersection,None,,,         ,Michael,Dance,,Front to Rear,no,no,no,no,yes,False
102859198,METROPOLITAN NASHVILLE POLICE DEPT,20200773218,Davidson,Nashville,12/17/2020 1:36:00 PM,2,0,0,36.240540,-86.723520,GALLATIN PKES,,,,640.00,Feet,North,GALLATIN PKE,,,,0.00,N,Not at Intersection,N,Non-Junction,None,,,         ,Christopher,Littles,,Front to Rear,no,no,no,no,no,False
102859210,METROPOLITAN NASHVILLE POLICE DEPT,20200772960,Davidson,Not in City Limit,12/17/2020 12:00:00 AM,2,0,0,36.319110,-86.844680,I 24,,,,0.00,,,,,,,36.30,N,Not at Intersection,N,Non-Junction,None,,,         ,Jordan,Shaffer,,"Sideswipe, Same Direction",no,no,no,no,yes,False
102859213,METROPOLITAN NASHVILLE POLICE DEPT,20200773170,Davidson,Nashville,12/17/2020 2:14:00 PM,2,1,0,36.188640,-86.776170,I 24,,,,0.00,,,,,,,47.00,N,Not at Intersection,N,Non-Junction,None,,,         ,James,Wray,,"Sideswipe, Same Direction",no,no,no,no,no,False
102859219,METROPOLITAN NASHVILLE POLICE DEPT,20200773239,Davidson,Nashville,12/17/2020 2:56:00 PM,2,1,0,36.180350,-86.817910,BUCHANAN ST,,,,0.00,Feet,West,25TH AVN,,,,0.00,N,Not at Intersection,N,Non-Junction,None,,,         ,Cory,Fetner,,Angle,no,no,no,no,yes,False
102859233,GOODLETTSVILLE POLICE DEPT,20-36884,Davidson,Goodlettsville,12/17/2020 1:33:00 PM,2,0,0,36.324790,-86.702410,NORTHGATE DR,,,,0.00,Feet,,LONG HOLLOW PKE,,,,0.00,Y,T-Intersection, ,Non-Junction,None,,,         ,Jessica,Gistarb,Clear,Angle,no,no,no,no,no,False
102859236,METROPOLITAN NASHVILLE POLICE DEPT,20200773237,Davidson,Nashville,12/17/2020 2:59:00 PM,2,1,0,36.157060,-86.803830,US HWY 70,,,,0.00,,,SPRUCE ST,,,,0.00,Y,T-Intersection,N,Intersection,None,,,         ,Zachary,Plese,Clear,Angle,no,no,no,no,no,False
102859238,METROPOLITAN NASHVILLE POLICE DEPT,20200773287,Davidson,Nashville,12/17/2020 2:15:00 PM,2,0,0,36.101210,-86.870710,HARDING PKE,,,,339.00,Feet,North,PAGE RD,,,,0.00,N,Not at Intersection, ,,None,,,         ,Hillary,Sherman,,,no,no,no,no,no,False
102859239,METROPOLITAN NASHVILLE POLICE DEPT,20200773279,Davidson,Not in City Limit,12/17/2020 3:10:00 PM,2,0,0,36.007940,-86.665880,OLD HICKORY BLVD,,,,0.00,,,PETTUS RD,,,,0.00,Y,T-Intersection, ,Intersection-Related,None,,,         ,Edward,Starke,Clear,"Sideswipe, Opposite Direction",no,no,no,no,no,False
102859241,METROPOLITAN NASHVILLE POLICE DEPT,20200773278,Davidson,Nashville,12/17/2020 3:15:00 PM,2,0,0,36.173370,-86.763930,MAIN ST,,,,0.00,Feet,,YEAMAN PL,,,,0.00,Y,T-Intersection,N,Intersection-Related,None,,,         ,Nicholas,Silinsky,,Angle,no,no,no,no,no,False
102859264,METROPOLITAN NASHVILLE POLICE DEPT,20200773367,Davidson,Nashville,12/17/2020 2:34:00 PM,2,0,0,36.072330,-86.724070,NOLENSVILLE PKE,,,,65.00,Feet,South,J J WATSON AV,,,,0.00,N,Not at Intersection,N,Non-Junction,None,,,         ,Laura,Williams,Clear,Front to Rear,no,no,no,no,no,False
102859265,METROPOLITAN NASHVILLE POLICE DEPT,20200773301,Davidson,Nashville,12/17/2020 1:50:00 PM,2,0,0,36.040280,-86.727270,OLD HICKORY BLVD,,,,135.00,Feet,North,E WOODLANDS TRL,,,,0.00,N,Not at Intersection,N,Non-Junction,Maintenance Zone,Work On Shoulder Or Median,Unknown,         ,Tyler,Shanks,,Front to Rear,no,no,no,no,no,False
102859274,METROPOLITAN NASHVILLE POLICE DEPT,20200773222,Davidson,Nashville,12/17/2020 2:15:00 PM,2,0,0,36.101230,-86.870700,HARDING PKE,,,,348.00,Feet,North,PAGE RD,,,,0.00,N,Not at Intersection,N,Non-Junction,None,,,         ,Hillary,Sherman,,Front to Rear,no,no,no,no,no,False
102859278,METROPOLITAN NASHVILLE POLICE DEPT,20200772749,Davidson,Nashville,12/17/2020 9:55:00 AM,2,0,0,36.234750,-86.758360,US HWY 31W,,,,132.00,Feet,South,HOMESTEAD RD,,,,0.00,N,Not at Intersection,N,Non-Junction,None,,,         ,Joshua,Hausman,Clear,Angle,no,no,no,no,yes,False
102859286,METROPOLITAN NASHVILLE POLICE DEPT,20200773280,Davidson,Nashville,12/17/2020 12:00:00 AM,2,1,0,36.112330,-86.767020,THOMPSON LN,,,,0.00,,,POWELL AV,,,,0.00,Y,Four-Way,N,Intersection,None,,,         ,Sekou,Samassi,,Angle,no,no,no,no,no,False
102859287,METROPOLITAN NASHVILLE POLICE DEPT,20200773283,Davidson,Nashville,12/17/2020 3:15:00 PM,3,1,0,36.179910,-86.800460,I 65,,,,0.00,,,,,,,85.00,N,Not at Intersection,N,Non-Junction,None,,,         ,Gabriel,Vasquez,,Front to Rear,no,no,no,no,no,False
102859289,METROPOLITAN NASHVILLE POLICE DEPT,20200773412,Davidson,Not in City Limit,12/17/2020 2:42:00 PM,1,0,0,36.277270,-86.870270,CLARKSVILLE PKE,,,,1202.00,Feet,East,OLD HICKORY BLVD,,,,0.00,N,Not at Intersection,N,Non-Junction,None,,,         ,Cory,Fetner,,Not Collision with Motor Vehicle in Transport,no,no,no,no,no,False
102859294,METROPOLITAN NASHVILLE POLICE DEPT,20200773338,Davidson,Nashville,12/17/2020 3:20:00 PM,2,0,0,36.144410,-86.776910,I 65,,,,0.00,,,,,,,82.10,N,Not at Intersection, ,,None,,,         ,Jacob,Robbins,,,no,no,no,no,no,False
102859310,METROPOLITAN NASHVILLE POLICE DEPT,20200773444,Davidson,Nashville,12/17/2020 4:08:00 PM,2,0,0,36.109580,-86.770000,I 65,,,,0.00,,,,,,,79.70,N,Not at Intersection, ,Non-Junction,None,,,         ,Douglas,Sykes,,"Sideswipe, Same Direction",no,no,no,no,no,False
102859315,METROPOLITAN NASHVILLE POLICE DEPT,20200773465,Davidson,Nashville,12/17/2020 4:40:00 PM,2,0,0,36.015760,-86.620140,OLD HICKORY BLVD,,,,76.00,Feet,North,I24 W ENT RAMP,,,,0.00,N,Not at Intersection, ,,None,,,         ,Edward,Starke,,,no,no,no,no,no,False
102859319,METROPOLITAN NASHVILLE POLICE DEPT,20200773513,Davidson,Nashville,12/17/2020 4:44:00 PM,2,0,0,36.155210,-86.788980,I 40,,,,0.00,,,,,,,209.20,N,Not at Intersection,N,Non-Junction,None,,,         ,Zachary,Plese,Clear,Front to Rear,no,no,no,no,no,False
102859322,METROPOLITAN NASHVILLE POLICE DEPT,20200773488,Davidson,Nashville,12/17/2020 4:57:00 PM,2,1,0,36.143750,-86.730450,ARLINGTON AV,,,,0.00,Feet,East,ELM HILL PKE,,,,0.00,N,Not at Intersection,N,Non-Junction,None,,,         ,Evan,Grace,,HeadOn,no,no,no,no,no,False
102859324,GOODLETTSVILLE POLICE DEPT,20-36901,Davidson,Goodlettsville,12/17/2020 5:05:00 PM,2,0,0,36.312760,-86.701280,I 65,,,,0.00,,,,,,,96.20,N,Not at Intersection, ,Non-Junction,None,,,         ,William,Hunter,Clear,Front to Rear,no,no,no,no,no,False
102859334,METROPOLITAN NASHVILLE POLICE DEPT,20200773529,Davidson,Nashville,12/17/2020 5:00:00 PM,2,0,0,36.087170,-86.692850,HARDING PL,,,,211.00,Feet,West,ANTIOCH PKE,,,,0.00,N,Not at Intersection, ,Non-Junction,None,,,         ,Timothy,Ward,Clear,HeadOn,no,no,no,no,no,False
102859337,METROPOLITAN NASHVILLE POLICE DEPT,20200773573,Davidson,Nashville,12/17/2020 5:07:00 PM,2,0,0,36.152850,-86.754850,I 40,,,,0.00,,,,,,,211.30,N,Not at Intersection, ,Non-Junction,None,,,         ,Jason,Milyaro Lucas,,Angle,no,no,no,no,no,False
102859341,METROPOLITAN NASHVILLE POLICE DEPT,20200773462,Davidson,Nashville,12/17/2020 4:44:00 PM,2,5,0,36.142290,-86.666610,DONELSON PKE,,,,0.00,,,I40 W ENT RAMP,,,,0.00,Y,Four-Way,N,Intersection,None,,,         ,Dontaveous,Eubanks,,Angle,no,no,no,no,no,False
102859343,METROPOLITAN NASHVILLE POLICE DEPT,20200773596,Davidson,Nashville,12/17/2020 5:47:00 PM,2,0,0,36.151750,-86.752160,I 40,,,,0.00,,,,,,,211.45,N,Not at Intersection, ,Non-Junction,None,,,         ,Adam,Warren,,"Sideswipe, Same Direction",no,no,no,no,no,False
102859344,METROPOLITAN NASHVILLE POLICE DEPT,20200773503,Davidson,Nashville,12/17/2020 4:53:00 PM,2,0,0,36.099270,-86.764120,I 65,,,,0.00,,,,,,,79.00,N,Not at Intersection, ,Non-Junction,None,,,         ,Sekou,Samassi,,Angle,no,no,no,no,yes,False
102859345,METROPOLITAN NASHVILLE POLICE DEPT,20200773572,Davidson,Antioch,12/17/2020 5:30:00 PM,2,1,0,36.036390,-86.611040,HOBSON PKE,,,,185.00,Feet,North,OLD HICKORY BLVD,,,,0.00,N,Not at Intersection,N,Non-Junction,None,,,         ,Cooper,HIll,Clear,Front to Rear,no,no,no,no,no,False
102859346,METROPOLITAN NASHVILLE POLICE DEPT,20200773584,Davidson,Nashville,12/17/2020 5:35:00 PM,2,0,0,36.116030,-86.792970,I 440,,,,0.00,,,,,,,3.80,N,Not at Intersection, ,Non-Junction,None,,,         ,Douglas,Sykes,,Front to Rear,no,no,no,no,no,False
102859347,METROPOLITAN NASHVILLE POLICE DEPT,20200771087,Davidson,Nashville,12/16/2020 12:54:00 PM,2,0,0,36.149140,-86.775340,I 40,,,,0.00,,,,,,,210.10,N,Not at Intersection, ,Entrance/Exit Ramp Related,None,,,         ,Bradley,Nave,Cloudy,Front to Rear,no,no,no,no,no,False
102859351,METROPOLITAN NASHVILLE POLICE DEPT,20200773430,Davidson,Not in City Limit,12/17/2020 4:28:00 PM,2,2,0,36.264120,-86.725150,OLD HICKORY BLVDW,,,,0.00,,,BEVERLY DR,,,,0.00,Y,T-Intersection,N,Intersection-Related,None,,,         ,Christopher,Littles,Clear,HeadOn,no,no,no,no,no,False
102859352,METROPOLITAN NASHVILLE POLICE DEPT,20200773509,Davidson,Not in City Limit,12/17/2020 4:59:00 PM,3,1,0,36.263690,-86.687570,STATE RT 45,,,,137.00,Feet,West,ARCHWOOD DR,,,,0.00,N,Not at Intersection,N,Non-Junction,None,,,         ,Christopher,Littles,Clear,Front to Rear,no,no,no,no,no,False
102859353,METROPOLITAN NASHVILLE POLICE DEPT,20200773646,Davidson,Goodlettsville,12/17/2020 6:05:00 PM,2,0,0,36.302750,-86.691850,RIVERGATE MARKETPLACE PVTDR,,,,0.00,,,GALLATIN PKEN,,,,0.00,Y,Four-Way, ,Intersection-Related,None,,,         ,Christopher,Littles,Clear,"Sideswipe, Same Direction",no,no,no,no,no,False
102859358,METROPOLITAN NASHVILLE POLICE DEPT,20200773660,Davidson,Nashville,12/17/2020 6:17:00 PM,2,0,0,36.131040,-86.727030,I24E,,,,293.00,Feet,North,I24 W ENT RAMP,,,,0.00,N,Not at Intersection,N,Non-Junction,None,,,         ,Edward,Starke,Clear,Front to Rear,no,no,no,no,no,False
102859362,METROPOLITAN NASHVILLE POLICE DEPT,20200773689,Davidson,Not in City Limit,12/17/2020 6:17:00 PM,2,0,0,36.078060,-86.949180,HIGHWAY 70S,,,,35.00,Feet,West,BELLEVUE CTR PVTDR,,,,0.00,N,Not at Intersection, ,,None,,,         ,Jared,Dick,,,no,no,no,no,no,False
102859370,METROPOLITAN NASHVILLE POLICE DEPT,20200773728,Davidson,Nashville,12/17/2020 6:47:00 PM,2,0,0,36.183800,-86.748180,EASTLAND AV,,,,56.00,Feet,East,GALLATIN AV,,,,0.00,N,Not at Intersection, ,Non-Junction,None,,,         ,Ryan,Coll,Clear,Angle,no,no,no,no,no,False
102859376,METROPOLITAN NASHVILLE POLICE DEPT,20200773612,Davidson,Antioch,12/17/2020 4:54:00 PM,2,0,0,36.037390,-86.586370,MAXWELL RD,,,,6.00,Feet,East,LAVERGNE COUCHVILLE PKE,,,,0.00,N,Not at Intersection,N,Non-Junction,None,,,         ,Nadine,Klemenz,Clear,Angle,no,no,no,no,no,False
102859380,METROPOLITAN NASHVILLE POLICE DEPT,20200773530,Davidson,Nashville,12/17/2020 5:10:00 PM,2,0,0,36.194270,-86.618240,OLD HICKORY BLVD,,,,0.00,Feet,,HERMITAGE MARKETPLACE PVTDR,,,,0.00,Y,Four-Way,N,Intersection,None,,,         ,Nathaniel,Jones,,Angle,no,no,no,no,no,False
102859381,METROPOLITAN NASHVILLE POLICE DEPT,20200773589,Davidson,Nashville,12/17/2020 5:25:00 PM,2,0,0,36.154630,-86.779160,8TH AVS,,,,0.00,,,LAFAYETTE ST,,,,0.00,Y,Roundabout, ,Intersection-Related,None,,,         ,Trevor,Taylor,Clear,Angle,no,no,no,no,no,False
102859384,GOODLETTSVILLE POLICE DEPT,20-36900,Davidson,Goodlettsville,12/17/2020 5:02:00 PM,3,2,0,36.294430,-86.717670,I 65,,,,0.00,,,,,,,94.65,N,Not at Intersection,N,Non-Junction,None,,,         ,Jessica,Gistarb,Clear,Front to Rear,no,no,no,no,no,False
102859389,METROPOLITAN NASHVILLE POLICE DEPT,20200773672,Davidson,Nashville,12/17/2020 5:15:00 PM,2,0,0,36.195090,-86.775570,I 65,,,,0.00,,,,,,,86.50,N,Not at Intersection,N,Non-Junction,None,,,         ,Wade,Johnson,,Front to Rear,no,no,no,no,no,False
102859390,METROPOLITAN NASHVILLE POLICE DEPT,20200773791,Davidson,Nashville,12/17/2020 12:00:00 AM,2,0,0,36.137770,-86.787580,ARGYLE AV,,,,135.00,Feet,East,12TH AVS,,,,0.00,N,Not at Intersection,N,Non-Junction,None,,,         ,Douglas,Sykes,,Angle,no,no,no,no,yes,False
102859391,METROPOLITAN NASHVILLE POLICE DEPT,20200773785,Davidson,Nashville,12/17/2020 6:30:00 PM,2,0,0,36.154060,-86.757590,I 40,,,,0.00,,,,,,,211.10,N,Not at Intersection,N,Non-Junction,None,,,         ,Christopher,Beery,,Front to Rear,no,no,no,no,yes,False
102859392,METROPOLITAN NASHVILLE POLICE DEPT,20200773724,Davidson,Nashville,12/17/2020 7:00:00 PM,2,0,0,36.187590,-86.775330,I 24,,,,0.00,,,,,,,47.10,N,Not at Intersection, ,Non-Junction,None,,,         ,Trevor,Jones,,Front to Rear,no,no,no,no,no,False
102859393,METROPOLITAN NASHVILLE POLICE DEPT,20200773520,Davidson,Nashville,12/17/2020 5:07:00 PM,2,0,0,36.094420,-86.653390,MURFREESBORO PKE,,,,0.00,,,FRANKLIN LIMESTONE RD,,,,0.00,Y,Four-Way,N,Intersection,None,,,         ,Marcus,Darden,Clear,Angle,no,no,no,no,no,False
102859396,METROPOLITAN NASHVILLE POLICE DEPT,20200773769,Davidson,Nashville,12/17/2020 6:27:00 PM,2,0,0,36.095430,-86.707700,I 24,,,,0.00,,,,,,,54.95,N,Not at Intersection, ,Non-Junction,None,,,         ,Edward,Starke,Clear,"Sideswipe, Same Direction",no,no,no,no,no,False
102859399,METROPOLITAN NASHVILLE POLICE DEPT,20200773661,Davidson,Nashville,12/17/2020 5:18:00 PM,2,0,0,36.148820,-86.666280,DONELSON PKE,,,,3.00,Feet,North,ELM HILL PKE,,,,0.00,N,Not at Intersection, ,,None,,,         ,Evan,Grace,,,no,no,no,no,no,False
102859400,METROPOLITAN NASHVILLE POLICE DEPT,20200773767,Davidson,Nashville,12/17/2020 6:47:00 PM,2,0,0,36.149220,-86.747170,I 40,,,,0.00,,,,,,,211.80,N,Not at Intersection, ,Non-Junction,None,,,         ,Douglas,Mann,Clear,Front to Rear,no,no,no,no,yes,False
102859402,METROPOLITAN NASHVILLE POLICE DEPT,20200773585,Davidson,Nashville,12/17/2020 5:36:00 PM,2,2,0,36.151510,-86.815900,PARK PLZ,,,,635.00,Feet,West,CENTENNIAL PARK PVTDR,,,,0.00,N,Not at Intersection,N,Non-Junction,None,,,         ,Josh,Lauton,,Angle,no,no,no,yes,no,False
102859403,METROPOLITAN NASHVILLE POLICE DEPT,20200773647,Davidson,Nashville,12/17/2020 6:12:00 PM,2,3,0,36.132870,-86.764980,WALSH RD,,,,0.00,,,RAINS AVE,,,,0.00,Y,T-Intersection,N,Intersection,None,,,         ,John,Chambers,Clear,HeadOn,no,no,no,no,no,False
102859411,METROPOLITAN NASHVILLE POLICE DEPT,20200773666,Davidson,Antioch,12/17/2020 6:00:00 PM,3,0,0,36.047840,-86.612050,MURFREESBORO PKE,,,,1284.00,Feet,North,MOUNTAIN SPRINGS RD,,,,0.00,N,Not at Intersection, ,Non-Junction,None,,,         ,Patrick,Hubbard Jr.,,Front to Rear,no,no,no,no,yes,False
102859412,METROPOLITAN NASHVILLE POLICE DEPT,20200773736,Davidson,Nashville,12/17/2020 6:45:00 PM,2,0,0,36.040900,-86.779380,STONE BROOK DR,,,,0.00,,,OLD HICKORY BLVD,,,,0.00,Y,Four-Way,N,Intersection,None,,,         ,Tyler,Shanks,,Front to Rear,no,no,no,no,no,False
102859418,METROPOLITAN NASHVILLE POLICE DEPT,20200773699,Davidson,Nashville,12/17/2020 6:35:00 PM,2,0,0,36.039380,-86.743420,EDMONDSON PKE,,,,230.00,Feet,South,OLD HICKORY BLVD,,,,0.00,N,Not at Intersection,N,Non-Junction,None,,,         ,Nicholas,Carroll,Clear,Other,no,no,no,no,no,False
102859420,METROPOLITAN NASHVILLE POLICE DEPT,20200773756,Davidson,Nashville,12/17/2020 6:06:00 PM,2,0,0,36.046820,-86.661840,I 24,,,,0.00,,,,,,,59.20,N,Not at Intersection, ,Non-Junction,None,,,         ,Marcus,Darden,Clear,Front to Rear,no,no,no,no,no,False
102859422,METROPOLITAN NASHVILLE POLICE DEPT,20200773668,Davidson,Nashville,12/17/2020 6:21:00 PM,3,2,0,36.140750,-86.732340,I 40,,,,0.00,,,,,,,213.00,N,Not at Intersection,N,Non-Junction,None,,,         ,Peter,Kinsey,Cloudy,Front to Rear,no,no,no,no,no,False
102859426,METROPOLITAN NASHVILLE POLICE DEPT,20200773796,Davidson,Nashville,12/17/2020 7:38:00 PM,2,2,0,36.243890,-86.756580,SKYLINE MEMORIAL CT,,,,0.00,,,DICKERSON PKE,,,,0.00,Y,Four-Way,N,Intersection,None,,,         ,Christopher,Littles,,Angle,no,no,no,no,yes,False
102859428,METROPOLITAN NASHVILLE POLICE DEPT,20200773857,Davidson,Nashville,12/17/2020 8:18:00 PM,1,0,0,36.029880,-86.656260,OLD FRANKLIN RD,,,,1717.00,Feet,East,CANE RIDGE RD,,,,0.00,N,Not at Intersection, ,Non-Junction,None,,,         ,Nadine,Klemenz,Clear,Not Collision with Motor Vehicle in Transport,no,no,no,no,no,False
102859438,METROPOLITAN NASHVILLE POLICE DEPT,20200773697,Davidson,Not in City Limit,12/17/2020 6:21:00 PM,2,1,0,36.068160,-86.949350,GENERAL GEORGE PATTON RD,,,,0.00,,,SAWYER BROWN RD,,,,0.00,Y,Four-Way,N,Non-Junction,None,,,         ,Lawrence,Whited,Clear,Front to Rear,no,no,no,no,yes,False
102859456,METROPOLITAN NASHVILLE POLICE DEPT,20200773583,Davidson,Nashville,12/17/2020 5:39:00 PM,5,1,0,36.166710,-86.764990,I 24,,,,0.00,,,,,,,48.95,N,Not at Intersection,N,Non-Junction,None,,,         ,Roy,Sain Jr.,,Front to Rear,no,no,no,no,no,False
102859481,METROPOLITAN NASHVILLE POLICE DEPT,20200773638,Davidson,Not in City Limit,12/17/2020 5:40:00 PM,2,0,0,36.293240,-86.741480,CAMPBELL RD,,,,0.00,,,OLD DICKERSON PIKE,,,,0.00,Y,T-Intersection,N,Non-Junction,None,,,         ,Michael,Foster,Clear,Angle,no,no,no,no,no,False
102859482,METROPOLITAN NASHVILLE POLICE DEPT,20200773847,Davidson,Not in City Limit,12/17/2020 8:00:00 PM,1,0,0,36.314830,-86.871010,OLD CLARKSVILLE PKE,,,,0.00,,,JOELTON COMMUNITY CENTER RD,,,,0.00,Y,T-Intersection, ,Non-Junction,None,,,         ,Ryan,Allen,Clear,Not Collision with Motor Vehicle in Transport,no,no,no,no,no,False
102859484,METROPOLITAN NASHVILLE POLICE DEPT,20200773871,Davidson,Nashville,12/17/2020 8:23:00 PM,2,1,0,36.232290,-86.758790,DICKERSON PKE,,,,310.00,Feet,South,MAPLEWOOD TRC,,,,0.00,N,Not at Intersection,N,Non-Junction,None,,,         ,Christopher,Beery,,Angle,no,no,no,no,no,False
102859511,METROPOLITAN NASHVILLE POLICE DEPT,20200773981,Davidson,Nashville,12/17/2020 8:58:00 PM,2,0,0,36.086010,-86.659510,BLUE MOUNTAIN LN,,,,381.00,Feet,West,GANNETT PEAK LN,,,,0.00,N,Not at Intersection, ,Non-Junction,None,,,         ,Jerre,Fly,Clear,Unknown,no,no,no,no,yes,False
102859518,METROPOLITAN NASHVILLE POLICE DEPT,20200773931,Davidson,Nashville,12/17/2020 9:10:00 PM,2,0,0,36.159080,-86.675170,WOODBERRY DR,,,,399.00,Feet,West,AIRWOOD DR,,,,0.00,N,Not at Intersection, ,Non-Junction,None,,,         ,Douglas,Mann,Clear,Not Collision with Motor Vehicle in Transport,no,no,no,no,yes,False