master_record_number,agency,agency_tracking_number,county,city,collision_date,vehicles_involved,number_injured,number_dead,latitude,longitude,roadway_name,roadway_suffix,roadway_number,roadway_local_id,distance_from_reference,miles-feet_indicator,direction_from_reference,intersection_road_name,intersection_road_name_suffix,intersection_road_number,intersection_local_id,mile_marker,intersection_indicator,intersect_type,interchange_related_indicator,relation_to_junction,work_zone_type,construction_maintenance_zone,construction_maintenance_zone_location,fatal_case_number,officer_first_name,officer_last_name,weather_condition(s),manner_of_crash,pedestrian,bicycle,scooter,parking,hitrun,mou
102859525,METROPOLITAN NASHVILLE POLICE DEPT,20200774035,Davidson,Nashville,12/17/2020 7:19:00 PM,2,0,0,36.188730,-86.750800,GRANADA AV,,,,49.00,Feet,West,LAURENT ST,,,,0.00,N,Not at Intersection, ,Non-Junction,None,,,         ,Ryan,Coll,,HeadOn,no,no,no,no,yes,False
102859527,METROPOLITAN NASHVILLE POLICE DEPT,20200773964,Davidson,Nashville,12/17/2020 8:49:00 PM,2,0,0,36.083400,-86.727470,WELCH RD,,,,0.00,,,NOLENSVILLE PKE,,,,0.00,Y,T-Intersection,N,Intersection-Related,None,,,         ,Edward,Starke,,Angle,no,no,no,no,no,False
102859559,METROPOLITAN NASHVILLE POLICE DEPT,20200774145,Davidson,Nashville,12/17/2020 9:00:00 PM,1,0,0,36.208860,-86.690600,BRILEY PKWYN,,,,386.00,Feet,West,KIMBERLY DR,,,,0.00,N,Not at Intersection, ,,None,,,         ,Randall,Ward,,,no,no,no,no,no,False
102859567,METROPOLITAN NASHVILLE POLICE DEPT,20200774058,Davidson,Nashville,12/17/2020 10:30:00 PM,3,0,0,36.076980,-86.766690,I 65,,,,0.00,,,,,,,77.45,N,Not at Intersection,N,Non-Junction,None,,,         ,Michael,Hodges,,"Sideswipe, Same Direction",no,no,no,no,yes,False
102859568,METROPOLITAN NASHVILLE POLICE DEPT,20200774112,Davidson,Nashville,12/17/2020 10:27:00 PM,2,0,0,36.045430,-86.703610,OLD HICKORY BLVD,,,,0.00,,,EULALA DR,,,,0.00,Y,Four-Way,N,Intersection,None,,,         ,Austin,Roemeling,,Angle,no,no,no,no,yes,False
102859575,METROPOLITAN NASHVILLE POLICE DEPT,20200774152,Davidson,Nashville,12/18/2020 12:00:00 AM,1,1,0,36.245850,-86.779510,BRICK CHURCH PKE,,,,129.00,Feet,South,CHESAPEAKE DR,,,,0.00,N,Not at Intersection,N,Non-Junction,None,,,         ,Derrick,Toney,,Not Collision with Motor Vehicle in Transport,no,no,no,no,no,False
102859625,METROPOLITAN NASHVILLE POLICE DEPT,20200774055,Davidson,Nashville,12/17/2020 10:18:00 PM,3,0,0,36.151630,-86.756600,FAIN ST,,,,18.00,Feet,East,FAIRFIELD AV,,,,0.00,N,Not at Intersection,N,Non-Junction,None,,,         ,Meghan,Pope,Clear,"Sideswipe, Same Direction",no,no,no,no,yes,False
102859647,METROPOLITAN NASHVILLE POLICE DEPT,20200774360,Davidson,Nashville,12/18/2020 3:30:00 AM,1,0,0,36.045190,-86.715680,OLD HICKORY BLVD,,,,263.00,Feet,West,BRENTWOOD EAST DR,,,,0.00,N,Not at Intersection,N,Non-Junction,None,,,         ,Aaron,Brumley,,Not Collision with Motor Vehicle in Transport,no,no,no,no,no,False
102859649,METROPOLITAN NASHVILLE POLICE DEPT,20200774197,Davidson,Nashville,12/18/2020 12:30:00 AM,4,0,0,36.128600,-86.708290,PATRICIA DR,,,,596.00,Feet,North,THOMPSON PL,,,,0.00,N,Not at Intersection,N,Non-Junction,None,,,         ,Billy,Price,Clear,Angle,no,no,no,yes,no,False
102859656,METROPOLITAN NASHVILLE POLICE DEPT,20200773107,Davidson,Nashville,12/17/2020 1:35:00 PM,2,0,0,36.177150,-86.772940,I 24,,,,0.00,,,,,,,47.90,N,Not at Intersection, ,Non-Junction,None,,,         ,Wesley,Young,Clear,Front to Rear,no,no,no,no,no,False
102859662,METROPOLITAN NASHVILLE POLICE DEPT,20200773108,Davidson,Nashville,12/17/2020 1:30:00 PM,2,0,0,36.178820,-86.774390,N 1ST ST,,,,0.00,,,I24 E EXT RAMP,,,,0.00,Y,Y-Intersection,N,Non-Junction,None,,,         ,Erik,Wagner,Clear,Front to Rear,no,no,no,no,yes,False
102859666,METROPOLITAN NASHVILLE POLICE DEPT,20200773100,Davidson,Nashville,12/17/2020 1:19:00 PM,2,0,0,36.077090,-86.725560,EDMONDSON PKE,,,,0.00,,,WALLACE RD,,,,0.00,Y,Four-Way,N,Intersection-Related,None,,,         ,Lynsey,Fish,,Angle,no,no,no,no,no,False
102859674,METROPOLITAN NASHVILLE POLICE DEPT,20200774558,Davidson,Nashville,12/18/2020 2:45:00 AM,1,0,0,36.129090,-86.790180,EASTWOOD AV,,,,90.00,Feet,North,ASHWOOD AV,,,,0.00,N,Not at Intersection,N,Non-Junction,None,,,         ,Earl,Davis,,Not Collision with Motor Vehicle in Transport,no,no,no,no,yes,False
102859682,METROPOLITAN NASHVILLE POLICE DEPT,20200774551,Davidson,Nashville,12/18/2020 6:19:00 AM,2,0,0,36.110990,-86.787790,WOODMONT BLVD,,,,50.00,Feet,West,LEALAND LN,,,,0.00,N,Not at Intersection, ,Non-Junction,None,,,         ,Earl,Davis,,Front to Rear,no,no,no,no,no,False
102859688,METROPOLITAN NASHVILLE POLICE DEPT,20200774619,Davidson,Nashville,12/18/2020 7:22:00 AM,1,0,0,36.170180,-86.880900,COCKRILL BEND BLVD,,,,1082.00,Feet,West,WESTBELT DR,,,,0.00,N,Not at Intersection,N,Non-Junction,None,,,         ,Curtis,Rich,Fog,Not Collision with Motor Vehicle in Transport,no,no,no,no,no,False
102859698,METROPOLITAN NASHVILLE POLICE DEPT,20200774654,Davidson,Nashville,12/18/2020 7:57:00 AM,2,0,0,36.139050,-86.733010,MURFREESBORO PKE,,,,0.00,,,ARLINGTON AV,,,,0.00,Y,Four-Way, ,Intersection,None,,,         ,Michael,Dance,Clear,Front to Rear,no,no,no,no,no,False
102859710,METROPOLITAN NASHVILLE POLICE DEPT,20200774699,Davidson,Not in City Limit,12/18/2020 8:30:00 AM,1,0,0,36.102650,-87.021600,OLD CHARLOTTE PKE,,,,2212.00,Feet,South,SEARS RD,,,,0.00,N,Not at Intersection, ,,None,,,         ,Curtis,Rich,,,no,no,no,no,no,False
102859713,METROPOLITAN NASHVILLE POLICE DEPT,20200774708,Davidson,Nashville,12/18/2020 8:33:00 AM,2,0,0,36.044770,-86.660880,BELL RD,,,,0.00,,,,,,,0.00,,, ,,None,,,         ,Lynsey,Fish,,,no,no,no,no,no,False
102859719,METROPOLITAN NASHVILLE POLICE DEPT,20200774712,Davidson,Nashville,12/18/2020 8:39:00 AM,2,0,0,36.043450,-86.744140,EDMONDSON PKE,,,,0.00,,,DERBY TRC,,,,0.00,Y,T-Intersection, ,Intersection-Related,None,,,         ,Earl,Davis,,Angle,no,no,no,no,no,False
102859720,METROPOLITAN NASHVILLE POLICE DEPT,20200774659,Davidson,Nashville,12/18/2020 12:00:00 AM,2,0,0,36.143410,-86.722960,SPENCE LN,,,,0.00,,,,,,,0.00,,, ,,None,,,         ,Crockett,Bruce,,,no,no,no,yes,no,False
102859722,METROPOLITAN NASHVILLE POLICE DEPT,20200774640,Davidson,Nashville,12/18/2020 7:47:00 AM,2,0,0,36.143230,-86.823340,ACKLEN PARK DR,,,,0.00,,,PARK CIR,,,,0.00,Y,Four-Way,N,Intersection,None,,,         ,Darren,Key,Clear,Angle,no,no,no,no,no,False
102859723,METROPOLITAN NASHVILLE POLICE DEPT,20200774613,Davidson,Not in City Limit,12/18/2020 7:34:00 AM,2,0,0,36.322950,-86.910370,CLARKSVILLE PKE,,,,0.00,Feet,,OLD CLARKSVILLE PKE,,,,0.00,Y,Y-Intersection,N,Intersection-Related,None,,,         ,Jordan,Shaffer,,Front to Rear,no,no,no,no,no,False
102859727,METROPOLITAN NASHVILLE POLICE DEPT,20200774677,Davidson,Nashville,12/18/2020 8:16:00 AM,2,0,0,36.075900,-86.725190,NOLENSVILLE PKE,,,,317.00,Feet,North,FLORA MAXWELL RD,,,,0.00,N,Not at Intersection,N,Non-Junction,None,,,         ,Alquavious,McDaniel,,Front to Rear,no,no,no,no,no,False
102859736,METROPOLITAN NASHVILLE POLICE DEPT,20200774663,Davidson,Nashville,12/18/2020 7:48:00 AM,2,0,0,36.150040,-86.675930,ROYAL PKWY,,,,0.00,,,PERIMETER PLACE DR,,,,0.00,Y,T-Intersection,N,Intersection-Related,None,,,         ,Flynn,Ireland,,Angle,no,no,no,no,no,False
102859749,METROPOLITAN NASHVILLE POLICE DEPT,20200774756,Davidson,Nashville,12/18/2020 9:04:00 AM,1,0,0,36.071810,-86.732110,WHISPERING HILLS DR,,,,250.00,Feet,East,EDMONDSON PKE,,,,0.00,N,Not at Intersection, ,Non-Junction,None,,,         ,Earl,Davis,Unknown,Not Collision with Motor Vehicle in Transport,no,no,no,yes,no,False
102859757,METROPOLITAN NASHVILLE POLICE DEPT,20200774783,Davidson,Nashville,12/18/2020 12:00:00 AM,2,0,0,36.162920,-86.780020,5TH AVN,,,,104.00,Feet,South,CHURCH ST,,,,0.00,N,Not at Intersection,N,Non-Junction,None,,,         ,Erik,Wagner,Clear,Unknown,no,no,no,no,yes,False
102859789,THP District 3 - Nashville,320070910,Davidson,Nashville,12/11/2020 8:52:00 AM,4,0,0,36.149330,-86.747370,I 40,,,,0.00,,,,,,,211.80,N,Not at Intersection,N,Non-Junction,None,,,         ,Alexander,Campbell,Clear,"Sideswipe, Same Direction",no,no,no,no,no,False
102859798,METROPOLITAN NASHVILLE POLICE DEPT,20200774830,Davidson,Antioch,12/12/2020 1:34:00 PM,1,0,0,36.079910,-86.594650,SCENIC LAKE CT,,,,0.00,,,PHILHALL PKWY,,,,0.00,Y,T-Intersection, ,Non-Junction,None,,,         ,Alquavious,McDaniel,,Not Collision with Motor Vehicle in Transport,no,no,no,no,yes,False
102859802,METROPOLITAN NASHVILLE POLICE DEPT,20200774803,Davidson,Nashville,12/18/2020 9:19:00 AM,2,1,0,36.188880,-86.823090,ROSA L PARKS BLVD,,,,0.00,,,CLARKSVILLE PKE,,,,0.00,Y,OTHER,N,Intersection,None,,,         ,Nicholas,Kiraly,,Angle,no,no,no,no,no,False
102859812,METROPOLITAN NASHVILLE POLICE DEPT,20200774907,Davidson,Madison,12/18/2020 10:27:00 AM,2,2,0,36.264150,-86.691470,STATE RT 45,,,,0.00,,,MCARTHUR DR,,,,0.00,Y,Four-Way,N,Intersection,None,,,         ,Michael,McCord,,Angle,no,no,no,no,no,False
102859820,METROPOLITAN NASHVILLE POLICE DEPT,20200774888,Davidson,Nashville,12/18/2020 10:15:00 AM,2,0,0,36.153890,-86.758130,I 40,,,,0.00,,,,,,,211.10,N,Not at Intersection,N,Non-Junction,None,,,         ,Michael,Dance,Clear,"Sideswipe, Same Direction",no,no,no,no,yes,False
102859867,METROPOLITAN NASHVILLE POLICE DEPT,20200775030,Davidson,Nashville,12/18/2020 11:16:00 AM,2,0,0,36.155710,-86.809950,CHARLOTTE AV,,,,40.00,Feet,South,23RD AVN,,,,0.00,N,Not at Intersection, ,Non-Junction,None,,,         ,Earl,Davis,,Front to Rear,no,no,no,no,no,False
102859887,METROPOLITAN NASHVILLE POLICE DEPT,20200775060,Davidson,Nashville,12/18/2020 12:13:00 PM,2,0,0,36.234750,-86.716830,BRILEY PKWYW,,,,37.00,Feet,South,TANGLEWOOD DRN,,,,0.00,N,Not at Intersection,N,Non-Junction,None,,,         ,Ian,Wilson,Clear,"Sideswipe, Same Direction",no,no,no,no,yes,False
102859888,METROPOLITAN NASHVILLE POLICE DEPT,20200775086,Davidson,Nashville,12/18/2020 12:25:00 PM,2,0,0,36.157490,-86.801880,CHARLOTTE AV,,,,125.00,Feet,West,19TH AVN,,,,0.00,N,Not at Intersection,N,Non-Junction,None,,,         ,Earl,Davis,,Front to Rear,no,no,no,no,yes,False
102859893,METROPOLITAN NASHVILLE POLICE DEPT,20200775069,Davidson,Nashville,12/18/2020 12:14:00 PM,2,0,0,36.193350,-86.753290,ELLINGTON PKWY S ENT RAMP,,,,0.00,,,ELLINGTON PKWY S EXT RAMP,,,,0.00,Y,Four-Way, ,Intersection,None,,,         ,Megan,Lamon,,Angle,no,no,no,no,no,False
102859904,METROPOLITAN NASHVILLE POLICE DEPT,20200775004,Davidson,Nashville,12/18/2020 11:31:00 AM,2,0,0,36.186950,-86.860860,COUNTY HOSPITAL RD,,,,0.00,,,BRILEY PKWY N EXT RAMP,,,,0.00,Y,Y-Intersection, ,,None,,,         ,Jordan,Shaffer,,,no,no,no,no,no,False
102859905,METROPOLITAN NASHVILLE POLICE DEPT,3043 NOLENSVILL,Davidson,Nashville,12/18/2020 11:48:00 AM,2,0,0,36.100700,-86.740000,US HWY 31 ALT,,,,55.00,Feet,North,CHILTON ST,,,,0.00,N,Not at Intersection, ,Non-Junction,None,,,         ,Michelle,Norris,Clear,Front to Rear,no,no,no,no,no,False
102859912,METROPOLITAN NASHVILLE POLICE DEPT,20200775145,Davidson,Nashville,12/18/2020 12:49:00 PM,2,0,0,36.168420,-86.687960,LEBANON PKE,,,,0.00,,,BRILEY PKWY N ENT RAMP,,,,0.00,Y,OTHER, ,Intersection,None,,,         ,Michael,Dance,Clear,Front to Rear,no,no,no,no,no,False
102859983,METROPOLITAN NASHVILLE POLICE DEPT,20200774860,Davidson,Goodlettsville,12/18/2020 9:50:00 AM,3,2,0,36.304710,-86.688980,NORTHSIDE FESTIVAL PVTDR,,,,0.00,Feet,,LIBERTY LN,,,,0.00,Y,Four-Way,N,Intersection,None,,,         ,Craig,Paschetti,,Front to Rear,no,no,no,no,no,False
102860019,METROPOLITAN NASHVILLE POLICE DEPT,20200775142,Davidson,Nashville,12/18/2020 1:35:00 PM,2,0,0,36.122250,-86.777020,HORNER AV,,,,0.00,,,DEWEES AV,,,,0.00,Y,T-Intersection, ,Intersection-Related,None,,,         ,Earl,Davis,,Angle,no,no,no,no,no,False
102860020,METROPOLITAN NASHVILLE POLICE DEPT,20200775159,Davidson,Nashville,12/18/2020 12:45:00 PM,2,0,0,36.074660,-86.920380,HIGHWAY 70S,,,,129.00,Feet,West,BELLE FOREST SHOPPING CENTER P,,,,0.00,N,Not at Intersection, ,Non-Junction,None,,,         ,Curtis,Rich,Cloudy,Angle,no,no,no,no,yes,False
102860028,METROPOLITAN NASHVILLE POLICE DEPT,20200775118,Davidson,Nashville,12/16/2020 12:00:00 AM,2,0,0,36.067250,-86.642600,RURAL HILL RD,,,,1079.00,Feet,West,RICE HILL CT,,,,0.00,N,Not at Intersection,N,Non-Junction,None,,,         ,Rami,Rouhi,Unknown,Unknown,no,no,no,yes,yes,False
102860029,METROPOLITAN NASHVILLE POLICE DEPT,20200775123,Davidson,Nashville,12/18/2020 12:48:00 PM,2,0,0,36.101360,-86.740330,NOLENSVILLE PKE,,,,16.00,Feet,South,MCCLELLAN AV,,,,0.00,N,Not at Intersection,N,Non-Junction,None,,,         ,James,Thomas,Clear,Front to Rear,no,no,no,no,no,False
102860043,METROPOLITAN NASHVILLE POLICE DEPT,20200775106,Davidson,Nashville,12/18/2020 12:34:00 PM,2,0,0,36.195780,-86.775570,I 65,,,,0.00,,,,,,,86.60,N,Not at Intersection, ,Non-Junction,None,,,         ,Darrin,Hardin,,"Sideswipe, Same Direction",no,no,no,no,no,False
102860073,GOODLETTSVILLE POLICE DEPT,20-36972,Davidson,Goodlettsville,12/18/2020 1:24:00 PM,1,0,0,36.309860,-86.704850,RIVERGATE PKWY,,,,143.00,Feet,South,I65 S ENT RAMP,,,,0.00,N,Not at Intersection,N,Non-Junction,None,,,         ,Hallie,Mooney,Clear,Not Collision with Motor Vehicle in Transport,no,no,no,no,no,False
102860117,METROPOLITAN NASHVILLE POLICE DEPT,20200775253,Davidson,Antioch,12/18/2020 2:18:00 PM,1,1,0,36.049310,-86.600000,PIN HOOK RD,,,,0.00,,,HOBSON PKE,,,,0.00,Y,Four-Way,N,Non-Junction,None,,,         ,Alquavious,McDaniel,Clear,Not Collision with Motor Vehicle in Transport,no,no,no,no,no,False
102860147,METROPOLITAN NASHVILLE POLICE DEPT,20200775394,Davidson,Not in City Limit,12/18/2020 3:47:00 PM,2,0,0,36.264070,-86.690290,STATE RT 45,,,,0.00,,,MYATT DR,,,,0.00,Y,Four-Way, ,Intersection,None,,,         ,Christopher,Littles,,"Sideswipe, Same Direction",no,no,no,no,no,False
102860149,METROPOLITAN NASHVILLE POLICE DEPT,20200775405,Davidson,Nashville,12/18/2020 3:57:00 PM,2,0,0,36.166750,-86.765020,I 24,,,,0.00,,,,,,,48.95,N,Not at Intersection, ,Non-Junction,None,,,         ,Nicholas,Berry,,Front to Rear,no,no,no,no,no,False
102860154,METROPOLITAN NASHVILLE POLICE DEPT,20200775323,Davidson,Nashville,12/18/2020 2:55:00 PM,2,0,0,36.152130,-86.844130,CHARLOTTE AV,,,,0.00,Feet,East,48TH AVN,,,,0.00,N,Not at Intersection,N,Non-Junction,None,,,         ,Lawrence,Whited,,Front to Rear,no,no,no,no,yes,False
102860166,METROPOLITAN NASHVILLE POLICE DEPT,20200775360,Davidson,Nashville,12/18/2020 2:30:00 PM,2,0,0,36.046920,-86.656760,BELL RD,,,,334.00,Feet,West,HICKORY HOLLOW PKWY,,,,0.00,N,Not at Intersection, ,Non-Junction,None,,,         ,Laura,Williams,Clear,Front to Rear,no,no,no,no,no,False
102860168,METROPOLITAN NASHVILLE POLICE DEPT,20200772863,Davidson,Nashville,12/17/2020 10:52:00 AM,3,3,0,36.172190,-86.768870,I 24,,,,0.00,,,,,,,48.30,N,Not at Intersection,N,Non-Junction,None,,,         ,Christopher,Augustin,Clear,Front to Rear,no,no,no,no,no,False
102860170,METROPOLITAN NASHVILLE POLICE DEPT,20200775409,Davidson,Nashville,12/18/2020 1:55:00 PM,1,1,0,36.171160,-86.869240,BRILEY PKWYS,,,,84.00,Feet,South,CENTENNIAL BLVD,,,,0.00,N,Not at Intersection,N,Non-Junction,None,,,         ,Hillary,Sherman,,Not Collision with Motor Vehicle in Transport,no,no,no,no,no,False
102860188,METROPOLITAN NASHVILLE POLICE DEPT,20200775387,Davidson,Nashville,12/18/2020 3:40:00 PM,2,1,0,36.186360,-86.818780,CLARKSVILLE PKE,,,,0.00,,,26TH AVN,,,,0.00,Y,Four-Way,N,Intersection,None,,,         ,Jonathan,Sharp,,Front to Rear,no,no,no,no,yes,False
102860195,METROPOLITAN NASHVILLE POLICE DEPT,20200775385,Davidson,Nashville,12/18/2020 3:41:00 PM,2,1,0,36.091040,-86.825330,TWINMONT CT,,,,0.00,Feet,,HARDING PL,,,,0.00,Y,T-Intersection,N,Intersection,None,,,         ,Edin,Plancic,,Angle,no,no,no,no,no,False
102860213,METROPOLITAN NASHVILLE POLICE DEPT,20200775274,Davidson,Nashville,12/18/2020 2:18:00 PM,2,0,0,36.045920,-86.675210,BELL RD,,,,264.00,Feet,West,BLUE HOLE RD,,,,0.00,N,Not at Intersection,N,Non-Junction,None,,,         ,Garrett,Latham,Clear,"Sideswipe, Opposite Direction",no,no,no,no,no,False
102860218,METROPOLITAN NASHVILLE POLICE DEPT,20200775402,Davidson,Nashville,12/18/2020 3:55:00 PM,1,0,0,36.147400,-86.662740,ELM HILL PKE,,,,204.00,Feet,West,AIRPORT CENTER DR,,,,0.00,N,Not at Intersection,N,Non-Junction,None,,,         ,Dontaveous,Eubanks,,Not Collision with Motor Vehicle in Transport,no,no,no,no,no,False
102860219,METROPOLITAN NASHVILLE POLICE DEPT,20200775375,Davidson,Nashville,12/18/2020 3:20:00 PM,2,0,0,36.155550,-86.828210,I 40,,,,0.00,,,,,,,205.60,N,Not at Intersection, ,Non-Junction,None,,,         ,Edward,Starke,Clear,Front to Rear,no,no,no,no,no,False
102860220,METROPOLITAN NASHVILLE POLICE DEPT,20200775474,Davidson,Nashville,12/18/2020 3:46:00 PM,2,0,0,36.119390,-86.711490,GREYMONT DR,,,,163.00,Feet,West,WOODMERE DR,,,,0.00,N,Not at Intersection,N,Non-Junction,Maintenance Zone,Work On Shoulder Or Median,Activity Area,         ,Thomas,Parsons,Clear,Angle,no,no,no,no,yes,False
102860222,METROPOLITAN NASHVILLE POLICE DEPT,20200775516,Davidson,Nashville,12/18/2020 4:00:00 PM,2,0,0,36.173190,-86.791760,JEFFERSON ST,,,,107.00,Feet,West,ROSA L PARKS BLVD,,,,0.00,N,Not at Intersection,N,Non-Junction,None,,,         ,Eric,McCoy,,Front to Rear,no,no,no,no,yes,False
102860224,METROPOLITAN NASHVILLE POLICE DEPT,20200775502,Davidson,Nashville,12/18/2020 4:44:00 PM,2,0,0,36.166650,-86.764700,SHELBY AV,,,,41.00,Feet,West,I24 W ENT RAMP,,,,0.00,N,Not at Intersection, ,Non-Junction,None,,,         ,Nicholas,Berry,,Front to Rear,no,no,no,no,no,False
102860237,METROPOLITAN NASHVILLE POLICE DEPT,20200775485,Davidson,Nashville,12/18/2020 4:35:00 PM,2,0,0,36.149380,-86.761050,CLAIBORNE ST,,,,370.00,Feet,North,LAFAYETTE ST,,,,0.00,N,Not at Intersection, ,Non-Junction,None,,,         ,Reagan,Heath,,Front to Rear,no,no,no,no,no,False
102860247,METROPOLITAN NASHVILLE POLICE DEPT,20200775390,Davidson,Nashville,12/18/2020 3:40:00 PM,3,1,0,36.048570,-86.664820,I 24,,,,0.00,,,,,,,59.00,N,Not at Intersection,N,Non-Junction,None,,,         ,Beri,Scott,Clear,"Sideswipe, Same Direction",no,no,no,no,no,False
102860256,METROPOLITAN NASHVILLE POLICE DEPT,20200775449,Davidson,Nashville,12/18/2020 4:15:00 PM,2,0,0,36.231880,-86.724850,GALLATIN PKE,,,,170.00,Feet,South,INGLEWOOD DR,,,,0.00,N,Not at Intersection,N,Non-Junction,None,,,         ,Randy,Puckett,,Angle,no,no,no,no,no,False
102860286,METROPOLITAN NASHVILLE POLICE DEPT,20200775524,Davidson,Nashville,12/18/2020 5:01:00 PM,2,0,0,36.168090,-86.680030,CROSSFIELD DR,,,,0.00,Feet,East,MCGAVOCK PKE,,,,0.00,N,Not at Intersection,N,Non-Junction,None,,,         ,Evan,Grace,,"Sideswipe, Same Direction",no,no,no,no,no,False
102860289,METROPOLITAN NASHVILLE POLICE DEPT,20200775600,Davidson,Nashville,12/18/2020 5:42:00 PM,3,0,0,36.122630,-86.751700,I440 E ENT RAMP,,,,0.00,Feet,East,I 440,,,,0.00,N,Not at Intersection,N,Non-Junction,None,,,         ,Edin,Plancic,,Front to Rear,no,no,no,no,no,False
102860294,METROPOLITAN NASHVILLE POLICE DEPT,20200775684,Davidson,Nashville,12/18/2020 5:10:00 PM,2,0,0,36.148710,-86.746290,I40 E EXT RAMP,,,,0.00,Feet,East,I 40,,,,0.00,N,Not at Intersection,N,Non-Junction,None,,,         ,Reagan,Heath,,Angle,no,no,no,no,no,False
102860298,METROPOLITAN NASHVILLE POLICE DEPT,20200775649,Davidson,Nashville,12/18/2020 6:12:00 PM,2,0,0,36.233460,-86.767730,I 65,,,,0.00,,,,,,,89.30,N,Not at Intersection,N,Non-Junction,None,,,         ,Christopher,Littles,Clear,"Sideswipe, Same Direction",no,no,no,no,yes,False
102860299,METROPOLITAN NASHVILLE POLICE DEPT,20200775665,Davidson,Not in City Limit,12/18/2020 6:20:00 PM,3,0,0,36.260050,-86.738280,I 65,,,,0.00,,,,,,,92.00,N,Not at Intersection,N,Non-Junction,None,,,         ,Christopher,Littles,Clear,Front to Rear,no,no,no,no,no,False
102860306,METROPOLITAN NASHVILLE POLICE DEPT,20200775696,Davidson,Nashville,12/18/2020 6:39:00 PM,2,0,0,36.085080,-86.702960,HARDING PL,,,,38.00,Feet,West,I24 E ENT RAMP,,,,0.00,N,Not at Intersection,N,Non-Junction,None,,,         ,Edward,Starke,Clear,Front to Rear,no,no,no,no,yes,False
102860309,METROPOLITAN NASHVILLE POLICE DEPT,20200775699,Davidson,Nashville,12/18/2020 12:00:00 AM,2,0,0,36.168890,-86.615560,RIVERBROOK DR,,,,69.00,Feet,East,MAPLETON ALY,,,,0.00,N,Not at Intersection, ,Non-Junction,None,,,         ,Zaire,Murray,Unknown,Unknown,no,no,no,no,yes,False
102860311,METROPOLITAN NASHVILLE POLICE DEPT,20200775515,Davidson,Nashville,12/18/2020 4:55:00 PM,3,1,0,36.098750,-86.656990,OLD MURFREESBORO PKE,,,,708.00,Feet,East,MURFREESBORO PKE,,,,0.00,N,Not at Intersection,N,Non-Junction,None,,,         ,Steven,Powers,,Front to Rear,no,no,no,no,no,False
102860312,METROPOLITAN NASHVILLE POLICE DEPT,20200775655,Davidson,Nashville,12/18/2020 5:25:00 PM,3,1,0,36.131010,-86.629130,BELL RD,,,,618.00,Feet,South,PRIEST WOODS DR,,,,0.00,N,Not at Intersection,N,Non-Junction,None,,,         ,Steven,Powers,,Front to Rear,no,no,no,no,no,False
102860313,METROPOLITAN NASHVILLE POLICE DEPT,20200775648,Davidson,Nashville,12/18/2020 5:23:00 PM,2,1,0,36.124410,-86.630290,BELL RD,,,,0.00,Feet,,PLEASANT HILL RD,,,,0.00,Y,T-Intersection,N,Intersection,None,,,         ,Beri,Scott,Clear,Angle,no,no,no,no,no,False
102860326,METROPOLITAN NASHVILLE POLICE DEPT,20200767611,Davidson,Nashville,12/14/2020 7:55:00 PM,2,0,0,36.140590,-86.724420,I 40,,,,0.00,,,,,,,213.45,N,Not at Intersection, ,Non-Junction,None,,,         ,Ebony,Brown,,"Sideswipe, Same Direction",no,no,no,no,yes,False
102860333,METROPOLITAN NASHVILLE POLICE DEPT,20200775729,Davidson,Nashville,12/18/2020 6:50:00 PM,1,0,0,36.163570,-86.780450,5TH AVN,,,,188.00,Feet,North,CHURCH ST,,,,0.00,N,Not at Intersection,N,Non-Junction,None,,,         ,Gabriel,Vasquez,,Not Collision with Motor Vehicle in Transport,no,no,no,yes,yes,False
102860335,METROPOLITAN NASHVILLE POLICE DEPT,20200775698,Davidson,Not in City Limit,12/18/2020 6:45:00 PM,2,1,0,36.263240,-86.736610,I65 N EXT RAMP,,,,0.00,,,I 65,,,,0.00,Y,OTHER,N,Entrance/Exit Ramp Related,None,,,         ,Matthew,Herod,Clear,Front to Rear,no,no,no,no,no,False
102860343,METROPOLITAN NASHVILLE POLICE DEPT,20200775723,Davidson,Nashville,12/18/2020 7:04:00 PM,2,0,0,36.042260,-86.726470,WOODLANDS AVE,,,,0.00,Feet,,STATE HWY 254,,,,0.00,Y,Y-Intersection,N,Intersection,None,,,         ,Sierra,Walker,Clear,Angle,no,no,no,no,yes,False
102860344,METROPOLITAN NASHVILLE POLICE DEPT,20200775637,Davidson,Nashville,12/18/2020 5:51:00 PM,2,0,0,36.163450,-86.776200,2ND AVN,,,,85.00,Feet,North,COMMERCE ST,,,,0.00,N,Not at Intersection, ,Non-Junction,None,,,         ,David,Snowden,,Front to Rear,no,no,no,no,no,False
102860355,METROPOLITAN NASHVILLE POLICE DEPT,20200775652,Davidson,Nashville,12/18/2020 3:55:00 PM,2,1,0,36.142710,-86.735840,I 40,,,,0.00,,,,,,,212.75,N,Not at Intersection,N,Non-Junction,None,,,         ,Adam,Warren,Clear,Front to Rear,no,no,no,no,no,False
102860356,METROPOLITAN NASHVILLE POLICE DEPT,20200775830,Davidson,Nashville,12/18/2020 7:25:00 PM,2,0,0,36.060070,-86.741050,ELLINGTON CIR,,,,0.00,,,EDMONDSON PKE,,,,0.00,Y,T-Intersection, ,Intersection,None,,,         ,John,McDonnell,,Front to Rear,no,no,no,no,no,False