master_record_number,agency,agency_tracking_number,county,city,collision_date,vehicles_involved,number_injured,number_dead,latitude,longitude,roadway_name,roadway_suffix,roadway_number,roadway_local_id,distance_from_reference,miles-feet_indicator,direction_from_reference,intersection_road_name,intersection_road_name_suffix,intersection_road_number,intersection_local_id,mile_marker,intersection_indicator,intersect_type,interchange_related_indicator,relation_to_junction,work_zone_type,construction_maintenance_zone,construction_maintenance_zone_location,fatal_case_number,officer_first_name,officer_last_name,weather_condition(s),manner_of_crash,pedestrian,bicycle,scooter,parking,hitrun,mou
102860377,METROPOLITAN NASHVILLE POLICE DEPT,20200775901,Davidson,Nashville,12/18/2020 7:21:00 PM,2,0,0,36.066520,-86.725900,NORTHCREST DR,,,,246.00,Feet,North,LEEANNE DR,,,,0.00,N,Not at Intersection, ,,None,,,         ,John,McDonnell,,,no,no,no,no,no,False
102860390,METROPOLITAN NASHVILLE POLICE DEPT,20200775538,Davidson,Nashville,12/18/2020 5:00:00 PM,2,0,0,36.180090,-86.811410,BUCHANAN ST,,,,110.00,Feet,West,DR D B TODD JR BLVD,,,,0.00,N,Not at Intersection,N,Non-Junction,None,,,         ,Jonathan,Sharp,,"Sideswipe, Same Direction",no,no,no,no,yes,False
102860408,METROPOLITAN NASHVILLE POLICE DEPT,20200775869,Davidson,Nashville,12/18/2020 8:28:00 PM,2,3,0,36.069850,-86.593830,MT VIEW RD,,,,0.00,,,DOVE CREEK RD,,,,0.00,Y,T-Intersection,N,Intersection-Related,None,,,         ,Edward,Starke,,Angle,no,no,no,no,no,False
102860409,METROPOLITAN NASHVILLE POLICE DEPT,20200775604,Davidson,Nashville,12/18/2020 5:46:00 PM,2,0,0,36.106150,-86.672950,MURFREESBORO PKE,,,,38.00,Feet,East,DONELSON PKE,,,,0.00,N,Not at Intersection,N,Non-Junction,None,,,         ,Dontaveous,Eubanks,,"Sideswipe, Same Direction",no,no,no,no,yes,False
102860410,METROPOLITAN NASHVILLE POLICE DEPT,20200775928,Davidson,Nashville,12/18/2020 8:23:00 PM,2,0,0,36.218240,-86.728190,GALLATIN PKE,,,,112.00,Feet,North,NORVEL AV,,,,0.00,N,Not at Intersection, ,Non-Junction,None,,,         ,Maryanne,Bartello,,"Sideswipe, Same Direction",no,no,no,no,no,False
102860412,METROPOLITAN NASHVILLE POLICE DEPT,20200775917,Davidson,Nashville,12/18/2020 8:35:00 PM,2,0,0,36.170820,-86.601550,OLD HICKORY BLVD,,,,0.00,,,I40 W EXT RAMP,,,,0.00,Y,OTHER, ,Intersection,None,,,         ,Zaire,Murray,,Angle,no,no,no,no,yes,False
102860413,METROPOLITAN NASHVILLE POLICE DEPT,20200775762,Davidson,Goodlettsville,12/18/2020 6:41:00 PM,2,0,0,36.302550,-86.692130,GALLATIN PKEN,,,,111.00,Feet,West,RIVERGATE MARKETPLACE PVTDR,,,,0.00,N,Not at Intersection, ,Non-Junction,None,,,         ,Christopher,Littles,Clear,Front to Rear,no,no,no,no,no,False
102860414,METROPOLITAN NASHVILLE POLICE DEPT,20200775801,Davidson,Nashville,12/18/2020 7:52:00 PM,2,2,0,36.236570,-86.724460,BRILEY PKWY W EXT RAMP,,,,0.00,,,GALLATIN PKES,,,,0.00,Y,OTHER,N,Entrance/Exit Ramp Related,None,,,         ,Christopher,Littles,Clear,HeadOn,no,no,no,no,no,False
102860430,METROPOLITAN NASHVILLE POLICE DEPT,20200775934,Davidson,Nashville,12/18/2020 9:10:00 PM,2,0,0,36.079580,-86.726330,US HWY 31 ALT,,,,0.00,Feet,,STATE HWY 255,,,,0.00,Y,Four-Way, ,Intersection,None,,,         ,Sierra,Walker,Clear,Angle,no,no,no,no,no,False
102860445,METROPOLITAN NASHVILLE POLICE DEPT,20200775758,Davidson,Nashville,12/18/2020 6:40:00 PM,2,0,0,36.157700,-86.773290,KOREAN VETERANS BLVD,,,,40.00,Feet,East,3RD AVS,,,,0.00,N,Not at Intersection,N,Non-Junction,None,,,         ,Savannah,Starbuck,,"Sideswipe, Same Direction",no,no,no,no,yes,False
102860446,METROPOLITAN NASHVILLE POLICE DEPT,20200775945,Davidson,Nashville,12/18/2020 9:01:00 PM,2,0,0,36.154450,-86.842150,DELAWARE AV,,,,54.00,Feet,East,46TH AVN,,,,0.00,N,Not at Intersection, ,,None,,,         ,Lawrence,Whited,,,no,no,no,no,no,False
102860447,METROPOLITAN NASHVILLE POLICE DEPT,20200775990,Davidson,Nashville,12/18/2020 8:52:00 PM,2,1,0,36.055420,-86.642260,BELL RD,,,,154.00,Feet,North,THE OVERLOOK PVTDR,,,,0.00,N,Not at Intersection,N,Non-Junction,None,,,         ,Laura,Williams,Clear,Angle,no,no,no,no,no,False
102860462,METROPOLITAN NASHVILLE POLICE DEPT,20200775942,Davidson,Nashville,12/18/2020 8:43:00 PM,2,0,0,36.205070,-86.756910,E TRINITY LN,,,,210.00,Feet,East,JONES AV,,,,0.00,N,Not at Intersection, ,Non-Junction,None,,,         ,Tyler,Heckaman,,"Sideswipe, Same Direction",no,no,no,no,no,False
102860479,METROPOLITAN NASHVILLE POLICE DEPT,20200776054,Davidson,Nashville,12/18/2020 12:00:00 AM,2,0,0,36.095170,-86.718160,CATHY JO CIR,,,,321.00,Feet,South,CATHY JO CT,,,,0.00,N,Not at Intersection,N,Non-Junction,None,,,         ,Jonathan,Handley,,Unknown,no,no,no,no,yes,False
102860532,METROPOLITAN NASHVILLE POLICE DEPT,20200776034,Davidson,Nashville,12/18/2020 10:40:00 PM,2,1,0,36.016850,-86.619880,FIRESTONE PKWY,,,,0.00,Feet,,OLD HICKORY BLVD,,,,0.00,Y,Four-Way,N,Intersection,None,,,         ,James,McDugle,Clear,Front to Rear,no,no,no,no,no,False
102860533,METROPOLITAN NASHVILLE POLICE DEPT,20200776224,Davidson,Nashville,12/19/2020 12:42:00 AM,1,1,0,36.136550,-86.727200,I24 E EXT RAMP,,,,0.00,Feet,East,I 24,,,,0.00,N,Not at Intersection,N,Non-Junction,None,,,         ,Garrett,Reingardt,,Not Collision with Motor Vehicle in Transport,no,no,no,no,no,False
102860552,METROPOLITAN NASHVILLE POLICE DEPT,2020-0776247,Davidson,Nashville,12/19/2020 12:00:00 AM,1,0,0,36.149080,-86.667720,ELM HILL PKE,,,,0.00,,,NELSON PL,,,,0.00,Y,T-Intersection,N,Intersection-Related,None,,,         ,Joshua,McGarvey,,Unknown,no,no,no,no,yes,False
102860554,METROPOLITAN NASHVILLE POLICE DEPT,20200776074,Davidson,Nashville,12/18/2020 11:05:00 PM,2,3,0,36.176860,-86.774580,N 1ST ST,,,,0.00,,,SPRING ST,,,,0.00,Y,Four-Way,N,Intersection,None,,,         ,Richard,Luellen,Clear,Front to Rear,no,no,no,no,no,False
102860555,METROPOLITAN NASHVILLE POLICE DEPT,20200776236,Davidson,Nashville,12/19/2020 12:53:00 AM,1,0,0,36.250740,-86.718480,GALLATIN PKES,,,,0.00,,,MOVING CENTER CT,,,,0.00,Y,T-Intersection,N,Non-Junction,None,,,         ,Reuben,Hewit,Clear,Not Collision with Motor Vehicle in Transport,no,no,no,no,yes,False
102860561,METROPOLITAN NASHVILLE POLICE DEPT,20200776237,Davidson,Nashville,12/19/2020 12:56:00 AM,2,0,0,36.080050,-86.959150,I 40,,,,0.00,,,,,,,196.20,N,Not at Intersection, ,Non-Junction,None,,,         ,Christopher,Alceus,,"Sideswipe, Same Direction",no,no,no,no,yes,False
102860562,METROPOLITAN NASHVILLE POLICE DEPT,20200776060,Davidson,Madison,12/18/2020 9:07:00 PM,2,0,0,36.269450,-86.691020,ROOSEVELT AV,,,,18.00,Feet,West,MCARTHUR DR,,,,0.00,N,Not at Intersection, ,Non-Junction,None,,,         ,Cameron,Schmid,Clear,Angle,no,no,no,no,yes,False
102860575,METROPOLITAN NASHVILLE POLICE DEPT,20200776156,Davidson,Nashville,12/18/2020 11:59:00 PM,2,0,0,36.084920,-86.703440,TRAVELERS INN DR,,,,20.00,Feet,South,HARDING PL,,,,0.00,N,Not at Intersection, ,Non-Junction,None,,,         ,Jose,Oliveros,,Angle,no,no,no,no,no,False
102860583,METROPOLITAN NASHVILLE POLICE DEPT,20200776206,Davidson,Not in City Limit,12/19/2020 12:30:00 AM,1,1,0,36.388750,-86.759840,SPRINGFIELD HWY,,,,0.00,,,,,,,0.00,,,N,Non-Junction,None,,,         ,Nelson,Hemingway,Clear,Not Collision with Motor Vehicle in Transport,no,no,no,no,no,False
102860585,METROPOLITAN NASHVILLE POLICE DEPT,20200776098,Davidson,Not in City Limit,12/18/2020 11:00:00 PM,1,0,0,36.262440,-86.678290,VANDIVER DR,,,,251.00,Feet,East,STATE RT 45,,,,0.00,N,Not at Intersection,N,Non-Junction,None,,,         ,Cameron,Schmid,Clear,Not Collision with Motor Vehicle in Transport,no,no,no,no,yes,False
102860598,METROPOLITAN NASHVILLE POLICE DEPT,20200776394,Davidson,Nashville,12/19/2020 2:52:00 AM,2,0,0,36.101930,-86.764950,I 65,,,,0.00,,,,,,,79.20,N,Not at Intersection,N,Non-Junction,None,,,         ,Tony,Mingsing,,"Sideswipe, Same Direction",no,no,no,no,yes,False
102860610,METROPOLITAN NASHVILLE POLICE DEPT,20200776459,Davidson,Nashville,12/19/2020 3:30:00 AM,1,0,0,36.124350,-86.812680,I 440,,,,0.00,,,,,,,2.45,N,Not at Intersection,N,Non-Junction,None,,,         ,Jonathan,Phipps,,Not Collision with Motor Vehicle in Transport,no,no,no,no,no,False
102860611,METROPOLITAN NASHVILLE POLICE DEPT,20200776194,Davidson,Nashville,12/18/2020 11:49:00 PM,2,0,0,36.231510,-86.792450,GWYNNWOOD DR,,,,0.00,,,EWING DR,,,,0.00,Y,Four-Way,N,Intersection,None,,,         ,Joshua,Asbell,Cloudy,Angle,no,no,no,no,no,False
102860623,METROPOLITAN NASHVILLE POLICE DEPT,20200775223,Davidson,Nashville,12/18/2020 1:49:00 PM,2,0,0,36.149490,-86.783860,I 40,,,,0.00,,,,,,,209.60,N,Not at Intersection,Y,Entrance/Exit Ramp Related,None,,,         ,Jackson,Smythe,Clear,"Sideswipe, Same Direction",no,no,no,no,no,False
102860626,METROPOLITAN NASHVILLE POLICE DEPT,20200776553,Davidson,Nashville,12/19/2020 12:00:00 AM,1,0,0,36.163670,-86.823570,31ST AVN,,,,0.00,Feet,East,ALBION ST,,,,0.00,N,Not at Intersection,N,Non-Junction,None,,,         ,Thomas,Clingan,,Not Collision with Motor Vehicle in Transport,no,no,no,no,yes,False
102860627,GOODLETTSVILLE POLICE DEPT,20-36986,Davidson,Goodlettsville,12/18/2020 5:25:00 PM,3,2,0,36.294090,-86.718090,I 65,,,,0.00,,,,,,,94.60,N,Not at Intersection,N,Non-Junction,None,,,         ,Rico,Jones,Clear,Front to Rear,no,no,no,no,no,False
102860634,METROPOLITAN NASHVILLE POLICE DEPT,20200776589,Davidson,Nashville,12/19/2020 5:54:00 AM,2,0,0,36.205890,-86.768570,E TRINITY LN,,,,12.00,Feet,East,DICKERSON PKE,,,,0.00,N,Not at Intersection, ,Non-Junction,None,,,         ,Eric,Cunningham,Clear,Angle,no,no,no,no,no,False
102860647,METROPOLITAN NASHVILLE POLICE DEPT,20200776602,Davidson,Nashville,12/19/2020 6:30:00 AM,1,0,0,36.046480,-86.657330,BELL RD,,,,244.00,Feet,East,COLLINS PARK DR,,,,0.00,N,Not at Intersection,N,Non-Junction,None,,,         ,Esther,Poysti,,Not Collision with Motor Vehicle in Transport,no,no,no,no,no,False
102860651,METROPOLITAN NASHVILLE POLICE DEPT,20200776573,Davidson,Not in City Limit,12/19/2020 5:30:00 AM,2,0,0,36.080580,-86.954930,I40 E ENT RAMP,,,,0.00,Feet,East,I 40,,,,0.00,N,Not at Intersection,N,Non-Junction,None,,,         ,Christopher,Alceus,Clear,Front to Rear,no,no,no,yes,yes,False
102860677,METROPOLITAN NASHVILLE POLICE DEPT,20200776625,Davidson,Nashville,12/19/2020 7:03:00 AM,2,0,0,36.368160,-86.737770,SPRINGFIELD HWY,,,,425.00,Feet,West,GRACELAND DR,,,,0.00,N,Not at Intersection,N,Non-Junction,None,,,         ,Ian,Wilson,,"Sideswipe, Same Direction",no,no,no,no,yes,False
102860699,METROPOLITAN NASHVILLE POLICE DEPT,20200776770,Davidson,Nashville,12/19/2020 9:18:00 AM,2,1,0,36.279400,-86.784150,OLD HICKORY BLVD,,,,179.00,Feet,West,BRICK CHURCH PKE,,,,0.00,N,Not at Intersection,N,Non-Junction,None,,,         ,Michael,McCord,,Front to Rear,no,no,no,no,no,False
102860725,METROPOLITAN NASHVILLE POLICE DEPT,20200776787,Davidson,Nashville,12/19/2020 9:42:00 AM,2,0,0,36.160760,-86.793690,14TH AVN,,,,0.00,Feet,,CHARLOTTE AV,,,,0.00,Y,Four-Way,N,Intersection,None,,,         ,Cecelia,Brown,,Front to Rear,no,no,no,no,no,False
102860739,METROPOLITAN NASHVILLE POLICE DEPT,20200776788,Davidson,Nashville,12/19/2020 9:41:00 AM,1,0,0,36.065090,-86.630520,HAMILTON CROSSINGS,,,,392.00,Feet,West,MURFREESBORO PKE,,,,0.00,N,Not at Intersection,N,Non-Junction,None,,,         ,Robert,Higgins,,Not Collision with Motor Vehicle in Transport,no,no,no,no,yes,False
102860769,METROPOLITAN NASHVILLE POLICE DEPT,20200776965,Davidson,Nashville,12/19/2020 12:00:00 PM,2,0,0,36.117110,-86.791550,GALE LN,,,,0.00,,,GRANNY WHITE PKE,,,,0.00,Y,Four-Way,N,Intersection,None,,,         ,Jackson,Smythe,Cloudy,Angle,no,no,no,no,no,False
102860787,METROPOLITAN NASHVILLE POLICE DEPT,20200776690,Davidson,Nashville,12/18/2020 8:00:00 AM,1,0,0,36.208990,-86.793750,TONEY RD,,,,178.00,Feet,North,WHITES CREEK PKE,,,,0.00,N,Not at Intersection,N,Non-Junction,None,,,         ,Jedidayah,Merriweather,Cloudy,Not Collision with Motor Vehicle in Transport,no,no,no,yes,yes,False
102860849,METROPOLITAN NASHVILLE POLICE DEPT,20200777055,Davidson,Nashville,12/19/2020 12:30:00 PM,2,0,0,36.210860,-86.753710,SLAYDON DR,,,,0.00,Feet,East,OAKWOOD AV,,,,0.00,N,Not at Intersection,N,OtherLocation,None,,,         ,Joshua,Baker,Cloudy,Angle,no,no,no,no,no,False
102860852,METROPOLITAN NASHVILLE POLICE DEPT,20200776929,Davidson,Nashville,12/19/2020 11:30:00 AM,2,0,0,36.223680,-86.868430,BRILEY PKWYS,,,,733.00,Feet,West,BRILEY PKWYW,,,,0.00,N,Not at Intersection,N,Non-Junction,None,,,         ,Kenneth,Oneal,Cloudy,Front to Rear,no,no,no,no,yes,False
102860868,METROPOLITAN NASHVILLE POLICE DEPT,20200777075,Davidson,Nashville,12/19/2020 2:05:00 PM,2,1,0,36.116200,-86.696860,MURFREESBORO PKE,,,,167.00,Feet,East,MCGAVOCK PKE,,,,0.00,N,Not at Intersection,N,Non-Junction,None,,,         ,Rex,Engelbert,,Front to Rear,no,no,no,no,yes,False
102860918,METROPOLITAN NASHVILLE POLICE DEPT,20200777091,Davidson,Nashville,12/19/2020 1:59:00 PM,2,0,0,36.206180,-86.772360,W TRINITY LN,,,,330.00,Feet,East,I65 N ENT RAMP,,,,0.00,N,Not at Intersection, ,Non-Junction,None,,,         ,Maryanne,Bartello,,"Sideswipe, Same Direction",no,no,no,no,no,False
102860929,METROPOLITAN NASHVILLE POLICE DEPT,20200777147,Davidson,Nashville,12/19/2020 2:50:00 PM,2,1,0,36.109620,-86.837390,ABBOTT MARTIN RD,,,,0.00,,,ESTES RD,,,,0.00,Y,Four-Way,N,Intersection,None,,,         ,Matthew,Turppa,Rain,Front to Rear,no,no,no,no,no,False
102860934,METROPOLITAN NASHVILLE POLICE DEPT,20200777215,Davidson,Nashville,12/19/2020 3:27:00 PM,2,0,0,36.235460,-86.724690,GALLATIN PKES,,,,78.00,Feet,North,BRILEY PKWYW,,,,0.00,N,Not at Intersection,N,Non-Junction,None,,,         ,Randy,Puckett,,Angle,no,no,no,no,yes,False
102860950,METROPOLITAN NASHVILLE POLICE DEPT,20200777192,Davidson,Nashville,12/19/2020 3:31:00 PM,2,0,0,36.164440,-86.763090,I 24,,,,0.00,,,,,,,49.10,N,Not at Intersection, ,Non-Junction,None,,,         ,Ryan,Coll,,"Sideswipe, Same Direction",no,no,no,no,no,False
102860951,METROPOLITAN NASHVILLE POLICE DEPT,20200777190,Davidson,Nashville,12/19/2020 12:00:00 AM,1,0,0,36.169850,-86.607000,I40 W ENT RAMP,,,,0.00,Feet,East,I 40,,,,0.00,N,Not at Intersection,N,Non-Junction,None,,,         ,Terence,Mitchell,,Not Collision with Motor Vehicle in Transport,no,no,no,no,no,False
102860952,METROPOLITAN NASHVILLE POLICE DEPT,20200777189,Davidson,Nashville,12/19/2020 3:32:00 PM,2,1,0,36.128290,-86.906990,CHARLOTTE PKE,,,,92.00,Feet,South,CHARLOTTE PKE PVTDR,,,,0.00,N,Not at Intersection,N,Non-Junction,None,,,         ,Brian,DeMarce,Cloudy,Angle,no,no,no,no,no,False
102860955,METROPOLITAN NASHVILLE POLICE DEPT,20200777180,Davidson,Nashville,12/19/2020 1:59:00 PM,2,0,0,36.206270,-86.773490,I65 N EXT RAMP,,,,0.00,,,I65 N ENT RAMP,,,,0.00,Y,Four-Way,Y,Intersection,None,,,         ,Tyler,Heckaman,,Angle,no,no,no,no,no,False
102860963,METROPOLITAN NASHVILLE POLICE DEPT,20200777205,Davidson,Nashville,12/19/2020 3:34:00 PM,3,0,0,36.044940,-86.666950,BELL RD,,,,48.00,Feet,East,CEDAR POINTE PKWY,,,,0.00,N,Not at Intersection,N,Non-Junction,None,,,         ,Garrett,Latham,,Front to Rear,no,no,no,no,no,False
102860966,METROPOLITAN NASHVILLE POLICE DEPT,20200777170,Davidson,Nashville,12/19/2020 3:22:00 PM,1,0,0,36.036280,-86.641190,CROSSINGS BLVD,,,,778.00,Feet,East,CROSSINGS CIR,,,,0.00,N,Not at Intersection,N,Non-Junction,None,,,         ,Laura,Williams,,Not Collision with Motor Vehicle in Transport,no,no,no,no,no,False
102860968,METROPOLITAN NASHVILLE POLICE DEPT,20200777241,Davidson,Nashville,12/19/2020 4:10:00 PM,2,0,0,36.169720,-86.688750,STATE HWY 155,,,,350.00,Feet,North,-- UNKNOWN RAMP/ROAD --,,,,0.00,N,Not at Intersection, ,Non-Junction,None,,,         ,Reagan,Heath,Clear,"Sideswipe, Same Direction",no,no,no,no,no,False
102860993,METROPOLITAN NASHVILLE POLICE DEPT,20200777346,Davidson,Nashville,12/19/2020 5:40:00 PM,3,0,0,36.207550,-86.695480,OPRY MILLS DR,,,,0.00,,,,,,,0.00,,Not at Intersection,N,Non-Junction,None,,,         ,Robert,Higgins,Rain,Angle,no,no,no,yes,yes,False
102860994,METROPOLITAN NASHVILLE POLICE DEPT,20200777291,Davidson,Nashville,12/19/2020 4:57:00 PM,2,0,0,36.150660,-86.749520,I 40,,,,0.00,,,,,,,211.60,N,Not at Intersection,N,Non-Junction,None,,,         ,Douglas,Mann,Clear,Angle,no,no,no,no,yes,False
102860998,METROPOLITAN NASHVILLE POLICE DEPT,20200777327,Davidson,Nashville,12/19/2020 5:29:00 PM,2,0,0,36.174600,-86.765740,SPRING ST,,,,128.00,Feet,South,ELLINGTON PKWY N ENT RAMP,,,,0.00,N,Not at Intersection, ,Entrance/Exit Ramp Related,None,,,         ,Marc,Kozen,,Front to Rear,no,no,no,no,no,False
102861003,METROPOLITAN NASHVILLE POLICE DEPT,20200777380,Davidson,Nashville,12/19/2020 6:17:00 PM,2,2,0,36.128360,-86.900720,I 40,,,,0.00,,,,,,,200.90,N,Not at Intersection,N,Non-Junction,None,,,         ,William,Vanbergen,Rain,"Sideswipe, Same Direction",no,no,no,no,yes,False
102861005,METROPOLITAN NASHVILLE POLICE DEPT,20200767126,Davidson,Nashville,12/14/2020 3:38:00 PM,2,0,0,36.148360,-86.780360,I 40,,,,0.00,,,,,,,209.80,N,Not at Intersection, ,Non-Junction,None,,,         ,Ebony,Brown,,"Sideswipe, Same Direction",no,no,no,no,no,False
102861007,METROPOLITAN NASHVILLE POLICE DEPT,20200777397,Davidson,Nashville,12/19/2020 6:20:00 PM,2,0,0,36.192880,-86.623830,JUAREZ DR,,,,0.00,Feet,,LEBANON PKE,,,,0.00,Y,Four-Way,N,Intersection-Related,None,,,         ,Zaire,Murray,,Front to Rear,no,no,no,no,yes,False
102861008,METROPOLITAN NASHVILLE POLICE DEPT,20200777334,Davidson,Nashville,12/19/2020 5:00:00 PM,2,0,0,36.059490,-86.668750,MOSS RD,,,,0.00,,,UNA ANTIOCH PKE,,,,0.00,Y,T-Intersection, ,Intersection,None,,,         ,Garrett,Latham,,Angle,no,no,no,no,no,False
102861013,METROPOLITAN NASHVILLE POLICE DEPT,20200777372,Davidson,Nashville,12/19/2020 5:20:00 PM,2,0,0,36.235170,-86.712320,BRILEY PKWYE,,,,527.00,Feet,West,BRILEY PKWYW,,,,0.00,N,Not at Intersection,N,Non-Junction,None,,,         ,Peter,Kinsey,,Front to Rear,no,no,no,no,yes,False
102861014,METROPOLITAN NASHVILLE POLICE DEPT,20200777386,Davidson,Not in City Limit,12/19/2020 5:30:00 PM,2,0,0,35.997580,-86.690870,NOLENSVILLE PKE,,,,389.00,Feet,West,CONCORD RD,,,,0.00,N,Not at Intersection, ,Non-Junction,None,,,         ,Emmanuel,Berger,,Angle,no,no,no,no,no,False
102861033,METROPOLITAN NASHVILLE POLICE DEPT,20200777343,Davidson,Not in City Limit,12/19/2020 5:45:00 PM,2,0,0,36.262820,-86.680970,STATE RT 45,,,,0.00,,,RIO VISTA DR,,,,0.00,Y,Four-Way,N,Intersection-Related,None,,,         ,Dylan,Bradley,,Front to Rear,no,no,no,no,yes,False
102861038,METROPOLITAN NASHVILLE POLICE DEPT,20200777324,Davidson,Nashville,12/19/2020 3:40:00 PM,2,0,0,36.079840,-86.725450,HARDING PL,,,,183.00,Feet,West,SEVEN MILE CREEK HARDING MALL,,,,0.00,N,Not at Intersection,N,Non-Junction,None,,,         ,Ebony,Brown,,Angle,no,no,no,no,no,False
102861043,METROPOLITAN NASHVILLE POLICE DEPT,20200777435,Davidson,Nashville,12/19/2020 7:01:00 PM,2,2,0,36.191980,-86.781530,I 65,,,,0.00,,,,,,,86.25,N,Not at Intersection,N,Non-Junction,None,,,         ,Alec,Pellissier,,Angle,no,no,no,no,no,False
102861045,METROPOLITAN NASHVILLE POLICE DEPT,20200777444,Davidson,Nashville,12/19/2020 7:06:00 PM,2,1,0,36.080400,-86.717930,RECOVERY RD,,,,0.00,Feet,,HARDING PL,,,,0.00,Y,Four-Way,N,Intersection-Related,None,,,         ,Gary,Anderson,Rain,Front to Rear,no,no,no,no,no,False
102861053,METROPOLITAN NASHVILLE POLICE DEPT,20200777525,Davidson,Nashville,12/19/2020 8:05:00 PM,2,1,0,36.210920,-86.733110,GREENFIELD AV,,,,0.00,,,GALLATIN PKE,,,,0.00,Y,T-Intersection,N,Intersection,None,,,         ,Randy,Puckett,,Angle,no,no,no,no,no,False
102861054,METROPOLITAN NASHVILLE POLICE DEPT,20200777385,Davidson,Nashville,12/19/2020 6:00:00 PM,2,0,0,36.255960,-86.711880,NEELYS BEND RD,,,,272.00,Feet,East,ARGLE AV,,,,0.00,N,Not at Intersection,N,Non-Junction,None,,,         ,David,Harms,,Angle,no,no,no,no,no,False
102861056,METROPOLITAN NASHVILLE POLICE DEPT,20200777480,Davidson,Nashville,12/19/2020 6:57:00 PM,2,1,0,36.231740,-86.799720,EWING DR,,,,557.00,Feet,East,CLAYMILLE BLVD,,,,0.00,N,Not at Intersection,N,Non-Junction,None,,,         ,Brandon,Chapman,,"Sideswipe, Same Direction",no,no,no,no,yes,False
102861065,METROPOLITAN NASHVILLE POLICE DEPT,20200777496,Davidson,Nashville,12/19/2020 7:38:00 PM,2,1,0,36.152920,-86.730010,LEBANON PKE,,,,2511.00,Feet,West,SPENCE LN,,,,0.00,N,Not at Intersection,N,Non-Junction,None,,,         ,Evan,Grace,,"Sideswipe, Same Direction",no,no,no,no,no,False
102861068,METROPOLITAN NASHVILLE POLICE DEPT,2020077423,Davidson,Nashville,12/19/2020 6:47:00 PM,2,0,0,36.225640,-86.597810,ANDREW JACKSON PKWY,,,,0.00,,,SAUNDERSVILLE RD,,,,0.00,Y,Four-Way,N,Intersection,None,,,         ,Jeffrey,Mullins,,HeadOn,no,no,no,no,no,False
102861069,METROPOLITAN NASHVILLE POLICE DEPT,20200777476,Davidson,Nashville,12/19/2020 7:25:00 PM,3,1,0,36.091780,-86.685280,HARDING PL,,,,0.00,,,MCGAVOCK PKE,,,,0.00,Y,T-Intersection,Y,Intersection,None,,,         ,Laura,Williams,,Angle,no,no,no,no,no,False
102861087,METROPOLITAN NASHVILLE POLICE DEPT,20200777482,Davidson,Nashville,12/19/2020 7:34:00 PM,2,0,0,36.200760,-86.776470,I 65,,,,0.00,,,,,,,86.90,N,Not at Intersection, ,Non-Junction,None,,,         ,Maryanne,Bartello,,"Sideswipe, Same Direction",no,no,no,no,no,False
102861089,BERRY HILL POLICE DEPT,20-4569,Davidson,Berry Hill,12/19/2020 8:16:00 PM,2,0,0,36.124980,-86.776670,INVERNESS AV,,,,0.00,,,FRANKLIN PKE,,,,0.00,Y,T-Intersection, ,,None,,,         ,Roy,Morris,,,no,no,no,no,no,False
102861111,METROPOLITAN NASHVILLE POLICE DEPT,20200777599,Davidson,Nashville,12/19/2020 9:02:00 PM,2,0,0,36.148480,-86.667750,NELSON PL,,,,213.00,Feet,South,ELM HILL PKE,,,,0.00,N,Not at Intersection,N,Non-Junction,None,,,         ,Evan,Grace,,Rear to Rear,no,no,no,yes,yes,False
102861112,THP District 3 - Nashville,320072532,Davidson,Nashville,12/19/2020 2:36:00 PM,3,0,0,36.039400,-86.781900,OLD HICKORY BLVD,,,,47.00,Feet,West,I65 N EXT RAMP,,,,0.00,N,Not at Intersection,N,Non-Junction,None,,,         ,Per,Hser,Clear,Front to Rear,no,no,no,no,no,False
102861114,METROPOLITAN NASHVILLE POLICE DEPT,20200777610,Davidson,Nashville,12/19/2020 9:08:00 PM,1,0,0,36.165270,-86.763180,I24 W ENT RAMP,,,,0.00,Feet,East,I 24,,,,0.00,N,Not at Intersection,N,Non-Junction,None,,,         ,Ryan,Coll,,Not Collision with Motor Vehicle in Transport,no,no,no,no,no,False
102861121,METROPOLITAN NASHVILLE POLICE DEPT,20200777540,Davidson,Nashville,12/19/2020 8:17:00 PM,3,0,0,36.144230,-86.697060,I40 E EXT RAMP,,,,0.00,Feet,East,I 40,,,,0.00,N,Not at Intersection,N,Non-Junction,None,,,         ,Steven,Powers,,Front to Rear,no,no,no,no,yes,False
102861124,METROPOLITAN NASHVILLE POLICE DEPT,20200777328,Davidson,Nashville,12/19/2020 5:31:00 PM,3,1,0,36.141560,-86.671580,I 40,,,,0.00,,,,,,,215.00,N,Not at Intersection,N,Non-Junction,None,,,         ,Mary,Robinson,,Angle,no,no,no,no,no,False
102861125,GOODLETTSVILLE POLICE DEPT,20-37111,Davidson,Goodlettsville,12/19/2020 9:40:00 PM,2,0,0,36.303430,-86.701160,RIVERGATE MALL PVTDR,,,,270.00,Feet,East,RIVERGATE PKWY,,,,0.00,N,Not at Intersection, ,Non-Junction,None,,,         ,Marcus,Zugelder,Rain,Angle,no,no,no,yes,no,False
102861126,METROPOLITAN NASHVILLE POLICE DEPT,20200777625,Davidson,Goodlettsville,12/19/2020 12:00:00 AM,1,0,0,36.302280,-86.692530,GALLATIN PKEN,,,,77.00,Feet,East,TWIN HILLS DR,,,,0.00,N,Not at Intersection, ,,None,,,         ,McKenzie,Harper,,,no,yes,no,no,no,False