master_record_number,agency,agency_tracking_number,county,city,collision_date,vehicles_involved,number_injured,number_dead,latitude,longitude,roadway_name,roadway_suffix,roadway_number,roadway_local_id,distance_from_reference,miles-feet_indicator,direction_from_reference,intersection_road_name,intersection_road_name_suffix,intersection_road_number,intersection_local_id,mile_marker,intersection_indicator,intersect_type,interchange_related_indicator,relation_to_junction,work_zone_type,construction_maintenance_zone,construction_maintenance_zone_location,fatal_case_number,officer_first_name,officer_last_name,weather_condition(s),manner_of_crash,pedestrian,bicycle,scooter,parking,hitrun,mou
102861787,METROPOLITAN NASHVILLE POLICE DEPT,20200779099,Davidson,Nashville,12/20/2020 8:00:00 PM,1,0,0,36.086290,-86.709790,PENFIELD DR,,,,341.00,Feet,North,JEFFERY DR,,,,0.00,N,Not at Intersection,N,Unknown,Unknown,,,         ,Timothy,Ward,Clear,Unknown,no,no,no,no,yes,False
102861788,METROPOLITAN NASHVILLE POLICE DEPT,20200779105,Davidson,Nashville,12/20/2020 8:28:00 PM,3,1,0,36.069440,-86.689620,I 24,,,,0.00,,,,,,,57.00,N,Not at Intersection,N,Non-Junction,None,,,         ,Lisa,Beck,,Front to Rear,no,no,no,no,no,False
102861793,METROPOLITAN NASHVILLE POLICE DEPT,20200779070,Davidson,Nashville,12/20/2020 6:48:00 PM,1,0,0,36.188920,-86.804500,9TH AVN,,,,0.00,,,,,,,0.00,,,N,Non-Junction,None,,,         ,Brandon,Chapman,,Not Collision with Motor Vehicle in Transport,no,no,no,no,yes,False
102861795,METROPOLITAN NASHVILLE POLICE DEPT,20200778706,Davidson,Nashville,12/20/2020 3:04:00 PM,3,2,0,36.069390,-86.689300,I 24,,,,0.00,,,,,,,57.00,N,Not at Intersection,N,Non-Junction,None,,,         ,John,Jones,,"Sideswipe, Same Direction",no,no,no,no,yes,False
102861807,METROPOLITAN NASHVILLE POLICE DEPT,20200779075,Davidson,Nashville,12/20/2020 8:30:00 PM,2,0,0,36.078280,-86.919490,OLD HICKORY BLVD,,,,269.00,Feet,North,BELLE FOREST CONDOS PVTDR,,,,0.00,N,Not at Intersection, ,,None,,,         ,Lawrence,Whited,,,no,no,no,no,no,False
102861828,METROPOLITAN NASHVILLE POLICE DEPT,20200779253,Davidson,Not in City Limit,12/20/2020 10:46:00 PM,1,0,0,36.086290,-86.935730,HICKS RD,,,,175.00,Feet,East,POST RIDGE APTS PVTDR,,,,0.00,N,Not at Intersection,N,Non-Junction,None,,,         ,Travis,Pemberton,Fog,Not Collision with Motor Vehicle in Transport,no,no,no,no,no,False
102861834,METROPOLITAN NASHVILLE POLICE DEPT,20200779276,Davidson,Nashville,12/20/2020 11:00:00 PM,2,0,0,36.046760,-86.673850,BLUE HOLE RD,,,,402.00,Feet,North,BELL RD,,,,0.00,N,Not at Intersection,N,OtherLocation,None,,,         ,Holly,Davis,,Front to Rear,no,no,no,yes,yes,False
102861835,METROPOLITAN NASHVILLE POLICE DEPT,20200779240,Davidson,Nashville,12/20/2020 10:51:00 PM,2,0,0,36.079680,-86.644830,MURFREESBORO PKE,,,,96.00,Feet,North,EDGE O LAKE DR,,,,0.00,N,Not at Intersection,N,Non-Junction,None,,,         ,Jose,Oliveros,,Front to Rear,no,no,no,no,yes,False
102861844,METROPOLITAN NASHVILLE POLICE DEPT,20200779362,Davidson,Nashville,12/20/2020 9:59:00 PM,2,0,0,36.045370,-86.713260,OLD HICKORY BLVD,,,,0.00,Feet,North,NOLENSVILLE PKE,,,,0.00,N,Not at Intersection,N,Non-Junction,None,,,         ,Scarlett,Collins,,Rear to Rear,no,no,no,no,yes,False
102861856,METROPOLITAN NASHVILLE POLICE DEPT,20200779424,Davidson,Nashville,12/21/2020 12:15:00 AM,1,0,0,36.085660,-86.728920,NOLENSVILLE PKE,,,,223.00,Feet,South,ELYSIAN FIELDS RD,,,,0.00,N,Not at Intersection,N,Non-Junction,None,,,         ,Ricardo,Cruz,,Not Collision with Motor Vehicle in Transport,no,no,no,yes,no,False
102861860,METROPOLITAN NASHVILLE POLICE DEPT,20200779330,Davidson,Nashville,12/20/2020 11:33:00 PM,1,0,0,36.156770,-86.760500,I40 W ENT RAMP,,,,0.00,Feet,East,I 24,,,,0.00,N,Not at Intersection,Y,Entrance/Exit Ramp Related,None,,,         ,Michael,Sipos,Clear,Not Collision with Motor Vehicle in Transport,no,no,no,no,no,False
102861867,METROPOLITAN NASHVILLE POLICE DEPT,20200779409,Davidson,Not in City Limit,12/21/2020 12:28:00 AM,1,3,0,36.279800,-86.699280,STONEY RIVER LN,,,,30.00,Feet,South,BETTY LOU DR,,,,0.00,N,Not at Intersection,N,Non-Junction,None,,,         ,Joshua,Dodge,,Not Collision with Motor Vehicle in Transport,no,no,no,no,no,False
102861874,METROPOLITAN NASHVILLE POLICE DEPT,20200779331,Davidson,Nashville,12/20/2020 11:46:00 PM,2,0,0,36.156560,-86.760560,I40 W ENT RAMP,,,,23.00,Feet,South,I 24,,,,0.00,N,Not at Intersection,Y,Entrance/Exit Ramp Related,None,,,         ,James,Wells Jr.,Clear,Front to Rear,no,no,no,no,no,False
102861898,METROPOLITAN NASHVILLE POLICE DEPT,20200779638,Davidson,Nashville,12/21/2020 3:15:00 AM,2,1,0,36.151230,-86.751240,I 40,,,,0.00,,,,,,,211.50,N,Not at Intersection,N,Non-Junction,None,,,         ,Meghan,Pope,,Front to Rear,no,no,no,no,no,False
102861903,METROPOLITAN NASHVILLE POLICE DEPT,20200779285,Davidson,Nashville,12/20/2020 10:50:00 PM,2,0,0,36.191020,-86.798950,VANTAGE WAY CT,,,,0.00,Feet,West,VANTAGE WAY,,,,0.00,N,Not at Intersection, ,Non-Junction,None,,,         ,David,Crisman,Clear,"Sideswipe, Same Direction",no,no,no,no,no,False
102861926,METROPOLITAN NASHVILLE POLICE DEPT,20200779677,Davidson,Nashville,12/21/2020 12:00:00 AM,1,0,0,36.154030,-86.762400,I 40,,,,0.00,,,,,,,210.85,N,Not at Intersection,N,Non-Junction,None,,,         ,Amy,Hirschmann,,Unknown,no,no,no,no,no,False
102861946,METROPOLITAN NASHVILLE POLICE DEPT,20200779759,Davidson,Nashville,12/21/2020 5:28:00 AM,1,0,0,36.110930,-86.721640,I24 W ENT RAMP,,,,0.00,Feet,East,I 24,,,,0.00,N,Not at Intersection,N,Entrance/Exit Ramp Related,None,,,         ,Autumn,Manning,Clear,Not Collision with Motor Vehicle in Transport,no,no,no,no,yes,False
102861961,METROPOLITAN NASHVILLE POLICE DEPT,20200777079,Davidson,Nashville,12/19/2020 12:00:00 AM,2,0,0,36.121210,-86.784310,KNOX AV,,,,153.00,Feet,West,9TH AVS,,,,0.00,N,Not at Intersection,N,Non-Junction,None,,,         ,Jackson,Smythe,Clear,Unknown,no,no,no,no,yes,False
102861967,METROPOLITAN NASHVILLE POLICE DEPT,20200779798,Davidson,Not in City Limit,12/21/2020 5:48:00 AM,1,0,0,36.288800,-86.879850,CLARKSVILLE PKE,,,,247.00,Feet,North,ST LAWRENCE DR,,,,0.00,N,Not at Intersection, ,Non-Junction,None,,,         ,Jack,Crouch,Clear,Not Collision with Motor Vehicle in Transport,no,no,no,no,no,False
102861976,METROPOLITAN NASHVILLE POLICE DEPT,20200779656,Davidson,Nashville,12/21/2020 3:15:00 AM,3,1,0,36.150900,-86.750430,I 40,,,,0.00,,,,,,,211.60,N,Not at Intersection,N,Non-Junction,None,,,         ,Meghan,Pope,,"Sideswipe, Same Direction",no,no,no,no,no,False
102861981,METROPOLITAN NASHVILLE POLICE DEPT,20200779817,Davidson,Nashville,12/21/2020 6:49:00 AM,2,0,0,36.146110,-86.742180,I 40,,,,0.00,,,,,,,212.15,N,Not at Intersection, ,Non-Junction,None,,,         ,Michael,Brooks,,Front to Rear,no,no,no,no,no,False
102862002,METROPOLITAN NASHVILLE POLICE DEPT,20200779821,Davidson,Nashville,12/21/2020 6:45:00 AM,2,0,0,36.194430,-86.865510,BRILEY PKWYN,,,,626.00,Feet,North,BRILEY PKWYS,,,,0.00,N,Not at Intersection,N,Non-Junction,None,,,         ,Justen,Ogle,Cloudy,"Sideswipe, Same Direction",no,no,no,no,no,False
102862011,METROPOLITAN NASHVILLE POLICE DEPT,20200779827,Davidson,Nashville,12/21/2020 6:53:00 AM,2,0,0,36.074480,-86.638650,MURFREESBORO PKE,,,,0.00,Feet,,RURAL HILL RD,,,,0.00,Y,Four-Way,Y,Intersection,None,,,         ,Joshua,Belk,Cloudy,Angle,no,no,no,no,no,False
102862013,METROPOLITAN NASHVILLE POLICE DEPT,20200779958,Davidson,Nashville,12/21/2020 8:23:00 AM,2,0,0,36.215400,-86.588510,TULIP GROVE RD,,,,0.00,,,LEBANON PKE,,,,0.00,Y,Four-Way, ,Intersection,None,,,         ,Michael,Dance,,Angle,no,no,no,no,no,False
102862017,METROPOLITAN NASHVILLE POLICE DEPT,20200780028,Davidson,Nashville,12/21/2020 8:55:00 AM,2,0,0,36.103440,-86.819370,HILLSBORO CIR,,,,407.00,Feet,North,HILLSBORO DR,,,,0.00,N,Not at Intersection, ,Non-Junction,None,,,         ,Douglas,Atwood,Clear,Front to Rear,no,no,no,no,no,False
102862021,METROPOLITAN NASHVILLE POLICE DEPT,20200780062,Davidson,Nashville,12/21/2020 8:47:00 AM,2,0,0,36.198210,-86.615460,GORDON LN,,,,348.00,Feet,West,LUREE LN,,,,0.00,N,Not at Intersection, ,Non-Junction,None,,,         ,Michael,Dance,,"Sideswipe, Opposite Direction",no,no,no,no,no,False
102862022,METROPOLITAN NASHVILLE POLICE DEPT,20200780041,Davidson,Nashville,12/21/2020 9:00:00 AM,2,0,0,36.128680,-86.853180,WHITE BRIDGE PKE,,,,0.00,,,LIONS HEAD VILLAGE PVTDR,,,,0.00,Y,T-Intersection,N,Intersection-Related,None,,,         ,Curtis,Rich,Cloudy,Angle,no,no,no,no,no,False
102862024,METROPOLITAN NASHVILLE POLICE DEPT,20200780037,Davidson,Nashville,12/21/2020 9:00:00 AM,2,0,0,36.245620,-86.721800,GALLATIN PKES,,,,443.00,Feet,North,LAKEWOOD DR,,,,0.00,N,Not at Intersection, ,Non-Junction,None,,,         ,Dillon,Hunt,Clear,"Sideswipe, Same Direction",no,no,no,no,no,False
102862041,THP District 3 - Nashville,320072302,Davidson,Nashville,12/18/2020 2:25:00 PM,2,0,0,36.154050,-86.757570,I 40,,,,0.00,,,,,,,211.10,N,Not at Intersection,Y,OtherLocation,None,,,         ,Alexander,Campbell,Clear,Front to Rear,no,no,no,no,no,False
102862048,METROPOLITAN NASHVILLE POLICE DEPT,20200778656,Davidson,Not in City Limit,12/20/2020 2:00:00 PM,2,0,0,36.276930,-86.796300,OLD HICKORY BLVD,,,,33.00,Feet,West,HICKORY HILLS BLVD,,,,0.00,N,Not at Intersection, ,,None,,,         ,Ricki,Armstrong,,,no,no,no,yes,no,False
102862070,METROPOLITAN NASHVILLE POLICE DEPT,20200780248,Davidson,Nashville,12/21/2020 11:28:00 AM,2,0,0,36.099730,-86.871410,HARDING PKE,,,,0.00,,,HIGHWAY 100,,,,0.00,Y,Y-Intersection, ,Intersection-Related,None,,,         ,Curtis,Rich,Cloudy,Angle,no,no,no,no,no,False
102862079,METROPOLITAN NASHVILLE POLICE DEPT,20200780256,Davidson,Nashville,12/21/2020 11:20:00 AM,2,0,0,36.044350,-86.661550,TARGET DR,,,,0.00,,,CANE RIDGE RD,,,,0.00,Y,T-Intersection,N,Intersection,None,,,         ,Nicholas,Carter,Clear,Angle,no,no,no,no,no,False
102862081,METROPOLITAN NASHVILLE POLICE DEPT,20200780245,Davidson,Not in City Limit,12/21/2020 11:20:00 AM,2,3,0,36.005510,-86.700010,NOLENSVILLE PKE,,,,804.00,Feet,South,CULBERTSON RD,,,,0.00,N,Not at Intersection,N,Non-Junction,None,,,         ,Jackson,Smythe,Clear,HeadOn,no,no,no,no,no,False
102862082,METROPOLITAN NASHVILLE POLICE DEPT,20200780243,Davidson,Nashville,12/21/2020 11:21:00 AM,2,1,0,36.174500,-86.601460,BURNING TREE DR,,,,390.00,Feet,North,CENTRAL PKE,,,,0.00,N,Not at Intersection,N,Non-Junction,None,,,         ,Michael,Dance,,Angle,no,no,no,yes,no,False
102862092,METROPOLITAN NASHVILLE POLICE DEPT,20200780306,Davidson,Nashville,12/21/2020 11:55:00 AM,2,0,0,36.198440,-86.620270,LEBANON PKE,,,,0.00,,,OLD HICKORY BLVD,,,,0.00,Y,Four-Way, ,Non-Junction,None,,,         ,Michael,Dance,,Front to Rear,no,no,no,no,no,False
102862098,METROPOLITAN NASHVILLE POLICE DEPT,20200780301,Davidson,Nashville,12/21/2020 11:57:00 AM,2,0,0,36.214570,-86.597680,ANDREW JACKSON PKWY,,,,201.00,Feet,South,LEBANON PKE,,,,0.00,N,Not at Intersection, ,"Driveway, Alley Access, etc",None,,,         ,Michael,Dance,,"Sideswipe, Same Direction",no,no,no,yes,no,False
102862109,METROPOLITAN NASHVILLE POLICE DEPT,20200780375,Davidson,Nashville,12/21/2020 12:20:00 PM,2,0,0,36.155010,-86.627110,STEWARTS FERRY PKE,,,,0.00,,,I40 E EXT RAMP,,,,0.00,Y,OTHER,Y,Intersection,None,,,         ,Michael,Brooks,,Front to Rear,no,no,no,no,yes,False
102862114,METROPOLITAN NASHVILLE POLICE DEPT,20200780332,Davidson,Nashville,12/21/2020 12:05:00 PM,2,0,0,36.118860,-86.774590,FRANKLIN PKE,,,,0.00,,,BERRY RD,,,,0.00,Y,Four-Way,N,Intersection,None,,,         ,John,Robish,,Angle,no,no,no,no,no,False
102862136,METROPOLITAN NASHVILLE POLICE DEPT,20200780347,Davidson,Nashville,12/21/2020 12:00:00 AM,1,0,0,36.253320,-86.680890,ACADEMY RD,,,,192.00,Feet,West,SANITARIUM RD,,,,0.00,N,Not at Intersection,N,Non-Junction,None,,,         ,Keenan,McCann,Clear,Not Collision with Motor Vehicle in Transport,no,no,no,no,no,False
102862138,METROPOLITAN NASHVILLE POLICE DEPT,20200780322,Davidson,Nashville,12/21/2020 11:54:00 AM,2,0,0,36.155250,-86.790650,15TH AVE N,,,,8.00,Feet,North,US HWY 70S,,,,0.00,N,Not at Intersection, ,Non-Junction,None,,,         ,Michelle,Norris,Clear,"Sideswipe, Same Direction",no,no,no,no,no,False
102862170,METROPOLITAN NASHVILLE POLICE DEPT,20200780388,Davidson,Nashville,12/21/2020 12:47:00 PM,2,0,0,36.165860,-86.781910,5TH AVN,,,,0.00,,,CHARLOTTE AV,,,,0.00,Y,Four-Way, ,Intersection,None,,,         ,Wesley,Young,Clear,Angle,no,no,no,no,no,False
102862171,METROPOLITAN NASHVILLE POLICE DEPT,20200780373,Davidson,Nashville,12/21/2020 12:30:00 PM,2,0,0,36.157470,-86.802000,CHARLOTTE AV,,,,174.00,Feet,West,19TH AVN,,,,0.00,N,Not at Intersection, ,Non-Junction,None,,,         ,Isaac,Wood,,Angle,no,no,no,yes,yes,False
102862181,METROPOLITAN NASHVILLE POLICE DEPT,20200780328,Davidson,Nashville,12/21/2020 12:15:00 PM,2,0,0,36.156450,-86.631310,STEWARTS FERRY PKE,,,,0.00,,,I40 W EXT RAMP,,,,0.00,Y,OTHER, ,Intersection,None,,,         ,Michael,Brooks,,Front to Rear,no,no,no,no,no,False
102862184,METROPOLITAN NASHVILLE POLICE DEPT,20200780331,Davidson,Nashville,12/21/2020 11:46:00 AM,2,0,0,36.183460,-86.736020,CHAPEL AV,,,,296.00,Feet,South,FRANKLIN AV,,,,0.00,N,Not at Intersection, ,Non-Junction,None,,,         ,Torrance,Bennett,,"Sideswipe, Same Direction",no,no,no,no,no,False
102862187,GOODLETTSVILLE POLICE DEPT,20-37241,Davidson,Goodlettsville,12/21/2020 12:45:00 PM,2,0,0,36.323300,-86.713400,N MAIN ST,,,,0.00,,,E CEDAR ST,,,,0.00,Y,T-Intersection, ,Non-Junction,None,,,         ,Brandon,Wright,Clear,"Sideswipe, Same Direction",no,no,no,no,no,False
102862195,METROPOLITAN NASHVILLE POLICE DEPT,20200780298,Davidson,Not in City Limit,12/21/2020 11:15:00 AM,2,0,0,36.279700,-86.708670,GALLATIN PKEN,,,,95.00,Feet,South,ELMORE AV,,,,0.00,N,Not at Intersection,N,Crossover-Related,None,,,         ,Craig,Paschetti,Clear,Angle,no,no,no,no,no,False
102862233,METROPOLITAN NASHVILLE POLICE DEPT,20200780440,Davidson,Nashville,12/21/2020 1:14:00 PM,2,1,0,36.085030,-86.703110,HARDING PL,,,,86.00,Feet,West,I24 E ENT RAMP,,,,0.00,N,Not at Intersection,N,Non-Junction,None,,,         ,Joe,Hooper,Clear,Front to Rear,no,no,no,no,no,False
102862235,METROPOLITAN NASHVILLE POLICE DEPT,20200780319,Davidson,Nashville,12/21/2020 12:15:00 PM,2,1,0,36.070530,-86.636680,BELL RD,,,,511.00,Feet,South,MURFREESBORO PKE,,,,0.00,N,Not at Intersection,N,Non-Junction,None,,,         ,Joshua,Belk,Clear,"Sideswipe, Same Direction",no,no,no,no,no,False
102862240,METROPOLITAN NASHVILLE POLICE DEPT,20200780359,Davidson,Nashville,12/21/2020 12:35:00 PM,2,0,0,36.160400,-86.664390,DONELSON PKE,,,,0.00,,,WOODBERRY DR,,,,0.00,,Not at Intersection, ,,None,,,         ,Flynn,Ireland,,,no,no,no,no,no,False
102862242,METROPOLITAN NASHVILLE POLICE DEPT,20200780474,Davidson,Nashville,12/21/2020 1:55:00 PM,2,0,0,36.136790,-86.727250,I 24,,,,0.00,,,,,,,51.30,N,Not at Intersection,N,Non-Junction,None,,,         ,Michael,Dance,,"Sideswipe, Same Direction",no,no,no,no,no,False
102862247,METROPOLITAN NASHVILLE POLICE DEPT,20200780351,Davidson,Nashville,12/21/2020 12:29:00 PM,1,0,0,36.231180,-86.723660,HAYSBORO AV,,,,373.00,Feet,East,GALLATIN PKE,,,,0.00,N,Not at Intersection,N,Non-Junction,None,,,         ,Faye,Denson,Clear,Not Collision with Motor Vehicle in Transport,no,no,no,no,no,False
102862250,METROPOLITAN NASHVILLE POLICE DEPT,20200780432,Davidson,Nashville,12/21/2020 12:52:00 PM,2,0,0,36.118230,-86.796660,BELMONT BLVD,,,,239.00,Feet,South,CLAYTON AV,,,,0.00,N,Not at Intersection,N,Non-Junction,None,,,         ,Dakota,Davis,,Angle,no,no,no,no,no,False
102862260,METROPOLITAN NASHVILLE POLICE DEPT,20200780382,Davidson,Nashville,12/21/2020 11:50:00 AM,3,0,0,36.047300,-86.862740,OLD HICKORY BLVD,,,,0.00,Feet,,HILLSBORO PKE,,,,0.00,Y,Four-Way,Y,Intersection,None,,,         ,Ryan,Papp,,Front to Rear,no,no,no,no,no,False
102862275,METROPOLITAN NASHVILLE POLICE DEPT,20200780397,Davidson,Not in City Limit,12/21/2020 1:04:00 PM,2,0,0,36.266530,-86.690110,N DUPONT AV,,,,0.00,,,MYATT DR,,,,0.00,Y,Four-Way,N,Intersection-Related,None,,,         ,Michelle,Steidl,,Angle,no,no,no,no,no,False
102862277,METROPOLITAN NASHVILLE POLICE DEPT,20200780503,Davidson,Nashville,12/21/2020 12:00:00 AM,2,0,0,36.160540,-86.760520,I 24,,,,0.00,,,,,,,49.45,N,Not at Intersection,N,Non-Junction,None,,,         ,James,Thornton,Clear,Front to Rear,no,no,no,no,no,False
102862297,METROPOLITAN NASHVILLE POLICE DEPT,20200780564,Davidson,Nashville,12/21/2020 3:11:00 PM,2,0,0,36.040740,-86.651380,I 24,,,,0.00,,,,,,,59.90,N,Not at Intersection, ,Non-Junction,None,,,         ,Edward,Starke,,Front to Rear,no,no,no,no,no,False
102862302,METROPOLITAN NASHVILLE POLICE DEPT,20200780563,Davidson,Nashville,12/21/2020 3:02:00 PM,2,0,0,36.174100,-86.605180,CENTRAL PKE,,,,48.00,Feet,East,CENTRAL PKE ENT RAMP,,,,0.00,N,Not at Intersection, ,Entrance/Exit Ramp Related,None,,,         ,Melina,Tamborella,,Angle,no,no,no,no,no,False
102862308,METROPOLITAN NASHVILLE POLICE DEPT,20200780625,Davidson,Nashville,12/21/2020 3:28:00 PM,2,0,0,36.208560,-86.713070,COOPER LN,,,,0.00,,,BOBBY AV,,,,0.00,Y,T-Intersection,N,Intersection,None,,,         ,Randy,Puckett,Clear,Angle,no,no,no,no,yes,False
102862310,METROPOLITAN NASHVILLE POLICE DEPT,20200780576,Davidson,Nashville,12/21/2020 3:14:00 PM,2,0,0,36.193360,-86.753290,ELLINGTON PKWY S ENT RAMP,,,,0.00,,,ELLINGTON PKWY S EXT RAMP,,,,0.00,Y,T-Intersection,Y,Intersection,None,,,         ,Sarah,Cartwright,,"Sideswipe, Same Direction",no,no,no,no,yes,False
102862311,METROPOLITAN NASHVILLE POLICE DEPT,20200780648,Davidson,Nashville,12/21/2020 3:52:00 PM,2,0,0,36.129100,-86.727030,I24 W ENT RAMP,,,,0.00,Feet,East,I 24,,,,0.00,N,Not at Intersection,N,Non-Junction,None,,,         ,Austin,Binner,,Front to Rear,no,no,no,no,no,False
102862324,METROPOLITAN NASHVILLE POLICE DEPT,20200780574,Davidson,Nashville,12/21/2020 3:14:00 PM,3,0,0,36.042130,-86.653780,I 24,,,,0.00,,,,,,,59.75,N,Not at Intersection,N,Non-Junction,None,,,         ,Edward,Starke,,Front to Rear,no,no,no,no,yes,False
102862332,METROPOLITAN NASHVILLE POLICE DEPT,20200780630,Davidson,Nashville,12/21/2020 3:40:00 PM,2,1,0,36.168300,-86.762610,S 5TH ST,,,,107.00,Feet,South,EDGEFIELD MANOR PVTDR,,,,0.00,N,Not at Intersection,N,Non-Junction,None,,,         ,Donovan,Coble,Clear,Front to Rear,no,no,no,no,no,False
102862335,METROPOLITAN NASHVILLE POLICE DEPT,20200780597,Davidson,Nashville,12/21/2020 3:28:00 PM,2,0,0,36.081940,-86.761280,HARDING PL,,,,138.00,Feet,East,SIDCO DR,,,,0.00,N,Not at Intersection,N,Non-Junction,None,,,         ,Sierra,Walker,,Front to Rear,no,no,no,no,no,False
102862350,METROPOLITAN NASHVILLE POLICE DEPT,20200780694,Davidson,Nashville,12/21/2020 3:45:00 PM,2,0,0,36.076470,-86.640600,MURFREESBORO PKE,,,,385.00,Feet,East,LAKEVILLA DR,,,,0.00,N,Not at Intersection,N,Non-Junction,None,,,         ,Marcus,Darden,,Angle,no,no,no,yes,yes,False
102862355,METROPOLITAN NASHVILLE POLICE DEPT,20200780736,Davidson,Not in City Limit,12/21/2020 4:27:00 PM,2,0,0,36.266640,-86.857680,STENBERG RD,,,,0.00,,,CLARKSVILLE PKE,,,,0.00,Y,T-Intersection, ,Intersection-Related,None,,,         ,William,Boler,,Front to Rear,no,no,no,no,no,False
102862360,METROPOLITAN NASHVILLE POLICE DEPT,20200780808,Davidson,Nashville,12/21/2020 4:21:00 PM,2,0,0,36.076930,-86.641180,MURFREESBORO PKE,,,,111.00,Feet,East,LAKEVILLA DR,,,,0.00,N,Not at Intersection, ,,None,,,         ,Edward,Starke,,,no,no,no,no,no,False
102862364,METROPOLITAN NASHVILLE POLICE DEPT,20200780816,Davidson,Nashville,12/21/2020 5:00:00 PM,2,0,0,36.146720,-86.743760,FESSLERS LN,,,,0.00,Feet,,RUNDLE AV,,,,0.00,Y,T-Intersection,Y,Entrance/Exit Ramp Related,None,,,         ,Derek,Sibley,,Angle,no,no,no,no,yes,False
102862369,METROPOLITAN NASHVILLE POLICE DEPT,20200780774,Davidson,Nashville,12/21/2020 2:50:00 PM,2,0,0,36.090330,-86.626500,SMITH SPRINGS RD,,,,0.00,,,BELL RD,,,,0.00,Y,Four-Way, ,,None,,,         ,Phillip,Burke,,,no,no,no,no,no,False
102862371,METROPOLITAN NASHVILLE POLICE DEPT,20200780835,Davidson,Goodlettsville,12/21/2020 5:42:00 PM,3,0,0,36.290580,-86.722520,I 65,,,,0.00,,,,,,,94.25,N,Not at Intersection, ,Non-Junction,None,,,         ,Christopher,Littles,,Front to Rear,no,no,no,no,no,False
102862374,METROPOLITAN NASHVILLE POLICE DEPT,20200780805,Davidson,Nashville,12/21/2020 5:07:00 PM,3,0,0,36.235130,-86.758320,DICKERSON PKE,,,,10.00,Feet,North,HOMESTEAD RD,,,,0.00,N,Not at Intersection,N,Non-Junction,None,,,         ,Sarah,Cartwright,Clear,Front to Rear,no,no,no,no,no,False
102862380,METROPOLITAN NASHVILLE POLICE DEPT,20200780514,Davidson,Not in City Limit,12/21/2020 2:37:00 PM,1,1,0,36.305500,-86.815650,I 24,,,,0.00,,,,,,,38.40,N,Not at Intersection,N,Non-Junction,None,,,         ,Gabriel,Centeno,,Not Collision with Motor Vehicle in Transport,no,no,no,no,no,False
102862383,METROPOLITAN NASHVILLE POLICE DEPT,20200780842,Davidson,Nashville,12/21/2020 5:44:00 PM,2,0,0,36.044960,-86.666430,BELL RD,,,,201.00,Feet,East,CEDAR POINTE PKWY,,,,0.00,N,Not at Intersection,N,"Driveway, Alley Access, etc",None,,,         ,Gary,Anderson,,Angle,no,no,no,no,no,False
102862384,METROPOLITAN NASHVILLE POLICE DEPT,20200780864,Davidson,Nashville,12/21/2020 5:18:00 PM,2,1,0,36.175860,-86.772080,I 24,,,,0.00,,,,,,,48.00,N,Not at Intersection,N,Non-Junction,None,,,         ,Gabriel,Vasquez,Clear,Front to Rear,no,no,no,no,no,False
102862385,METROPOLITAN NASHVILLE POLICE DEPT,20200780650,Davidson,Not in City Limit,12/21/2020 3:37:00 PM,2,2,0,36.279430,-86.873460,CLARKSVILLE PKE,,,,0.00,,,OLD HICKORY BLVD,,,,0.00,Y,Four-Way,Y,Intersection,None,,,         ,William,Boler,,Angle,no,no,no,no,no,False
102862386,METROPOLITAN NASHVILLE POLICE DEPT,20200780869,Davidson,Nashville,12/21/2020 5:50:00 PM,2,0,0,36.141520,-86.668280,I 40,,,,0.00,,,,,,,218.00,N,Not at Intersection,N,Non-Junction,None,,,         ,Adam,Warren,,Front to Rear,no,no,no,no,yes,False
102862387,METROPOLITAN NASHVILLE POLICE DEPT,20200780789,Davidson,Nashville,12/21/2020 5:05:00 PM,4,4,0,36.144150,-86.692040,I40 W EXT RAMP,,,,0.00,Feet,East,I 40,,,,0.00,N,Not at Intersection,N,Non-Junction,None,,,         ,Evan,Grace,,Front to Rear,no,no,no,no,no,False
102862393,METROPOLITAN NASHVILLE POLICE DEPT,20200780697,Davidson,Nashville,12/21/2020 3:52:00 PM,1,0,0,36.066690,-86.770700,I 65,,,,0.00,,,,,,,76.70,N,Not at Intersection, ,Non-Junction,None,,,         ,Sierra,Walker,,Not Collision with Motor Vehicle in Transport,no,no,no,no,no,False
102862402,METROPOLITAN NASHVILLE POLICE DEPT,20200780948,Davidson,Nashville,12/21/2020 6:55:00 PM,2,0,0,36.144290,-86.695230,I 40,,,,0.00,,,,,,,215.00,N,Not at Intersection, ,,None,,,         ,Reagan,Heath,,,no,no,no,no,no,False
102862407,METROPOLITAN NASHVILLE POLICE DEPT,20200780923,Davidson,Nashville,12/21/2020 6:23:00 PM,2,0,0,36.069470,-86.693050,HAYWOOD LN,,,,97.00,Feet,West,HAYWOOD SQUARE PVTDR,,,,0.00,N,Not at Intersection, ,Non-Junction,None,,,         ,Edward,Starke,,Angle,no,no,no,no,no,False
102862408,THP District 3 - Nashville,320072950,Davidson,Nashville,12/21/2020 6:05:00 PM,2,0,0,36.025940,-86.784930,I 65,,,,0.00,,,,,,,73.65,N,Not at Intersection, ,Non-Junction,None,,,         ,Per,Hser,Clear,Front to Rear,no,no,no,no,no,False