master_record_number,agency,agency_tracking_number,county,city,collision_date,vehicles_involved,number_injured,number_dead,latitude,longitude,roadway_name,roadway_suffix,roadway_number,roadway_local_id,distance_from_reference,miles-feet_indicator,direction_from_reference,intersection_road_name,intersection_road_name_suffix,intersection_road_number,intersection_local_id,mile_marker,intersection_indicator,intersect_type,interchange_related_indicator,relation_to_junction,work_zone_type,construction_maintenance_zone,construction_maintenance_zone_location,fatal_case_number,officer_first_name,officer_last_name,weather_condition(s),manner_of_crash,pedestrian,bicycle,scooter,parking,hitrun,mou
102863052,METROPOLITAN NASHVILLE POLICE DEPT,20200782701,Davidson,Nashville,12/22/2020 4:15:00 PM,2,0,0,36.113950,-86.810880,WOODMONT BLVD,,,,0.00,,,HILLSBORO PKE,,,,0.00,Y,Four-Way,N,Intersection,None,,,         ,Matthew,Turppa,Clear,Front to Rear,no,no,no,no,yes,False
102863055,METROPOLITAN NASHVILLE POLICE DEPT,20200782659,Davidson,Nashville,12/22/2020 4:33:00 PM,1,1,0,36.154050,-86.757570,I 40,,,,0.00,,,,,,,211.10,N,Not at Intersection,N,Non-Junction,None,,,         ,Derek,Sibley,,Not Collision with Motor Vehicle in Transport,no,no,no,no,no,False
102863059,METROPOLITAN NASHVILLE POLICE DEPT,20200782733,Davidson,Nashville,12/22/2020 3:58:00 PM,2,0,0,36.159190,-86.822150,I 40,,,,0.00,,,,,,,205.95,N,Not at Intersection,N,Non-Junction,None,,,         ,Ryan,Malone,Clear,Front to Rear,no,no,no,no,no,False
102863064,METROPOLITAN NASHVILLE POLICE DEPT,20200782574,Davidson,Nashville,12/22/2020 3:49:00 PM,3,2,0,36.255010,-86.715230,MADISON BLVD,,,,0.00,,,GALLATIN PKES,,,,0.00,Y,T-Intersection,N,Intersection,None,,,         ,Marcus,Mitchell,,Angle,no,no,no,no,yes,False
102863070,METROPOLITAN NASHVILLE POLICE DEPT,20200780790,Davidson,Nashville,12/21/2020 4:40:00 PM,2,0,0,36.127410,-86.772510,I 65,,,,0.00,,,,,,,80.90,N,Not at Intersection,N,Non-Junction,None,,,         ,Savannah,Starbuck,Clear,"Sideswipe, Same Direction",no,no,no,no,yes,False
102863074,METROPOLITAN NASHVILLE POLICE DEPT,20200782761,Davidson,Nashville,12/22/2020 4:42:00 PM,2,1,0,36.099400,-86.710900,I 24,,,,0.00,,,,,,,54.60,N,Not at Intersection,N,Non-Junction,None,,,         ,Edward,Starke,Clear,"Sideswipe, Same Direction",no,no,no,no,yes,False
102863081,METROPOLITAN NASHVILLE POLICE DEPT,20200782734,Davidson,Nashville,12/22/2020 5:05:00 PM,2,0,0,36.121060,-86.764170,I 440,,,,0.00,,,,,,,5.55,N,Not at Intersection,N,Non-Junction,None,,,         ,Douglas,Sykes,,Front to Rear,no,no,no,no,no,False
102863088,METROPOLITAN NASHVILLE POLICE DEPT,20200782861,Davidson,Nashville,12/22/2020 12:00:00 AM,2,0,0,36.185050,-86.764750,LISCHEY AV,,,,132.00,Feet,South,WILBURN ST,,,,0.00,N,Not at Intersection,N,Non-Junction,None,,,         ,Sarah,Cartwright,Clear,Unknown,no,no,no,no,yes,False
102863089,METROPOLITAN NASHVILLE POLICE DEPT,20200782690,Davidson,Nashville,12/22/2020 3:50:00 PM,2,1,0,36.109360,-86.727660,BRILEY PKWYN,,,,118.00,Feet,East,BRILEY PKWYS,,,,0.00,N,Not at Intersection,N,Non-Junction,None,,,         ,Edward,Starke,Clear,Front to Rear,no,no,no,no,no,False
102863093,METROPOLITAN NASHVILLE POLICE DEPT,20200782869,Davidson,Goodlettsville,12/22/2020 6:14:00 PM,2,2,0,36.304000,-86.690030,GALLATIN PKEN,,,,405.00,Feet,West,LIBERTY LN,,,,0.00,N,Not at Intersection,N,Non-Junction,None,,,         ,Christopher,Littles,,Front to Rear,no,no,no,no,no,False
102863094,METROPOLITAN NASHVILLE POLICE DEPT,20200782597,Davidson,Not in City Limit,12/22/2020 3:55:00 PM,2,1,0,36.060740,-86.949250,MORTON MILL RD,,,,40.00,Feet,North,HARPETH LAKE CT,,,,0.00,N,Not at Intersection,N,Non-Junction,None,,,         ,William,Vanbergen,Clear,Front to Rear,no,no,no,no,no,False
102863097,METROPOLITAN NASHVILLE POLICE DEPT,20200782908,Davidson,Nashville,12/22/2020 6:20:00 PM,2,0,0,36.183650,-86.610660,OLD HICKORY BLVD,,,,0.00,,,ANDREW JACKSON PKWY,,,,0.00,Y,Four-Way, ,Intersection-Related,None,,,         ,Melina,Tamborella,,Front to Rear,no,no,no,no,no,False
102863108,METROPOLITAN NASHVILLE POLICE DEPT,20200782756,Davidson,Nashville,12/22/2020 5:16:00 PM,2,1,0,36.181670,-86.774080,DICKERSON PKE,,,,0.00,,,N 1ST ST,,,,0.00,Y,OTHER,Y,Intersection,None,,,         ,D’Mitri,Mackall,Clear,Angle,no,no,no,no,no,False
102863113,METROPOLITAN NASHVILLE POLICE DEPT,20200782752,Davidson,Nashville,12/22/2020 5:07:00 PM,2,0,0,36.049390,-86.651380,BELL RD,,,,112.00,Feet,East,HICKORY HOLLOW MALL PVTDR PL,,,,0.00,N,Not at Intersection, ,Non-Junction,None,,,         ,Marcus,Darden,Clear,Front to Rear,no,no,no,no,no,False
102863139,METROPOLITAN NASHVILLE POLICE DEPT,20200782850,Davidson,Nashville,12/22/2020 6:00:00 PM,2,1,0,36.040900,-86.779380,STONE BROOK DR,,,,0.00,,,OLD HICKORY BLVD,,,,0.00,Y,Four-Way,N,Intersection,None,,,         ,Tyler,Shanks,,Angle,no,no,no,no,no,False
102863146,METROPOLITAN NASHVILLE POLICE DEPT,20200782718,Davidson,Nashville,12/22/2020 1:55:00 PM,2,0,0,36.109370,-86.766380,POWELL AV,,,,621.00,Feet,South,OLD POWELL AV,,,,0.00,N,Not at Intersection,N,Non-Junction,None,,,         ,Savannah,Starbuck,Clear,Angle,no,no,no,no,no,False
102863159,METROPOLITAN NASHVILLE POLICE DEPT,20200782988,Davidson,Not in City Limit,12/22/2020 7:08:00 PM,1,0,0,36.276420,-86.808380,OLD HICKORY BLVD,,,,1525.00,Feet,West,BLEVINS RD,,,,0.00,N,Not at Intersection,N,Non-Junction,None,,,         ,William,Boler,,Not Collision with Motor Vehicle in Transport,no,no,no,yes,yes,False
102863166,METROPOLITAN NASHVILLE POLICE DEPT,2020-0757943,Davidson,Nashville,12/9/2020 5:40:00 PM,2,0,0,36.093040,-86.680530,HARDING PL,,,,0.00,Feet,West,AIRPARK CENTER DR,,,,0.00,N,Not at Intersection,N,Non-Junction,None,,,         ,Coleman,Womack,Clear,"Sideswipe, Same Direction",no,no,no,no,yes,False
102863179,METROPOLITAN NASHVILLE POLICE DEPT,20200783037,Davidson,Nashville,12/22/2020 7:42:00 PM,2,1,0,36.180590,-86.796350,GARFIELD ST,,,,0.00,,,ROSA L PARKS BLVD,,,,0.00,Y,Four-Way,Y,Intersection,None,,,         ,William,Boler,,Front to Rear,no,no,no,no,no,False
102863192,METROPOLITAN NASHVILLE POLICE DEPT,20200782479,Davidson,Nashville,12/22/2020 3:59:00 PM,2,0,0,36.077300,-86.739060,HARDING PL,,,,298.00,Feet,East,BINKLEY DR,,,,0.00,N,Not at Intersection, ,Non-Junction,None,,,         ,Ebony,Brown,,"Sideswipe, Same Direction",no,no,no,no,no,False
102863195,METROPOLITAN NASHVILLE POLICE DEPT,20200783171,Davidson,Nashville,12/22/2020 9:26:00 PM,2,0,0,36.155450,-86.785510,11TH AVS,,,,189.00,Feet,North,DEMONBREUN ST,,,,0.00,N,Not at Intersection,N,Non-Junction,None,,,         ,Philip,Claibourne,Clear,Angle,no,no,no,yes,yes,False
102863197,METROPOLITAN NASHVILLE POLICE DEPT,20200783174,Davidson,Nashville,12/22/2020 9:40:00 PM,2,0,0,36.192100,-86.780520,I 65,,,,0.00,,,,,,,86.30,N,Not at Intersection,Y,Entrance/Exit Ramp Related,None,,,         ,Jonathan,Sharp,,"Sideswipe, Same Direction",no,no,no,no,yes,False
102863200,METROPOLITAN NASHVILLE POLICE DEPT,20200783128,Davidson,Nashville,12/22/2020 9:12:00 PM,2,0,0,36.220640,-86.762050,DICKERSON PKE,,,,228.00,Feet,South,PINE RIDGE DR,,,,0.00,N,Not at Intersection, ,Non-Junction,None,,,         ,Marc,Kozen,Clear,Front to Rear,no,no,no,no,yes,False
102863206,METROPOLITAN NASHVILLE POLICE DEPT,20200783181,Davidson,Nashville,12/22/2020 12:00:00 AM,2,0,0,36.209380,-86.870280,ASHLAND CITY HWY EB ENT RAMP,,,,0.00,Feet,East,ASHLAND CITY HWY WB ENT RAMP,,,,0.00,N,Not at Intersection,N,Non-Junction,None,,,         ,Melvin,Taylor,Clear,"Sideswipe, Same Direction",no,no,no,no,yes,False
102863207,METROPOLITAN NASHVILLE POLICE DEPT,20200782485,Davidson,Nashville,12/22/2020 3:02:00 PM,3,0,0,36.204770,-86.752500,E TRINITY LN,,,,27.00,Feet,East,OAKWOOD AV,,,,0.00,N,Not at Intersection, ,Non-Junction,None,,,         ,Tyler,Heckaman,Clear,Front to Rear,no,no,no,no,no,False
102863220,METROPOLITAN NASHVILLE POLICE DEPT,20200783220,Davidson,Nashville,12/22/2020 8:45:00 PM,2,0,0,36.105600,-86.671760,MURFREESBORO PKE,,,,14.00,Feet,East,EZELL PKE,,,,0.00,N,Not at Intersection, ,,None,,,         ,Torry,Hill,,,no,no,no,no,no,False
102863240,METROPOLITAN NASHVILLE POLICE DEPT,20200783228,Davidson,Nashville,12/22/2020 9:45:00 PM,2,0,0,36.090790,-86.762790,I 65,,,,0.00,,,,,,,78.40,N,Not at Intersection,N,Non-Junction,None,,,         ,Taylor,Hurley,,"Sideswipe, Same Direction",no,no,no,no,yes,False
102863268,METROPOLITAN NASHVILLE POLICE DEPT,20200783323,Davidson,Nashville,12/23/2020 12:07:00 AM,1,0,0,36.166140,-86.750130,DEW ST,,,,69.00,Feet,West,S 12TH ST,,,,0.00,N,Not at Intersection,N,Non-Junction,None,,,         ,Shaquille,Graham,,Not Collision with Motor Vehicle in Transport,no,no,no,no,yes,False
102863269,METROPOLITAN NASHVILLE POLICE DEPT,20200783316,Davidson,Nashville,12/22/2020 11:38:00 PM,1,0,0,36.153350,-86.650810,IRONWOOD DR,,,,27.00,Feet,South,LAKELAND DR,,,,0.00,N,Not at Intersection,N,Non-Junction,None,,,         ,Meghan,Pope,,Not Collision with Motor Vehicle in Transport,no,no,no,no,yes,False
102863272,METROPOLITAN NASHVILLE POLICE DEPT,20200783333,Davidson,Not in City Limit,12/23/2020 12:19:00 AM,1,2,0,36.031930,-86.967920,UNION BRIDGE RD,,,,0.00,Feet,,PASQUO RD,,,,0.00,Y,T-Intersection,N,Intersection-Related,None,,,         ,David,Moser,Clear,Not Collision with Motor Vehicle in Transport,no,no,no,no,no,False
102863278,METROPOLITAN NASHVILLE POLICE DEPT,20200783469,Davidson,Nashville,12/23/2020 2:25:00 AM,2,1,0,36.134430,-86.775620,I 65,,,,0.00,,,,,,,81.40,N,Not at Intersection,N,Non-Junction,None,,,         ,Tony,Mingsing,,"Sideswipe, Same Direction",no,no,no,no,no,False
102863303,METROPOLITAN NASHVILLE POLICE DEPT,20200783587,Davidson,Nashville,12/23/2020 12:00:00 AM,1,0,0,36.173680,-86.606640,CENTRAL PKE EXIT RAMP,,,,0.00,Feet,East,CENTRAL PKE,,,,0.00,N,Not at Intersection,N,Non-Junction,None,,,         ,Clayton,Smith,,Not Collision with Motor Vehicle in Transport,no,no,no,no,yes,False
102863337,METROPOLITAN NASHVILLE POLICE DEPT,20200783731,Davidson,Nashville,12/23/2020 5:33:00 AM,1,0,0,36.084268,-86.605726,ANDERSON,RD,,,100.00,Feet,North,NAUTILUS,DR,,,0.00,N,Not at Intersection, ,Non-Junction,None,,,         ,Michael,Brooks,Clear,Not Collision with Motor Vehicle in Transport,no,no,no,no,no,False
102863350,METROPOLITAN NASHVILLE POLICE DEPT,20200782261,Davidson,Nashville,12/22/2020 12:22:00 PM,2,0,0,36.245420,-86.760310,SKYLINE COMMONS PVTDR,,,,0.00,Feet,East,DOVERSIDE DR,,,,0.00,N,Not at Intersection,N,OtherLocation,None,,,         ,Broderick,Jones,,Rear to Side,no,no,no,yes,yes,False
102863359,METROPOLITAN NASHVILLE POLICE DEPT,20200783806,Davidson,Nashville,12/23/2020 7:43:00 AM,2,0,0,36.090330,-86.626500,SMITH SPRINGS RD,,,,0.00,,,BELL RD,,,,0.00,Y,Four-Way, ,,None,,,         ,Michael,Dance,,,no,no,no,no,no,False
102863367,METROPOLITAN NASHVILLE POLICE DEPT,20200783832,Davidson,Nashville,12/23/2020 8:08:00 AM,2,0,0,36.098980,-86.716760,ANTIOCH PKE,,,,222.00,Feet,East,MCCALL ST,,,,0.00,N,Not at Intersection,N,Non-Junction,None,,,         ,Joe,Hooper,Clear,Front to Rear,no,no,no,no,yes,False
102863372,METROPOLITAN NASHVILLE POLICE DEPT,20200783879,Davidson,Nashville,12/23/2020 8:17:00 AM,2,0,0,36.154760,-86.760370,I 40,,,,0.00,,,,,,,211.00,N,Not at Intersection,N,Non-Junction,None,,,         ,Wesley,Young,Clear,"Sideswipe, Same Direction",no,no,no,no,yes,False
102863375,METROPOLITAN NASHVILLE POLICE DEPT,20200783828,Davidson,Nashville,12/23/2020 8:02:00 AM,2,1,0,36.102100,-86.817500,HILLSBORO PKE,,,,117.00,Feet,North,HILLSBORO DR,,,,0.00,N,Not at Intersection,N,Non-Junction,None,,,         ,Justin,Pinkelton,,Angle,no,no,no,no,no,False
102863406,METROPOLITAN NASHVILLE POLICE DEPT,20200783934,Davidson,Antioch,12/23/2020 9:15:00 AM,2,2,0,36.054360,-86.618810,MURFREESBORO,PIKE,US41,,0.00,,,MT VIEW,RD,,,0.00,Y,Four-Way,N,Intersection,None,,,         ,Joe,Hooper,Clear,Angle,no,no,no,no,no,False
102863410,METROPOLITAN NASHVILLE POLICE DEPT,20200783952,Davidson,Nashville,12/23/2020 9:25:00 AM,2,0,0,36.084920,-86.703440,TRAVELERS INN DR,,,,0.00,,,HARDING PL,,,,0.00,Y,T-Intersection, ,Intersection-Related,None,,,         ,Lee,Davis,Cloudy,Angle,no,no,no,no,no,False
102863418,METROPOLITAN NASHVILLE POLICE DEPT,20200768310,Davidson,Nashville,12/15/2020 5:54:00 AM,2,1,0,36.151350,-86.768340,2ND AVE S,,,,0.00,,,-- UNKNOWN RAMP/ROAD --,,,,0.00,Y,Four-Way,Y,Intersection,None,,,         ,Kevin,Coleman,Clear,Angle,no,no,no,no,no,False
102863453,METROPOLITAN NASHVILLE POLICE DEPT,20200784118,Davidson,Nashville,12/23/2020 10:59:00 AM,2,0,0,36.086720,-86.693140,HARDING PL,,,,0.00,,,,,,,0.00,,, ,Non-Junction,None,,,         ,Jason,Hees,Clear,Front to Rear,no,no,no,yes,yes,False
102863478,METROPOLITAN NASHVILLE POLICE DEPT,20200784163,Davidson,Nashville,12/23/2020 12:00:00 AM,2,0,0,36.173340,-86.749350,LILLIAN ST,,,,328.00,Feet,East,S 11TH ST,,,,0.00,N,Not at Intersection,N,Non-Junction,None,,,         ,Douglas,Smith,,Unknown,no,no,no,no,yes,False
102863484,METROPOLITAN NASHVILLE POLICE DEPT,20200784238,Davidson,Nashville,12/23/2020 12:15:00 PM,1,0,0,36.120260,-86.802420,I 440,,,,0.00,,,,,,,3.00,N,Not at Intersection,N,Entrance/Exit Ramp Related,None,,,         ,Hendrik,Kruger,,Not Collision with Motor Vehicle in Transport,no,no,no,no,yes,False
102863496,METROPOLITAN NASHVILLE POLICE DEPT,20200784211,Davidson,Nashville,12/23/2020 11:59:00 AM,2,0,0,36.098430,-86.709880,I 24,,,,0.00,,,,,,,54.70,N,Not at Intersection, ,Non-Junction,None,,,         ,Lee,Davis,Clear,Front to Rear,no,no,no,no,no,False
102863500,METROPOLITAN NASHVILLE POLICE DEPT,20200784240,Davidson,Nashville,12/23/2020 12:20:00 PM,2,0,0,36.146720,-86.743760,FESSLERS LN,,,,0.00,,,RUNDLE AV,,,,0.00,Y,T-Intersection,N,Entrance/Exit Ramp Related,None,,,         ,Michael,Dance,,"Sideswipe, Same Direction",no,no,no,no,no,False
102863505,METROPOLITAN NASHVILLE POLICE DEPT,20200784222,Davidson,Nashville,12/23/2020 12:05:00 PM,2,0,0,36.210940,-86.838480,NORTHSIDE STATION PVTDR,,,,135.00,Feet,East,CLARKSVILLE PKE,,,,0.00,N,Not at Intersection,N,Non-Junction,Construction Zone,Work On Shoulder Or Median,Transition Area,         ,Gretta,Ireland,Clear,"Sideswipe, Same Direction",no,no,no,no,no,False
102863506,METROPOLITAN NASHVILLE POLICE DEPT,20200784231,Davidson,Nashville,12/23/2020 12:12:00 PM,1,0,0,36.188000,-86.755180,ELLINGTON PKWYN,,,,951.00,Feet,East,ELLINGTON PKWY N ENT RAMP,,,,0.00,N,Not at Intersection,N,Non-Junction,None,,,         ,Doyle,Price,,Not Collision with Motor Vehicle in Transport,no,no,no,no,no,False
102863508,METROPOLITAN NASHVILLE POLICE DEPT,20200784248,Davidson,Madison,12/23/2020 12:29:00 PM,2,3,0,36.272700,-86.710170,GALLATIN PKEN,,,,30.00,Feet,South,NESBITT LN,,,,0.00,N,Not at Intersection,N,Non-Junction,None,,,         ,William,Coy,,HeadOn,no,no,no,no,no,False
102863533,METROPOLITAN NASHVILLE POLICE DEPT,20200784233,Davidson,Nashville,12/23/2020 12:10:00 PM,2,0,0,36.098460,-86.709900,I 24,,,,0.00,,,,,,,54.70,N,Not at Intersection,N,Non-Junction,None,,,         ,Neil,Wolfe,,Angle,no,no,no,no,no,False
102863544,METROPOLITAN NASHVILLE POLICE DEPT,20200782955,Davidson,Nashville,12/22/2020 6:29:00 PM,2,0,0,36.130070,-86.900780,CHARLOTTE PKE,,,,0.00,,,CABOT DR,,,,0.00,Y,OTHER,N,Intersection-Related,None,,,         ,Torian,Cox,Clear,Angle,no,no,no,no,yes,False
102863545,METROPOLITAN NASHVILLE POLICE DEPT,20200784303,Davidson,Nashville,12/23/2020 12:58:00 PM,2,0,0,36.251170,-86.757350,DICKERSON PKE,,,,107.00,Feet,South,MULBERRY DOWNS CIR,,,,0.00,N,Not at Intersection, ,Non-Junction,None,,,         ,Cyretha,Frazier,,"Sideswipe, Same Direction",no,no,no,no,no,False
102863549,METROPOLITAN NASHVILLE POLICE DEPT,20200784355,Davidson,Nashville,12/23/2020 1:33:00 PM,1,0,0,36.155030,-86.805460,MURPHY AV,,,,198.00,Feet,East,22ND AVN,,,,0.00,N,Not at Intersection, ,Non-Junction,None,,,         ,Hendrik,Kruger,,Not Collision with Motor Vehicle in Transport,no,no,no,yes,no,False
102863551,METROPOLITAN NASHVILLE POLICE DEPT,20200784127,Davidson,Nashville,12/23/2020 10:30:00 AM,1,0,0,36.151780,-86.771190,LAFAYETTE ST,,,,19.00,Feet,East,4TH AVS,,,,0.00,N,Not at Intersection,N,Non-Junction,None,,,         ,Matthew,Hogan,,Not Collision with Motor Vehicle in Transport,yes,no,no,no,yes,False
102863554,METROPOLITAN NASHVILLE POLICE DEPT,20200784314,Davidson,Nashville,12/23/2020 1:05:00 PM,3,0,0,36.171710,-86.768420,I 24,,,,0.00,,,,,,,48.35,N,Not at Intersection,N,Non-Junction,None,,,         ,Marvin,Williams,,Front to Rear,no,no,no,no,no,False
102863557,METROPOLITAN NASHVILLE POLICE DEPT,20200784295,Davidson,Nashville,12/23/2020 12:32:00 PM,1,0,0,36.173980,-86.801670,HEIMAN ST,,,,275.00,Feet,East,14TH AVN,,,,0.00,N,Not at Intersection, ,Non-Junction,None,,,         ,Keith,Parlato,Clear,Not Collision with Motor Vehicle in Transport,no,no,no,no,no,False
102863560,METROPOLITAN NASHVILLE POLICE DEPT,20200784361,Davidson,Nashville,12/23/2020 12:00:00 AM,2,0,0,36.172220,-86.768900,I 24,,,,0.00,,,,,,,48.30,N,Not at Intersection, ,Non-Junction,None,,,         ,James,Thornton,,Front to Rear,no,no,no,no,no,False
102863562,METROPOLITAN NASHVILLE POLICE DEPT,20200784202,Davidson,Not in City Limit,12/23/2020 11:55:00 AM,2,1,0,35.993220,-86.685360,NOLENSVILLE RD,,,,918.00,Feet,North,BURKITT RD,,,,0.00,N,Not at Intersection,N,Non-Junction,None,,,         ,Robert,Higgins,Clear,Front to Rear,no,no,no,no,no,False
102863564,METROPOLITAN NASHVILLE POLICE DEPT,2020780512,Davidson,Nashville,12/21/2020 1:30:00 PM,2,0,0,36.040900,-86.779380,STONE BROOK DR,,,,0.00,,,OLD HICKORY BLVD,,,,0.00,Y,Four-Way, ,Non-Junction,None,,,         ,Edward,Rucker,Clear,Front to Rear,no,no,no,no,no,False
102863566,METROPOLITAN NASHVILLE POLICE DEPT,20200784329,Davidson,Nashville,12/23/2020 12:10:00 PM,2,0,0,36.202500,-86.820480,BUENA VISTA PKE,,,,0.00,,,W TRINITY LN,,,,0.00,Y,T-Intersection,N,Intersection,None,,,         ,James,Wray,Cloudy,Angle,no,no,no,no,no,False
102863575,METROPOLITAN NASHVILLE POLICE DEPT,20200784200,Davidson,Antioch,12/23/2020 1:00:00 PM,2,0,0,36.016700,-86.618640,FIRESTONE PKWY,,,,372.00,Feet,East,OLD HICKORY BLVD,,,,0.00,N,Not at Intersection, ,Non-Junction,None,,,         ,Lynsey,Fish,Clear,Angle,no,no,no,no,no,False
102863609,METROPOLITAN NASHVILLE POLICE DEPT,20200784433,Davidson,Nashville,12/23/2020 2:30:00 PM,2,1,0,36.206780,-86.781010,W TRINITY LN,,,,0.00,,,SCRUGGS LN,,,,0.00,Y,T-Intersection,N,Intersection,None,,,         ,Royce,McLester,,Angle,no,no,no,no,no,False
102863628,METROPOLITAN NASHVILLE POLICE DEPT,20200784453,Davidson,Nashville,12/23/2020 2:10:00 PM,3,1,0,36.131380,-86.896780,CHARLOTTE PKE,,,,35.00,Feet,East,I40 E EXT RAMP,,,,0.00,N,Not at Intersection,N,Non-Junction,None,,,         ,Brian,DeMarce,,Angle,no,no,no,no,yes,False
102863629,METROPOLITAN NASHVILLE POLICE DEPT,20200784381,Davidson,Antioch,12/23/2020 1:40:00 PM,2,0,0,36.012890,-86.620850,I24 E EXT RAMP,,,,0.00,,,I 24,,,,0.00,Y,T-Intersection, ,Intersection,None,,,         ,Cooper,HIll,Clear,Front to Rear,no,no,no,no,no,False
102863632,METROPOLITAN NASHVILLE POLICE DEPT,20200784494,Davidson,Nashville,12/23/2020 2:55:00 PM,2,0,0,36.171430,-86.769040,INTERSTATE DR,,,,0.00,,,JAMES ROBERTSON PKWY,,,,0.00,Y,OTHER, ,,None,,,         ,Trevor,Taylor,,,no,no,no,no,no,False
102863633,METROPOLITAN NASHVILLE POLICE DEPT,20200784507,Davidson,Nashville,12/23/2020 1:07:00 PM,2,0,0,36.150110,-86.768820,MCCANN ST,,,,0.00,Feet,,3RD AVS,,,,0.00,Y,T-Intersection,N,Intersection-Related,None,,,         ,Edward,Starke,Cloudy,Angle,no,no,no,no,yes,False
102863637,METROPOLITAN NASHVILLE POLICE DEPT,20200784557,Davidson,Nashville,12/23/2020 3:45:00 PM,2,0,0,36.153910,-86.788320,I 40,,,,0.00,Feet,East,DEMONBREUN ST,,,,0.00,N,Not at Intersection,N,Non-Junction,None,,,         ,Samuel,Sundra,,Front to Rear,no,no,no,no,yes,False
102863645,METROPOLITAN NASHVILLE POLICE DEPT,20200784535,Davidson,Nashville,12/23/2020 3:10:00 PM,2,0,0,36.070290,-86.684540,ANTIOCH PKE,,,,0.00,,,HAYWOOD LN,,,,0.00,Y,T-Intersection, ,Intersection,None,,,         ,Cressie,Prill,Cloudy,"Sideswipe, Same Direction",no,no,no,no,yes,False
102863651,GOODLETTSVILLE POLICE DEPT,20-37449,Davidson,Goodlettsville,12/23/2020 3:34:00 PM,3,1,0,36.309290,-86.703370,I 65,,,,0.00,,,,,,,96.00,N,Not at Intersection,N,Non-Junction,None,,,         ,Daniel,Knalls,Cloudy,Front to Rear,no,no,no,no,no,False
102863655,METROPOLITAN NASHVILLE POLICE DEPT,2020-0784495,Davidson,Nashville,12/23/2020 3:05:00 PM,1,0,0,36.224380,-86.774540,I 65,,,,0.00,,,,,,,88.55,N,Not at Intersection, ,OtherLocation,None,,,         ,Brandon,Wood,,Not Collision with Motor Vehicle in Transport,no,no,no,no,no,False
102863656,METROPOLITAN NASHVILLE POLICE DEPT,20200784562,Davidson,Not in City Limit,12/23/2020 3:45:00 PM,2,0,0,36.002790,-86.697220,HIGH POINT TER,,,,9.00,Feet,East,NOLENSVILLE PKE,,,,0.00,N,Not at Intersection, ,Non-Junction,None,,,         ,Nadine,Klemenz,Clear,"Sideswipe, Same Direction",no,no,no,no,no,False
102863657,METROPOLITAN NASHVILLE POLICE DEPT,20200784596,Davidson,Nashville,12/23/2020 4:12:00 PM,1,1,0,36.028220,-86.666100,PETTUS RD,,,,804.00,Feet,West,LIGHTWOOD DR,,,,0.00,N,Not at Intersection,N,Non-Junction,None,,,         ,Edward,Starke,Cloudy,Not Collision with Motor Vehicle in Transport,no,no,no,yes,no,False
102863659,METROPOLITAN NASHVILLE POLICE DEPT,20200784544,Davidson,Nashville,12/23/2020 3:10:00 PM,3,0,0,36.163460,-86.761930,I24 W EXT RAMP,,,,0.00,Feet,East,I 24,,,,0.00,N,Not at Intersection,N,Non-Junction,None,,,         ,Christopher,Beery,,Angle,no,no,no,no,yes,False
102863662,METROPOLITAN NASHVILLE POLICE DEPT,20200784582,Davidson,Nashville,12/23/2020 3:36:00 PM,2,0,0,36.104800,-86.814590,RICHARD JONES RD,,,,0.00,,,US HWY 431,,,,0.00,Y,Four-Way, ,Intersection-Related,None,,,         ,Sekou,Samassi,,Front to Rear,no,no,no,no,no,False
102863670,METROPOLITAN NASHVILLE POLICE DEPT,20200784633,Davidson,Not in City Limit,12/23/2020 4:34:00 PM,1,0,0,36.074820,-87.014850,MCCRORY LN,,,,1151.00,Feet,East,I40 E ENT RAMP,,,,0.00,N,Not at Intersection,N,Non-Junction,None,,,         ,Wesley,Tilley,,Not Collision with Motor Vehicle in Transport,no,no,no,no,no,False
102863680,METROPOLITAN NASHVILLE POLICE DEPT,20200784451,Davidson,Nashville,12/23/2020 2:27:00 PM,1,0,0,36.237660,-86.742620,I65 N ENT RAMP,,,,0.00,,,ELLINGTON PKWYN,,,,0.00,Y,OTHER,N,Non-Junction,None,,,         ,Zachary,Aldrich,,Not Collision with Motor Vehicle in Transport,no,no,no,no,no,False
102863687,METROPOLITAN NASHVILLE POLICE DEPT,20200784578,Davidson,Nashville,12/23/2020 4:02:00 PM,4,1,0,36.205890,-86.768610,E TRINITY LN,,,,0.00,Feet,East,DICKERSON PKE,,,,0.00,N,Not at Intersection,N,Non-Junction,None,,,         ,Ryan,Coll,,Angle,no,no,no,no,no,False
102863689,METROPOLITAN NASHVILLE POLICE DEPT,20200784670,Davidson,Nashville,12/23/2020 4:20:00 PM,2,0,0,36.045530,-86.658570,BELL RD,,,,36.00,Feet,West,I24 W EXT RAMP,,,,0.00,N,Not at Intersection,N,Non-Junction,None,,,         ,Nadine,Klemenz,Clear,"Sideswipe, Same Direction",no,no,no,no,yes,False
102863695,METROPOLITAN NASHVILLE POLICE DEPT,20200784701,Davidson,Nashville,12/23/2020 4:48:00 PM,2,0,0,36.046050,-86.659230,I24 W ENT RAMP,,,,0.00,Feet,East,I 24,,,,0.00,N,Not at Intersection, ,Non-Junction,None,,,         ,Edward,Starke,Cloudy,Front to Rear,no,no,no,no,no,False