master_record_number,agency,agency_tracking_number,county,city,collision_date,vehicles_involved,number_injured,number_dead,latitude,longitude,roadway_name,roadway_suffix,roadway_number,roadway_local_id,distance_from_reference,miles-feet_indicator,direction_from_reference,intersection_road_name,intersection_road_name_suffix,intersection_road_number,intersection_local_id,mile_marker,intersection_indicator,intersect_type,interchange_related_indicator,relation_to_junction,work_zone_type,construction_maintenance_zone,construction_maintenance_zone_location,fatal_case_number,officer_first_name,officer_last_name,weather_condition(s),manner_of_crash,pedestrian,bicycle,scooter,parking,hitrun,mou
102865278,METROPOLITAN NASHVILLE POLICE DEPT,20200790079,Davidson,Nashville,12/27/2020 7:10:00 PM,2,1,0,36.079370,-86.632570,EDGE O LAKE DR,,,,0.00,,,BELL RD,,,,0.00,Y,Four-Way,Y,Intersection,None,,,         ,Jarrett,Ipox,,Angle,no,no,no,no,no,False
102865296,METROPOLITAN NASHVILLE POLICE DEPT,20200790120,Davidson,Nashville,12/27/2020 12:00:00 AM,1,0,0,36.103430,-86.666810,MURFREESBORO PKE,,,,120.00,Feet,West,FAIRCLOTH LN,,,,0.00,N,Not at Intersection,N,Non-Junction,None,,,         ,Adam,Gartner,,Not Collision with Motor Vehicle in Transport,no,no,no,no,no,False
102865297,METROPOLITAN NASHVILLE POLICE DEPT,20200790099,Davidson,Nashville,12/27/2020 7:34:00 PM,2,1,0,36.210920,-86.733110,GREENFIELD AV,,,,0.00,,,GALLATIN PKE,,,,0.00,Y,T-Intersection,N,Intersection,None,,,         ,Randy,Puckett,,Angle,no,no,no,no,no,False
102865307,METROPOLITAN NASHVILLE POLICE DEPT,20200789990,Davidson,Nashville,12/27/2020 5:36:00 PM,3,1,0,36.151230,-86.796650,19TH AVS,,,,93.00,Feet,North,BROADWAY,,,,0.00,N,Not at Intersection,N,Non-Junction,None,,,         ,Jacob,Robbins,,Front to Rear,no,no,no,no,no,False
102865315,BRENTWOOD POLICE DEPT,BPD-20-02606,Davidson,Nashville,12/27/2020 4:30:00 PM,2,0,0,36.042370,-86.837420,OLD HICKORY BLVD,,,,11.00,Feet,West,DERBY GLEN LN,,,,0.00,N,Not at Intersection, ,Non-Junction,None,,,         ,Tony,Diaz-Jimenez,Clear,Front to Rear,no,no,no,no,no,False
102865354,METROPOLITAN NASHVILLE POLICE DEPT,20200790462,Davidson,Nashville,12/27/2020 11:54:00 PM,1,0,0,36.105040,-86.702040,CURREY RD,,,,9.00,Feet,East,CATALINA DR,,,,0.00,N,Not at Intersection,N,Non-Junction,None,,,         ,Autumn,Manning,Clear,Not Collision with Motor Vehicle in Transport,no,no,no,no,no,False
102865366,METROPOLITAN NASHVILLE POLICE DEPT,20200790297,Davidson,Nashville,12/27/2020 11:05:00 PM,1,0,0,36.154040,-86.793140,BROADWAY,,,,111.00,Feet,South,WEST END AV,,,,0.00,N,Not at Intersection,N,Non-Junction,None,,,         ,Tim,Le,,Unknown,no,no,no,no,yes,False
102865369,METROPOLITAN NASHVILLE POLICE DEPT,20200790501,Davidson,Not in City Limit,12/28/2020 1:00:00 AM,1,0,0,36.219320,-86.976010,ASHLAND CITY HWY,,,,416.00,Feet,East,BULL RUN RD,,,,0.00,N,Not at Intersection, ,,None,,,         ,Thomas,Clingan,,,no,no,no,no,no,False
102865433,METROPOLITAN NASHVILLE POLICE DEPT,20200790272,Davidson,Nashville,12/27/2020 10:15:00 PM,2,0,0,36.159360,-86.760030,I 24,,,,0.00,,,,,,,49.50,N,Not at Intersection,N,Non-Junction,None,,,         ,Jose,Oliveros,Clear,Angle,no,no,no,no,yes,False
102865475,METROPOLITAN NASHVILLE POLICE DEPT,20200790699,Davidson,Nashville,12/28/2020 6:24:00 AM,2,1,0,36.150350,-86.771490,I 40,,,,0.00,,,,,,,210.35,N,Not at Intersection,N,Non-Junction,None,,,         ,Joseph,Hurst,Clear,Angle,no,no,no,no,no,False
102865476,METROPOLITAN NASHVILLE POLICE DEPT,20200789600,Davidson,Nashville,12/27/2020 10:59:00 AM,2,0,0,36.116390,-86.798210,I 440,,,,0.00,,,,,,,3.35,N,Not at Intersection,Y,Non-Junction,None,,,         ,Michelle,Norris,Clear,Front to Rear,no,no,no,no,no,False
102865478,METROPOLITAN NASHVILLE POLICE DEPT,20200790720,Davidson,Nashville,12/28/2020 6:45:00 AM,1,0,0,36.157420,-86.707660,LEBANON PKE,,,,164.00,Feet,West,GAYLAND CT,,,,0.00,N,Not at Intersection, ,Non-Junction,None,,,         ,Michael,Brooks,,Not Collision with Motor Vehicle in Transport,no,no,no,no,no,False
102865486,METROPOLITAN NASHVILLE POLICE DEPT,20200787492,Davidson,Nashville,12/25/2020 2:00:00 PM,2,1,0,36.153890,-86.625670,PERCY PRIEST DR,,,,11.00,Feet,West,STEWARTS FERRY PKE,,,,0.00,N,Not at Intersection,N,Non-Junction,None,,,         ,MIchael,Mihajlov,,Angle,no,no,no,no,no,False
102865488,METROPOLITAN NASHVILLE POLICE DEPT,20200790790,Davidson,Nashville,12/28/2020 7:43:00 AM,2,0,0,36.153570,-86.788410,14TH AVS,,,,0.00,,,DEMONBREUN ST,,,,0.00,Y,Four-Way, ,Intersection,None,,,         ,Earl,Davis,,"Sideswipe, Same Direction",no,no,no,no,no,False
102865492,METROPOLITAN NASHVILLE POLICE DEPT,20200790702,Davidson,Nashville,12/28/2020 6:30:00 AM,4,1,0,36.041650,-86.652950,I 24,,,,0.00,,,,,,,59.80,N,Not at Intersection,N,Non-Junction,Construction Zone,Work On Shoulder Or Median,Activity Area,         ,Thomas,White,Clear,Front to Rear,no,no,no,no,no,False
102865500,METROPOLITAN NASHVILLE POLICE DEPT,20200790831,Davidson,Nashville,12/28/2020 8:11:00 AM,2,0,0,36.183650,-86.610660,OLD HICKORY BLVD,,,,0.00,,,ANDREW JACKSON PKWY,,,,0.00,Y,Four-Way, ,Non-Junction,None,,,         ,Ian,Hammond,Clear,Front to Rear,no,no,no,no,no,False
102865513,GOODLETTSVILLE POLICE DEPT,20-37718,Davidson,Goodlettsville,12/28/2020 7:00:00 AM,2,0,0,36.295830,-86.726710,ROBERT CARTWRIGHT DR,,,,18.00,Feet,North,DICKERSON PKES,,,,0.00,N,Not at Intersection,N,Non-Junction,None,,,         ,George,Forbes,Clear,Angle,no,no,no,no,no,False
102865525,METROPOLITAN NASHVILLE POLICE DEPT,20200790866,Davidson,Nashville,12/28/2020 8:50:00 AM,2,1,0,36.242450,-86.756870,US HWY 31W,,,,51.00,Feet,South,DOVERSIDE DR,,,,0.00,N,Not at Intersection,N,Non-Junction,None,,,         ,Travis,Baxter,Clear,Front to Rear,no,no,no,no,no,False
102865536,METROPOLITAN NASHVILLE POLICE DEPT,20200788358,Davidson,Nashville,12/26/2020 11:30:00 AM,2,2,0,36.027740,-87.009290,HIGHWAY 100,,,,345.00,Feet,East,OLD HARDING PKE,,,,0.00,N,Not at Intersection,N,Non-Junction,None,,,         ,Gerry,Hutcheson,Cloudy,HeadOn,no,no,no,no,no,False
102865538,METROPOLITAN NASHVILLE POLICE DEPT,20200790952,Davidson,Nashville,12/28/2020 9:54:00 AM,2,0,0,36.136320,-86.800910,21ST AVS,,,,115.00,Feet,South,BELCOURT AV,,,,0.00,N,Not at Intersection, ,Non-Junction,None,,,         ,Earl,Davis,,Angle,no,no,no,no,no,Campus
102865550,GOODLETTSVILLE POLICE DEPT,20-37731,Davidson,Goodlettsville,12/28/2020 10:03:00 AM,2,0,0,36.304750,-86.702660,RIVERGATE PKWY,,,,287.00,Feet,North,RIVERGATE MALL PVTDR,,,,0.00,N,Not at Intersection, ,Non-Junction,None,,,         ,Daniel,Knalls,Clear,"Sideswipe, Same Direction",no,no,no,no,no,False
102865552,METROPOLITAN NASHVILLE POLICE DEPT,20200790950,Davidson,Nashville,12/28/2020 10:00:00 AM,1,1,0,36.138800,-86.939530,RIVER ROAD PKE,,,,707.00,Feet,West,OLD RIVER RD,,,,0.00,N,Not at Intersection,N,Non-Junction,None,,,         ,Curtis,Rich,Cloudy,Not Collision with Motor Vehicle in Transport,no,no,no,no,no,False
102865564,METROPOLITAN NASHVILLE POLICE DEPT,20200790920,Davidson,Nashville,12/24/2020 12:00:00 AM,2,0,0,36.132960,-86.698250,ARBOR CREEK BLVD,,,,20.00,Feet,West,ARBOR CREEK WAY,,,,0.00,N,Not at Intersection, ,Non-Junction,None,,,         ,Taylor,Blackwelder,Clear,Unknown,no,no,no,yes,yes,False
102865572,METROPOLITAN NASHVILLE POLICE DEPT,20200789638,Davidson,Nashville,12/27/2020 12:00:00 PM,2,0,0,36.170830,-86.783140,HARRISON ST,,,,45.00,Feet,West,CRIDDLE ST,,,,0.00,N,Not at Intersection, ,Non-Junction,None,,,         ,Michelle,Norris,Clear,Front to Rear,no,no,no,no,yes,False
102865581,METROPOLITAN NASHVILLE POLICE DEPT,20200791061,Davidson,Goodlettsville,12/28/2020 11:15:00 AM,2,0,0,36.302750,-86.691810,US HWY 31E,,,,0.00,,,CONFERENCE DR,,,,0.00,Y,Four-Way, ,Intersection,None,,,         ,Travis,Baxter,Clear,Front to Rear,no,no,no,no,no,False
102865600,METROPOLITAN NASHVILLE POLICE DEPT,20200790951,Davidson,Nashville,12/28/2020 9:55:00 AM,2,2,0,36.171830,-86.764760,S 5TH ST,,,,2.00,Feet,South,WOODLAND ST,,,,0.00,N,Not at Intersection,N,Non-Junction,None,,,         ,Keegan,Winchell,Clear,Angle,no,no,no,no,no,False
102865607,METROPOLITAN NASHVILLE POLICE DEPT,20200791151,Davidson,Nashville,12/28/2020 12:11:00 PM,1,0,0,36.105480,-86.767180,I 65,,,,0.00,,,I65 N ENT RAMP,,,,0.00,Y,OTHER,Y,Entrance/Exit Ramp Related,None,,,         ,Earl,Davis,,Not Collision with Motor Vehicle in Transport,no,no,no,no,no,False
102865608,METROPOLITAN NASHVILLE POLICE DEPT,20200791139,Davidson,Nashville,12/28/2020 12:16:00 PM,2,0,0,36.153310,-86.853160,I 40,,,,0.00,,,,,,,204.25,N,Not at Intersection, ,Non-Junction,None,,,         ,Curtis,Rich,Clear,Angle,no,no,no,no,no,False
102865613,METROPOLITAN NASHVILLE POLICE DEPT,20200791056,Davidson,Nashville,12/28/2020 11:15:00 AM,2,1,0,36.145530,-86.752530,MURFREESBORO PKE,,,,0.00,,,LESTER AV,,,,0.00,Y,T-Intersection,N,Intersection-Related,None,,,         ,Brian,Sherman,,Front to Rear,no,no,no,no,no,False
102865637,METROPOLITAN NASHVILLE POLICE DEPT,20200791022,Davidson,Nashville,12/28/2020 8:31:00 AM,2,0,0,36.148810,-86.666280,ELM HILL PKE,,,,0.00,Feet,,DONELSON PKE,,,,0.00,Y,Four-Way,N,Intersection,None,,,         ,Mario,Diaz,Clear,Other,no,no,no,no,no,False
102865641,METROPOLITAN NASHVILLE POLICE DEPT,20200791112,Davidson,Nashville,12/28/2020 12:01:00 PM,2,1,0,36.124410,-86.740700,I 440,,,,0.00,,,,,,,6.80,N,Not at Intersection,N,Non-Junction,None,,,         ,Joe,Hooper,,"Sideswipe, Same Direction",no,no,no,no,no,False
102865648,METROPOLITAN NASHVILLE POLICE DEPT,20200791201,Davidson,Nashville,12/28/2020 1:14:00 PM,2,0,0,36.155300,-86.802230,20TH AVN,,,,0.00,,,PATTERSON ST,,,,0.00,Y,Four-Way,N,Intersection,None,,,         ,Earl,Davis,,Angle,no,no,no,no,no,False
102865665,METROPOLITAN NASHVILLE POLICE DEPT,20200791200,Davidson,Nashville,12/28/2020 12:36:00 PM,2,1,0,36.123150,-86.806760,HILLSBORO PKE,,,,66.00,Feet,South,I440 W EXT RAMP,,,,0.00,N,Not at Intersection,N,Non-Junction,None,,,         ,Douglas,Atwood,Clear,Front to Rear,no,no,no,no,no,False
102865690,METROPOLITAN NASHVILLE POLICE DEPT,20200791105,Davidson,Nashville,12/28/2020 11:04:00 AM,2,0,0,36.183740,-86.775070,I 24,,,,0.00,,,,,,,47.35,N,Not at Intersection, ,Non-Junction,None,,,         ,Megan,Lamon,,Front to Rear,no,no,no,no,yes,False
102865701,METROPOLITAN NASHVILLE POLICE DEPT,20200787515,Davidson,Not in City Limit,12/25/2020 12:00:00 AM,1,1,0,36.323860,-86.867290,I 24,,,,0.00,,,,,,,35.00,N,Not at Intersection,N,Non-Junction,None,,,         ,Melvin,Taylor,,Not Collision with Motor Vehicle in Transport,no,no,no,no,no,False
102865702,METROPOLITAN NASHVILLE POLICE DEPT,20200791270,Davidson,Nashville,12/28/2020 2:10:00 PM,2,1,0,36.151270,-86.691610,ELM HILL PKE,,,,0.00,Feet,,BRILEY PKWYN,,,,0.00,Y,T-Intersection,N,Intersection,None,,,         ,Patrick,Lancaster,,Front to Rear,no,no,no,no,no,False
102865703,METROPOLITAN NASHVILLE POLICE DEPT,2020-0788789,Davidson,Not in City Limit,12/26/2020 6:35:00 PM,3,0,0,36.263440,-86.675460,STATE RT 45,,,,0.00,Feet,North,OLD HICKORY BLVD,,,,0.00,N,Not at Intersection,N,Non-Junction,None,,,         ,Spencer,Arroyo,Clear,Front to Rear,no,no,no,no,no,False
102865705,METROPOLITAN NASHVILLE POLICE DEPT,20200791225,Davidson,Nashville,12/26/2020 8:00:00 AM,2,0,0,36.211000,-86.838930,NORTHSIDE STATION PVTDR,,,,0.00,,,CLARKSVILLE PKE,,,,0.00,Y,Four-Way,N,Intersection,Work Zone,Work On Shoulder Or Median,Activity Area,         ,Justen,Ogle,,Angle,no,no,no,no,yes,False
102865708,METROPOLITAN NASHVILLE POLICE DEPT,20200791239,Davidson,Nashville,12/28/2020 1:39:00 PM,1,0,0,36.191690,-86.744890,GALLATIN AV,,,,402.00,Feet,South,DOUGLAS AV,,,,0.00,N,Not at Intersection,N,Non-Junction,None,,,         ,Wade,Johnson,Clear,Not Collision with Motor Vehicle in Transport,no,no,no,no,no,False
102865713,METROPOLITAN NASHVILLE POLICE DEPT,20200791286,Davidson,Nashville,12/28/2020 2:36:00 PM,1,2,0,36.059270,-86.645270,RURAL HILL RD,,,,891.00,Feet,South,HICKORY HIGHLANDS DR,,,,0.00,N,Not at Intersection,N,Non-Junction,None,,,         ,Michael,Moss,Clear,Not Collision with Motor Vehicle in Transport,no,no,no,no,yes,False
102865729,METROPOLITAN NASHVILLE POLICE DEPT,20200791346,Davidson,Nashville,12/28/2020 2:40:00 PM,2,0,0,36.091360,-86.828510,HARDING PL,,,,0.00,,,HILLSBORO PKE,,,,0.00,Y,Four-Way, ,Intersection-Related,None,,,         ,Douglas,Sykes,,"Sideswipe, Same Direction",no,no,no,no,no,False
102865737,METROPOLITAN NASHVILLE POLICE DEPT,20200791341,Davidson,Nashville,12/28/2020 1:59:00 PM,2,0,0,36.068850,-86.719880,NOLENSVILLE PKE,,,,327.00,Feet,North,HAYWOOD LN,,,,0.00,N,Not at Intersection, ,Non-Junction,None,,,         ,John,McDonnell,,Front to Rear,no,no,no,no,no,False
102865751,METROPOLITAN NASHVILLE POLICE DEPT,20200791349,Davidson,Nashville,12/28/2020 1:15:00 PM,2,0,0,36.166960,-86.759540,S 6TH ST,,,,108.00,Feet,South,SYLVAN ST,,,,0.00,N,Not at Intersection,N,Non-Junction,None,,,         ,Jonathan,Foote,,Front to Rear,no,no,no,no,yes,False
102865754,METROPOLITAN NASHVILLE POLICE DEPT,20200791458,Davidson,Nashville,12/28/2020 4:28:00 PM,2,0,0,36.234630,-86.717670,BRILEY PKWYW,,,,769.00,Feet,West,BRUSH HILL RD,,,,0.00,N,Not at Intersection,N,Non-Junction,None,,,         ,Christopher,Littles,,"Sideswipe, Same Direction",no,no,no,no,yes,False
102865755,METROPOLITAN NASHVILLE POLICE DEPT,20200791351,Davidson,Nashville,12/28/2020 3:20:00 PM,2,0,0,36.153640,-86.756600,I 40,,,,0.00,,,,,,,211.20,N,Not at Intersection,N,Non-Junction,None,,,         ,Derek,Sibley,,"Sideswipe, Same Direction",no,no,no,no,yes,False
102865761,METROPOLITAN NASHVILLE POLICE DEPT,20200791380,Davidson,Nashville,12/28/2020 3:35:00 PM,2,1,0,36.074260,-86.921700,HIGHWAY 70S,,,,87.00,Feet,East,OLD HARDING PKE,,,,0.00,N,Not at Intersection,N,Non-Junction,None,,,         ,William,Vanbergen,Clear,Front to Rear,no,no,no,no,no,False
102865765,METROPOLITAN NASHVILLE POLICE DEPT,20200791473,Davidson,Nashville,12/28/2020 4:40:00 PM,2,0,0,36.179910,-86.800460,I 65,,,,0.00,,,,,,,85.00,N,Not at Intersection, ,Non-Junction,None,,,         ,Gabriel,Vasquez,Clear,Front to Rear,no,no,no,no,no,False
102865767,METROPOLITAN NASHVILLE POLICE DEPT,20200791316,Davidson,Nashville,12/28/2020 2:55:00 PM,3,2,0,36.190260,-86.790310,I 65,,,,0.00,,,,,,,85.70,N,Not at Intersection,N,Non-Junction,None,,,         ,Nicholas,Berry,Clear,Front to Rear,no,no,no,no,no,False
102865772,METROPOLITAN NASHVILLE POLICE DEPT,20200791446,Davidson,Nashville,12/28/2020 4:20:00 PM,2,1,0,36.182020,-86.607970,OLD HICKORY BLVD,,,,61.00,Feet,South,ANDREW JACKSON WAY,,,,0.00,N,Not at Intersection,N,Non-Junction,None,,,         ,Heather,Fox,,Front to Rear,no,no,no,no,no,False
102865777,BERRY HILL POLICE DEPT,20-4643,Davidson,Berry Hill,12/28/2020 12:00:00 AM,2,0,0,36.123070,-86.776030,FRANKLIN PKE,,,,192.00,Feet,North,BILOXI AV,,,,0.00,N,Not at Intersection, ,Non-Junction,None,,,         ,John,Gleixner,Clear,Front to Rear,no,no,no,no,no,False
102865779,METROPOLITAN NASHVILLE POLICE DEPT,20200791522,Davidson,Nashville,12/28/2020 4:42:00 PM,2,0,0,36.143790,-86.738340,I 40,,,,0.00,,,,,,,212.60,N,Not at Intersection, ,Non-Junction,None,,,         ,Jason,Milyaro Lucas,,Front to Rear,no,no,no,no,yes,False
102865784,METROPOLITAN NASHVILLE POLICE DEPT,20200791301,Davidson,Nashville,12/28/2020 2:46:00 PM,4,0,0,36.174460,-86.770770,I 24,,,,0.00,,,,,,,48.10,N,Not at Intersection,N,Non-Junction,None,,,         ,Nicholas,Silinsky,,Front to Rear,no,no,no,no,no,False
102865793,METROPOLITAN NASHVILLE POLICE DEPT,20200791511,Davidson,Not in City Limit,12/28/2020 5:10:00 PM,3,5,0,36.278200,-86.771980,OLD HICKORY BLVD,,,,0.00,,,DALEMERE DR,,,,0.00,Y,T-Intersection,N,Intersection,None,,,         ,Christopher,Littles,,Angle,no,no,no,no,no,False
102865803,METROPOLITAN NASHVILLE POLICE DEPT,20200791390,Davidson,Nashville,12/28/2020 3:48:00 PM,2,0,0,36.150860,-86.749970,I 40,,,,0.00,,,,,,,211.60,N,Not at Intersection, ,Non-Junction,None,,,         ,Douglas,Mann,Clear,Front to Rear,no,no,no,no,no,False
102865816,METROPOLITAN NASHVILLE POLICE DEPT,20200791514,Davidson,Nashville,12/28/2020 5:13:00 PM,2,1,0,36.198590,-86.776410,I 65,,,,0.00,,,,,,,86.80,N,Not at Intersection,N,Non-Junction,None,,,         ,Gabriel,Centeno,,Front to Rear,no,no,no,no,no,False
102865825,METROPOLITAN NASHVILLE POLICE DEPT,20200791635,Davidson,Nashville,12/28/2020 3:06:00 PM,2,0,0,36.128200,-86.767130,BRANSFORD AV,,,,0.00,Feet,East,MOSS DR,,,,0.00,N,Not at Intersection, ,Non-Junction,Construction Zone,,,         ,Douglas,Sykes,,"Sideswipe, Same Direction",no,no,no,no,no,False
102865829,METROPOLITAN NASHVILLE POLICE DEPT,20200791379,Davidson,Nashville,12/28/2020 3:40:00 PM,2,0,0,36.050730,-86.646910,BELL RD,,,,0.00,,,HICKORY HOLLOW TER,,,,0.00,Y,Four-Way,N,Intersection,None,,,         ,Tyler,Shanks,,Angle,no,no,no,no,no,False
102865837,METROPOLITAN NASHVILLE POLICE DEPT,20200791590,Davidson,Nashville,12/28/2020 6:15:00 PM,2,0,0,36.154310,-86.857780,BRILEY PKWY S EXT RAMP,,,,0.00,Feet,East,BRILEY PKWYS,,,,0.00,N,Not at Intersection,Y,Non-Junction,None,,,         ,Ryan,Malone,Clear,Angle,no,no,no,no,no,False
102865839,METROPOLITAN NASHVILLE POLICE DEPT,20200791603,Davidson,Nashville,12/28/2020 6:15:00 PM,1,0,0,36.142640,-86.627120,BELL RD,,,,603.00,Feet,North,ELM HILL PKE,,,,0.00,N,Not at Intersection,N,Non-Junction,None,,,         ,Michael,Fox,,Not Collision with Motor Vehicle in Transport,no,no,no,no,no,False
102865842,METROPOLITAN NASHVILLE POLICE DEPT,20200791601,Davidson,Nashville,12/28/2020 5:45:00 PM,2,0,0,36.186600,-86.819210,CLARKSVILLE PKE,,,,156.00,Feet,West,26TH AVN,,,,0.00,N,Not at Intersection, ,Non-Junction,None,,,         ,Jonathan,Sharp,,"Sideswipe, Opposite Direction",no,no,no,no,no,False
102865843,METROPOLITAN NASHVILLE POLICE DEPT,20200791621,Davidson,Nashville,12/28/2020 6:36:00 PM,2,3,0,36.103580,-86.666520,OLD MURFREESBORO PIKE,,,,0.00,,,FAIRCLOTH LN,,,,0.00,Y,Four-Way,Y,Intersection-Related,None,,,         ,Melina,Tamborella,Clear,Angle,no,no,no,no,no,False
102865859,METROPOLITAN NASHVILLE POLICE DEPT,20200791602,Davidson,Nashville,12/28/2020 5:48:00 PM,2,0,0,36.155220,-86.764780,HERMITAGE AV,,,,0.00,,,ROLLING MILL HILL GRNWY,,,,0.00,Y,T-Intersection, ,Intersection-Related,None,,,         ,Trevor,Taylor,Clear,"Sideswipe, Same Direction",no,no,no,no,no,False
102865863,METROPOLITAN NASHVILLE POLICE DEPT,20200791670,Davidson,Nashville,12/28/2020 6:59:00 PM,2,1,0,36.150150,-86.857950,CHARLOTTE PKE,,,,0.00,,,WHITE BRIDGE PKE,,,,0.00,Y,Four-Way,N,Intersection,None,,,         ,Andrew,McCarron,Clear,Angle,no,no,no,no,no,False
102865875,METROPOLITAN NASHVILLE POLICE DEPT,20200791281,Davidson,Nashville,12/28/2020 12:00:00 AM,2,1,0,36.103620,-86.666480,OLD MURFREESBORO PKE,,,,0.00,,,FAIRCLOTH LN,,,,0.00,Y,OTHER,N,Intersection,None,,,         ,Adam,Gartner,,Angle,no,no,no,no,no,False
102865887,METROPOLITAN NASHVILLE POLICE DEPT,20200791418,Davidson,Nashville,12/28/2020 4:06:00 PM,4,3,0,36.032350,-86.712780,NOLENSVILLE PKE,,,,430.00,Feet,South,BARNES RD,,,,0.00,N,Not at Intersection,N,Non-Junction,None,,,         ,Edward,Starke,,Front to Rear,no,no,no,no,no,False
102865893,METROPOLITAN NASHVILLE POLICE DEPT,20200791542,Davidson,Nashville,12/28/2020 5:26:00 PM,3,0,0,36.140280,-86.879060,CHARLOTTE PKE,,,,68.00,Feet,East,RUSSLEO DR,,,,0.00,N,Not at Intersection,N,Non-Junction,None,,,         ,Adam,Reese,Clear,Front to Rear,no,no,no,no,no,False
102865908,METROPOLITAN NASHVILLE POLICE DEPT,20200791660,Davidson,Goodlettsville,12/28/2020 7:00:00 PM,2,0,0,36.305800,-86.693750,CONFERENCE DR,,,,47.00,Feet,South,RIVERGATE MALL PVTDR,,,,0.00,N,Not at Intersection, ,Non-Junction,None,,,         ,Kyle,Lund,,Front to Rear,no,no,no,no,no,False
102865914,METROPOLITAN NASHVILLE POLICE DEPT,20200791788,Davidson,Nashville,12/28/2020 8:58:00 PM,2,1,0,36.037710,-86.784820,OLD HICKORY BLVD,,,,0.00,,,I65 S EXT RAMP,,,,0.00,Y,T-Intersection,N,Intersection,None,,,         ,John,McDonnell,,Front to Rear,no,no,no,no,yes,False
102865920,METROPOLITAN NASHVILLE POLICE DEPT,20200791783,Davidson,Not in City Limit,12/28/2020 7:55:00 PM,1,0,0,36.111930,-86.930210,CHARLOTTE PKE,,,,224.00,Feet,West,CHARLOTTE PKE PVTDR,,,,0.00,N,Not at Intersection, ,Non-Junction,None,,,         ,Adam,Reese,Clear,Not Collision with Motor Vehicle in Transport,no,no,no,no,no,False
102865926,METROPOLITAN NASHVILLE POLICE DEPT,20200791309,Davidson,Nashville,12/28/2020 2:50:00 PM,2,1,0,36.233140,-86.758660,MAPLEWOOD TRC,,,,0.00,Feet,,DICKERSON PKE,,,,0.00,Y,Four-Way,N,Intersection,None,,,         ,Wade,Johnson,,HeadOn,no,no,no,no,no,False
102865929,METROPOLITAN NASHVILLE POLICE DEPT,20200791694,Davidson,Nashville,12/28/2020 7:30:00 PM,2,1,0,36.200550,-86.620930,OLD HICKORY BLVD,,,,0.00,Feet,West,PLANTATION DR,,,,0.00,N,Not at Intersection,N,Non-Junction,None,,,         ,Tyler,Hall,,Angle,no,no,no,no,no,False
102865933,METROPOLITAN NASHVILLE POLICE DEPT,20200791730,Davidson,Nashville,12/28/2020 6:22:00 PM,2,0,0,36.126900,-86.709980,THOMPSON PL,,,,305.00,Feet,East,US HWY 41,,,,0.00,N,Not at Intersection,N,Non-Junction,None,,,         ,Melina,Tamborella,Clear,Angle,no,no,no,no,no,False
102865934,METROPOLITAN NASHVILLE POLICE DEPT,20200791766,Davidson,Nashville,12/28/2020 7:00:00 PM,2,0,0,36.138870,-86.819590,WEST END AV,,,,225.00,Feet,South,ORLEANS DR,,,,0.00,N,Not at Intersection,N,Non-Junction,None,,,         ,Josh,Lauton,Clear,Front to Rear,no,no,no,no,no,False
102865941,METROPOLITAN NASHVILLE POLICE DEPT,20200791494,Davidson,Nashville,12/28/2020 1:30:00 PM,2,0,0,36.111940,-86.754400,EUGENIA AV,,,,313.00,Feet,North,THOMPSON LN,,,,0.00,N,Not at Intersection, ,Non-Junction,None,,,         ,Ebony,Brown,,Rear to Side,no,no,no,no,yes,False
102865953,METROPOLITAN NASHVILLE POLICE DEPT,20200791944,Davidson,Nashville,12/28/2020 12:00:00 AM,2,1,0,36.193330,-86.830680,CLARKSVILLE PKE,,,,198.00,Feet,East,S HAMILTON RD,,,,0.00,N,Not at Intersection,N,Non-Junction,None,,,         ,Joshua,Asbell,,Angle,no,no,no,no,yes,False
102865970,METROPOLITAN NASHVILLE POLICE DEPT,20200787995,Davidson,Nashville,12/26/2020 1:20:00 AM,3,1,0,36.031520,-86.639850,I 24,,,,0.00,,,,,,,60.85,N,Not at Intersection,N,Non-Junction,None,,,         ,Scarlett,Collins,,Front to Rear,no,no,no,no,yes,False
102865983,METROPOLITAN NASHVILLE POLICE DEPT,20200787968,Davidson,Nashville,12/26/2020 12:35:00 AM,2,0,0,36.117470,-86.719230,OLD GLENROSE AV,,,,51.00,Feet,West,MILL CREEK THOMPSON LN GREENWA,,,,0.00,N,Not at Intersection,N,Non-Junction,None,,,         ,Jonathan,Handley,,Front to Rear,no,no,no,no,yes,False
102865986,VANDERBILT UNIVERSITY POLICE,20200787962,Davidson,Nashville,12/25/2020 11:59:00 PM,1,0,0,36.138840,-86.800590,21ST AVS,,,,0.00,Feet,East,CAPERS AV,,,,0.00,N,Not at Intersection,N,"Driveway, Alley Access, etc",None,,,         ,Seth,Strain,Clear,Not Collision with Motor Vehicle in Transport,no,no,no,yes,yes,Campus
102865996,METROPOLITAN NASHVILLE POLICE DEPT,20200790223,Davidson,Nashville,12/27/2020 9:40:00 PM,3,1,0,36.206780,-86.781010,W TRINITY LN,,,,0.00,Feet,North,SCRUGGS LN,,,,0.00,N,Not at Intersection,N,Non-Junction,None,,,         ,Alec,Pellissier,,Front to Rear,no,no,no,no,yes,False